permit_id,water_meter_no,date,total_allo,sw_allo,gw_allo,total_metered_allo,sw_metered_allo,gw_metered_allo,total_usage,sw_allo_usage,gw_allo_usage
2000.382.V1,1322,2015-06-30,8550.0,0.0,8550.0,8550.0,0.0,8550.0,4352.796500194913,0.0,4352.796500194913
2000.382.V1,1322,2016-06-30,8550.0,0.0,8550.0,8550.0,0.0,8550.0,6778.046695787962,0.0,6778.046695787962
2000.382.V1,1322,2017-06-30,8550.0,0.0,8550.0,8550.0,0.0,8550.0,3234.9573972771414,0.0,3234.9573972771414
2000.382.V1,1322,2018-06-30,8550.0,0.0,8550.0,8550.0,0.0,8550.0,2047.329202112457,0.0,2047.329202112457
2000.382.V1,1322,2019-06-30,8550.0,0.0,8550.0,0.0,0.0,0.0,,,
2000.382.V1,1322,2020-06-30,8550.0,0.0,8550.0,0.0,0.0,0.0,,,
2000.382.V1,1322,2021-06-30,8550.0,0.0,8550.0,0.0,0.0,0.0,,,
2000.388,1300,2015-06-30,13500.0,0.0,13500.0,0.0,0.0,0.0,,,
2000.388,1300,2016-06-30,13500.0,0.0,13500.0,0.0,0.0,0.0,,,
2000.388,1300,2017-06-30,13500.0,0.0,13500.0,13500.0,0.0,13500.0,4928.6,0.0,4928.6
2000.388,1300,2018-06-30,13500.0,0.0,13500.0,13500.0,0.0,13500.0,11452.299999999967,0.0,11452.299999999967
2000.388,1300,2019-06-30,13500.0,0.0,13500.0,13500.0,0.0,13500.0,3869.699999999934,0.0,3869.699999999934
2000.388,1300,2020-06-30,13500.0,0.0,13500.0,13500.0,0.0,13500.0,1943.7,0.0,1943.7
2000.388,1300,2021-06-30,13500.0,0.0,13500.0,13500.0,0.0,13500.0,2785.7,0.0,2785.7
2001.122,1158,2015-06-30,90000.0,0.0,90000.0,0.0,0.0,0.0,,,
2001.122,1158,2016-06-30,90000.0,0.0,90000.0,90000.0,0.0,90000.0,6882.0,0.0,6882.0
2001.122,1158,2017-06-30,90000.0,0.0,90000.0,90000.0,0.0,90000.0,16749.0,0.0,16749.0
2001.122,1158,2018-06-30,90000.0,0.0,90000.0,90000.0,0.0,90000.0,22940.021934196,0.0,22940.021934196
2001.122,1158,2019-06-30,90000.0,0.0,90000.0,90000.0,0.0,90000.0,47782.036659408,0.0,47782.036659408
2001.122,1158,2020-06-30,90000.0,0.0,90000.0,90000.0,0.0,90000.0,57965.94140626,0.0,57965.94140626
2001.122,1158,2021-06-30,90000.0,0.0,90000.0,90000.0,0.0,90000.0,71044.3333333,0.0,71044.3333333
2001.791.V1,114,2015-06-30,399000.0,0.0,399000.0,399000.0,0.0,399000.0,165958.82,0.0,165958.82
2001.791.V1,114,2016-06-30,399000.0,0.0,399000.0,399000.0,0.0,399000.0,191396.05,0.0,191396.05
2001.791.V1,114,2017-06-30,399000.0,0.0,399000.0,399000.0,0.0,399000.0,154294.12,0.0,154294.12
2001.791.V1,114,2018-06-30,399000.0,0.0,399000.0,399000.0,0.0,399000.0,165132.51999999728,0.0,165132.51999999728
2001.791.V1,114,2019-06-30,399000.0,0.0,399000.0,399000.0,0.0,399000.0,137634.33,0.0,137634.33
2001.791.V1,114,2020-06-30,399000.0,0.0,399000.0,399000.0,0.0,399000.0,31719.32,0.0,31719.32
2001.791.V1,114,2021-06-30,399000.0,0.0,399000.0,399000.0,0.0,399000.0,0.0,0.0,0.0
2001.953,1327,2015-06-30,33766.0,0.0,33766.0,33766.0,0.0,33766.0,0.0,0.0,0.0
2001.953,1327,2016-06-30,33766.0,0.0,33766.0,0.0,0.0,0.0,,,
2001.953,1327,2017-06-30,33766.0,0.0,33766.0,0.0,0.0,0.0,,,
2001.953,1327,2018-06-30,33766.0,0.0,33766.0,33766.0,0.0,33766.0,657.9344262112312,0.0,657.9344262112312
2001.953,1327,2019-06-30,33766.0,0.0,33766.0,33766.0,0.0,33766.0,130.9672131111313,0.0,130.9672131111313
2001.953,1327,2020-06-30,33766.0,0.0,33766.0,33766.0,0.0,33766.0,82.0983606534731,0.0,82.0983606534731
2001.953,1327,2021-06-30,33766.0,0.0,33766.0,33766.0,0.0,33766.0,0.0,0.0,0.0
2001.953,1545,2015-06-30,33766.0,0.0,33766.0,0.0,0.0,0.0,,,
2001.953,1545,2016-06-30,33766.0,0.0,33766.0,33766.0,0.0,33766.0,0.0,0.0,0.0
2001.953,1545,2017-06-30,33766.0,0.0,33766.0,33766.0,0.0,33766.0,0.0,0.0,0.0
2001.953,1545,2018-06-30,33766.0,0.0,33766.0,33766.0,0.0,33766.0,0.112264705879238,0.0,0.112264705879238
2001.953,1545,2019-06-30,33766.0,0.0,33766.0,33766.0,0.0,33766.0,0.0197352941171014,0.0,0.0197352941171014
2001.953,1545,2020-06-30,33766.0,0.0,33766.0,0.0,0.0,0.0,,,
2001.953,1545,2021-06-30,33766.0,0.0,33766.0,0.0,0.0,0.0,,,
2002.159.V1,219,2015-06-30,402408.0,0.0,402408.0,402408.0,0.0,402408.0,16696.0,0.0,16696.0
2002.159.V1,219,2016-06-30,402408.0,0.0,402408.0,402408.0,0.0,402408.0,273.0,0.0,273.0
2002.159.V1,219,2017-06-30,402408.0,0.0,402408.0,402408.0,0.0,402408.0,3138.0,0.0,3138.0
2002.159.V1,219,2018-06-30,402408.0,0.0,402408.0,402408.0,0.0,402408.0,0.0,0.0,0.0
2002.159.V1,219,2019-06-30,402408.0,0.0,402408.0,402408.0,0.0,402408.0,58271.8,0.0,58271.8
2002.159.V1,219,2020-06-30,402408.0,0.0,402408.0,402408.0,0.0,402408.0,305423.0,0.0,305423.0
2002.159.V1,219,2021-06-30,402408.0,0.0,402408.0,402408.0,0.0,402408.0,380071.5,0.0,380071.5
2002.336,415,2015-06-30,39732.0,0.0,39732.0,39732.0,0.0,39732.0,8.842,0.0,8.842
2002.336,415,2016-06-30,39732.0,0.0,39732.0,39732.0,0.0,39732.0,20.39,0.0,20.39
2002.336,415,2017-06-30,39732.0,0.0,39732.0,39732.0,0.0,39732.0,49.38,0.0,49.38
2002.336,415,2018-06-30,39732.0,0.0,39732.0,39732.0,0.0,39732.0,16.81,0.0,16.81
2002.336,415,2019-06-30,39732.0,0.0,39732.0,39732.0,0.0,39732.0,0.54,0.0,0.54
2002.336,415,2020-06-30,39732.0,0.0,39732.0,39732.0,0.0,39732.0,14.18999999960757,0.0,14.18999999960757
2002.336,415,2021-06-30,39732.0,0.0,39732.0,39732.0,0.0,39732.0,1.86,0.0,1.86
2002.427.V1,254,2015-06-30,237351.0,0.0,237351.0,237351.0,0.0,237351.0,112.0,0.0,112.0
2002.427.V1,254,2016-06-30,237351.0,0.0,237351.0,237351.0,0.0,237351.0,100641.0,0.0,100641.0
2002.427.V1,254,2017-06-30,237351.0,0.0,237351.0,237351.0,0.0,237351.0,60803.0,0.0,60803.0
2002.427.V1,254,2018-06-30,237351.0,0.0,237351.0,237351.0,0.0,237351.0,86950.0,0.0,86950.0
2002.427.V1,254,2019-06-30,237351.0,0.0,237351.0,237351.0,0.0,237351.0,56823.5,0.0,56823.5
2002.427.V1,254,2020-06-30,237351.0,0.0,237351.0,237351.0,0.0,237351.0,4043.6999999996997,0.0,4043.6999999996997
2002.427.V1,254,2021-06-30,237351.0,0.0,237351.0,237351.0,0.0,237351.0,59216.29999990463,0.0,59216.29999990463
2002.798,297,2015-06-30,13500.0,0.0,13500.0,13500.0,0.0,13500.0,15503.52,0.0,15503.52
2002.798,297,2016-06-30,13500.0,0.0,13500.0,13500.0,0.0,13500.0,15384.32,0.0,15384.32
2002.798,297,2017-06-30,13500.0,0.0,13500.0,13500.0,0.0,13500.0,13698.88,0.0,13698.88
2002.798,297,2018-06-30,13500.0,0.0,13500.0,13500.0,0.0,13500.0,15061.13088,0.0,15061.13088
2002.798,297,2019-06-30,13500.0,0.0,13500.0,13500.0,0.0,13500.0,13062.60912,0.0,13062.60912
2002.798,297,2020-06-30,13500.0,0.0,13500.0,13500.0,0.0,13500.0,11845.55,0.0,11845.55
2002.798,297,2021-06-30,13500.0,0.0,13500.0,13500.0,0.0,13500.0,12934.88,0.0,12934.88
2003.076.V1,303,2015-06-30,4500.0,0.0,4500.0,4500.0,0.0,4500.0,4784.811854927,0.0,4784.811854927
2003.076.V1,303,2016-06-30,4500.0,0.0,4500.0,4500.0,0.0,4500.0,6165.568744978,0.0,6165.568744978
2003.076.V1,303,2017-06-30,4500.0,0.0,4500.0,4500.0,0.0,4500.0,5318.920265608,0.0,5318.920265608
2003.076.V1,303,2018-06-30,4500.0,0.0,4500.0,4500.0,0.0,4500.0,5889.071428634,0.0,5889.071428634
2003.076.V1,303,2019-06-30,4500.0,0.0,4500.0,4500.0,0.0,4500.0,5271.309523477,0.0,5271.309523477
2003.076.V1,303,2020-06-30,4500.0,0.0,4500.0,4500.0,0.0,4500.0,4954.940403431,0.0,4954.940403431
2003.076.V1,303,2021-06-30,4500.0,0.0,4500.0,4500.0,0.0,4500.0,1040.750072918,0.0,1040.750072918
2003.271,323,2015-06-30,304080.0,0.0,304080.0,304080.0,0.0,304080.0,12163.0,0.0,12163.0
2003.271,323,2016-06-30,304080.0,0.0,304080.0,304080.0,0.0,304080.0,18835.437775626786,0.0,18835.437775626786
2003.271,323,2017-06-30,304080.0,0.0,304080.0,304080.0,0.0,304080.0,8586.562224372616,0.0,8586.562224372616
2003.271,323,2018-06-30,304080.0,0.0,304080.0,304080.0,0.0,304080.0,10478.0,0.0,10478.0
2003.271,323,2019-06-30,304080.0,0.0,304080.0,304080.0,0.0,304080.0,6382.0,0.0,6382.0
2003.271,323,2020-06-30,304080.0,0.0,304080.0,304080.0,0.0,304080.0,4289.0,0.0,4289.0
2003.271,323,2021-06-30,304080.0,0.0,304080.0,304080.0,0.0,304080.0,6668.0,0.0,6668.0
2003.291.V1,324,2015-06-30,9624.0,0.0,9624.0,9624.0,0.0,9624.0,2917.5714284908618,0.0,2917.5714284908618
2003.291.V1,324,2016-06-30,9624.0,0.0,9624.0,9624.0,0.0,9624.0,3486.2857141894438,0.0,3486.2857141894438
2003.291.V1,324,2017-06-30,9624.0,0.0,9624.0,9624.0,0.0,9624.0,936.3028571427158,0.0,936.3028571427158
2003.291.V1,324,2018-06-30,9624.0,0.0,9624.0,9624.0,0.0,9624.0,2498.03,0.0,2498.03
2003.291.V1,324,2019-06-30,9624.0,0.0,9624.0,9624.0,0.0,9624.0,2.98,0.0,2.98
2003.291.V1,324,2020-06-30,9624.0,0.0,9624.0,9624.0,0.0,9624.0,84.34,0.0,84.34
2003.291.V1,324,2021-06-30,9624.0,0.0,9624.0,9624.0,0.0,9624.0,1346.85,0.0,1346.85
2003.315.V1,329,2015-06-30,4680.0,0.0,4680.0,4680.0,0.0,4680.0,2335.499999935497,0.0,2335.499999935497
2003.315.V1,329,2016-06-30,4680.0,0.0,4680.0,4680.0,0.0,4680.0,3282.7857141950967,0.0,3282.7857141950967
2003.315.V1,329,2017-06-30,4680.0,0.0,4680.0,4680.0,0.0,4680.0,6368.12986995352,0.0,6368.12986995352
2003.315.V1,329,2018-06-30,4680.0,0.0,4680.0,4680.0,0.0,4680.0,498.5844155706364,0.0,498.5844155706364
2003.315.V1,329,2019-06-30,4680.0,0.0,4680.0,4680.0,0.0,4680.0,0.0,0.0,0.0
2003.315.V1,329,2020-06-30,4680.0,0.0,4680.0,4680.0,0.0,4680.0,6654.999999815533,0.0,6654.999999815533
2003.315.V1,329,2021-06-30,4680.0,0.0,4680.0,4680.0,0.0,4680.0,1430.999999960489,0.0,1430.999999960489
2003.328.V1,331,2015-06-30,201000.0,0.0,201000.0,201000.0,0.0,201000.0,29028.0,0.0,29028.0
2003.328.V1,331,2016-06-30,201000.0,0.0,201000.0,201000.0,0.0,201000.0,0.0,0.0,0.0
2003.328.V1,331,2017-06-30,201000.0,0.0,201000.0,201000.0,0.0,201000.0,30961.40944357734,0.0,30961.40944357734
2003.328.V1,331,2018-06-30,201000.0,0.0,201000.0,201000.0,0.0,201000.0,40066.99055444296,0.0,40066.99055444296
2003.328.V1,331,2019-06-30,201000.0,0.0,201000.0,201000.0,0.0,201000.0,3856.8999999010775,0.0,3856.8999999010775
2003.328.V1,331,2020-06-30,201000.0,0.0,201000.0,201000.0,0.0,201000.0,0.0,0.0,0.0
2003.328.V1,331,2021-06-30,201000.0,0.0,201000.0,201000.0,0.0,201000.0,40659.2,0.0,40659.2
2003.328.V1,332,2015-06-30,201000.0,0.0,201000.0,201000.0,0.0,201000.0,5473.999999843667,0.0,5473.999999843667
2003.328.V1,332,2016-06-30,201000.0,0.0,201000.0,201000.0,0.0,201000.0,5199.999999851778,0.0,5199.999999851778
2003.328.V1,332,2017-06-30,201000.0,0.0,201000.0,201000.0,0.0,201000.0,711.9999999805558,0.0,711.9999999805558
2003.328.V1,332,2018-06-30,201000.0,0.0,201000.0,201000.0,0.0,201000.0,5961.799999834357,0.0,5961.799999834357
2003.328.V1,332,2019-06-30,201000.0,0.0,201000.0,201000.0,0.0,201000.0,2270.829222162375,0.0,2270.829222162375
2003.328.V1,332,2020-06-30,201000.0,0.0,201000.0,201000.0,0.0,201000.0,0.0,0.0,0.0
2003.328.V1,332,2021-06-30,201000.0,0.0,201000.0,201000.0,0.0,201000.0,286.265,0.0,286.265
2003.526.V1,340,2015-06-30,551400.0,551400.0,0.0,551400.0,551400.0,0.0,71611.99999999627,71611.99999999627,0.0
2003.526.V1,340,2016-06-30,551400.0,551400.0,0.0,551400.0,551400.0,0.0,79252.99999999953,79252.99999999953,0.0
2003.526.V1,340,2017-06-30,551400.0,551400.0,0.0,551400.0,551400.0,0.0,43592.0,43592.0,0.0
2003.526.V1,340,2018-06-30,551400.0,551400.0,0.0,551400.0,551400.0,0.0,80234.0,80234.0,0.0
2003.526.V1,340,2019-06-30,551400.0,551400.0,0.0,551400.0,551400.0,0.0,31579.0,31579.0,0.0
2003.526.V1,340,2020-06-30,551400.0,551400.0,0.0,551400.0,551400.0,0.0,31129.0,31129.0,0.0
2003.526.V1,340,2021-06-30,551400.0,551400.0,0.0,551400.0,551400.0,0.0,110113.0,110113.0,0.0
2003.572.V1,343,2015-06-30,14520.0,0.0,14520.0,14520.0,0.0,14520.0,1550.9999999571708,0.0,1550.9999999571708
2003.572.V1,343,2016-06-30,14520.0,0.0,14520.0,14520.0,0.0,14520.0,8616.99999976205,0.0,8616.99999976205
2003.572.V1,343,2017-06-30,14520.0,0.0,14520.0,14520.0,0.0,14520.0,8918.999999753712,0.0,8918.999999753712
2003.572.V1,343,2018-06-30,14520.0,0.0,14520.0,14520.0,0.0,14520.0,6697.9999998150415,0.0,6697.9999998150415
2003.572.V1,343,2019-06-30,14520.0,0.0,14520.0,14520.0,0.0,14520.0,2812.9999999223205,0.0,2812.9999999223205
2003.572.V1,343,2020-06-30,14520.0,0.0,14520.0,14520.0,0.0,14520.0,1.999999999944772,0.0,1.999999999944772
2003.572.V1,343,2021-06-30,14520.0,0.0,14520.0,14520.0,0.0,14520.0,133.99999999629972,0.0,133.99999999629972
2003.586,65,2015-06-30,26752.0,0.0,26752.0,26752.0,0.0,26752.0,8432.0,0.0,8432.0
2003.586,65,2016-06-30,26752.0,0.0,26752.0,26752.0,0.0,26752.0,15979.0,0.0,15979.0
2003.586,65,2017-06-30,26752.0,0.0,26752.0,26752.0,0.0,26752.0,5175.268510967247,0.0,5175.268510967247
2003.586,65,2018-06-30,26752.0,0.0,26752.0,26752.0,0.0,26752.0,0.0,0.0,0.0
2003.586,65,2019-06-30,26752.0,0.0,26752.0,26752.0,0.0,26752.0,0.0,0.0,0.0
2003.586,65,2020-06-30,26752.0,0.0,26752.0,26752.0,0.0,26752.0,0.0,0.0,0.0
2003.586,65,2021-06-30,26752.0,0.0,26752.0,26752.0,0.0,26752.0,5864.07,0.0,5864.07
2003.590,345,2015-06-30,580608.0,0.0,580608.0,580608.0,0.0,580608.0,221173.52,0.0,221173.52
2003.590,345,2016-06-30,580608.0,0.0,580608.0,580608.0,0.0,580608.0,311808.99000035,0.0,311808.99000035
2003.590,345,2017-06-30,580608.0,0.0,580608.0,580608.0,0.0,580608.0,199159.55,0.0,199159.55
2003.590,345,2018-06-30,580608.0,0.0,580608.0,580608.0,0.0,580608.0,86625.05,0.0,86625.05
2003.590,345,2019-06-30,580608.0,0.0,580608.0,580608.0,0.0,580608.0,80386.58,0.0,80386.58
2003.590,345,2020-06-30,580608.0,0.0,580608.0,580608.0,0.0,580608.0,101345.01,0.0,101345.01
2003.590,345,2021-06-30,580608.0,0.0,580608.0,580608.0,0.0,580608.0,282736.88,0.0,282736.88
2003.634.V1,347,2015-06-30,133000.0,0.0,133000.0,133000.0,0.0,133000.0,4350.046651104,0.0,4350.046651104
2003.634.V1,347,2016-06-30,133000.0,0.0,133000.0,133000.0,0.0,133000.0,3954.953348882,0.0,3954.953348882
2003.634.V1,347,2017-06-30,133000.0,0.0,133000.0,133000.0,0.0,133000.0,1565.0,0.0,1565.0
2003.634.V1,347,2018-06-30,133000.0,0.0,133000.0,133000.0,0.0,133000.0,10.0,0.0,10.0
2003.634.V1,347,2019-06-30,133000.0,0.0,133000.0,133000.0,0.0,133000.0,1423.0,0.0,1423.0
2003.634.V1,347,2020-06-30,133000.0,0.0,133000.0,133000.0,0.0,133000.0,1187.999999999,0.0,1187.999999999
2003.634.V1,347,2021-06-30,133000.0,0.0,133000.0,133000.0,0.0,133000.0,12953.0,0.0,12953.0
2003.641,348,2015-06-30,16200.0,16200.0,0.0,16200.0,16200.0,0.0,10664.790983312048,10664.790983312048,0.0
2003.641,348,2016-06-30,16200.0,16200.0,0.0,16200.0,16200.0,0.0,9910.749999726355,9910.749999726355,0.0
2003.641,348,2017-06-30,16200.0,16200.0,0.0,16200.0,16200.0,0.0,10932.900499698007,10932.900499698007,0.0
2003.641,348,2018-06-30,16200.0,16200.0,0.0,16200.0,16200.0,0.0,14129.701499613182,14129.701499613182,0.0
2003.641,348,2019-06-30,16200.0,16200.0,0.0,16200.0,16200.0,0.0,5535.597999847116,5535.597999847116,0.0
2003.641,348,2020-06-30,16200.0,16200.0,0.0,16200.0,16200.0,0.0,4620.111110981589,4620.111110981589,0.0
2003.641,348,2021-06-30,16200.0,16200.0,0.0,16200.0,16200.0,0.0,761.277777756655,761.277777756655,0.0
2003.754,358,2015-06-30,346706.0,0.0,346706.0,346706.0,0.0,346706.0,129460.599999996,0.0,129460.599999996
2003.754,358,2016-06-30,346706.0,0.0,346706.0,346706.0,0.0,346706.0,143972.787110088,0.0,143972.787110088
2003.754,358,2017-06-30,346706.0,0.0,346706.0,346706.0,0.0,346706.0,118026.212890502,0.0,118026.212890502
2003.754,358,2018-06-30,346706.0,0.0,346706.0,346706.0,0.0,346706.0,108917.1,0.0,108917.1
2003.754,358,2019-06-30,346706.0,0.0,346706.0,346706.0,0.0,346706.0,73502.6,0.0,73502.6
2003.754,358,2020-06-30,346706.0,0.0,346706.0,346706.0,0.0,346706.0,28575.0,0.0,28575.0
2003.754,358,2021-06-30,346706.0,0.0,346706.0,346706.0,0.0,346706.0,60168.7,0.0,60168.7
2003.761,1229,2015-06-30,20160.0,0.0,20160.0,0.0,0.0,0.0,,,
2003.761,1229,2016-06-30,20160.0,0.0,20160.0,20160.0,0.0,20160.0,1475.4,0.0,1475.4
2003.761,1229,2017-06-30,20160.0,0.0,20160.0,20160.0,0.0,20160.0,31751.299999999996,0.0,31751.299999999996
2003.761,1229,2018-06-30,20160.0,0.0,20160.0,20160.0,0.0,20160.0,28012.7840144188,0.0,28012.7840144188
2003.761,1229,2019-06-30,20160.0,0.0,20160.0,20160.0,0.0,20160.0,32732.7856013305,0.0,32732.7856013305
2003.761,1229,2020-06-30,20160.0,0.0,20160.0,0.0,0.0,0.0,,,
2003.761,1229,2021-06-30,20160.0,0.0,20160.0,0.0,0.0,0.0,,,
2003.789.V1,360,2015-06-30,179393.3333333333,0.0,179393.3333333333,179393.3333333333,0.0,179393.3333333333,84232.8486,0.0,84232.8486
2003.789.V1,360,2016-06-30,179393.3333333333,0.0,179393.3333333333,179393.3333333333,0.0,179393.3333333333,116690.4873,0.0,116690.4873
2003.789.V1,360,2017-06-30,179393.3333333333,0.0,179393.3333333333,179393.3333333333,0.0,179393.3333333333,109492.9895,0.0,109492.9895
2003.789.V1,360,2018-06-30,179393.3333333333,0.0,179393.3333333333,179393.3333333333,0.0,179393.3333333333,107069.17999999893,0.0,107069.17999999893
2003.789.V1,360,2019-06-30,179393.3333333333,0.0,179393.3333333333,179393.3333333333,0.0,179393.3333333333,63826.25,0.0,63826.25
2003.789.V1,360,2020-06-30,179393.3333333333,0.0,179393.3333333333,179393.3333333333,0.0,179393.3333333333,26959.33,0.0,26959.33
2003.789.V1,360,2021-06-30,179393.3333333333,0.0,179393.3333333333,179393.3333333333,0.0,179393.3333333333,46856.32,0.0,46856.32
2003.789.V1,361,2015-06-30,179393.3333333333,0.0,179393.3333333333,179393.3333333333,0.0,179393.3333333333,40055.9679,0.0,40055.9679
2003.789.V1,361,2016-06-30,179393.3333333333,0.0,179393.3333333333,179393.3333333333,0.0,179393.3333333333,54227.9484,0.0,54227.9484
2003.789.V1,361,2017-06-30,179393.3333333333,0.0,179393.3333333333,179393.3333333333,0.0,179393.3333333333,43077.99,0.0,43077.99
2003.789.V1,361,2018-06-30,179393.3333333333,0.0,179393.3333333333,179393.3333333333,0.0,179393.3333333333,61557.74999999941,0.0,61557.74999999941
2003.789.V1,361,2019-06-30,179393.3333333333,0.0,179393.3333333333,179393.3333333333,0.0,179393.3333333333,18635.5,0.0,18635.5
2003.789.V1,361,2020-06-30,179393.3333333333,0.0,179393.3333333333,179393.3333333333,0.0,179393.3333333333,0.0,0.0,0.0
2003.789.V1,361,2021-06-30,179393.3333333333,0.0,179393.3333333333,179393.3333333333,0.0,179393.3333333333,0.0,0.0,0.0
2003.789.V1,362,2015-06-30,179393.3333333333,0.0,179393.3333333333,179393.3333333333,0.0,179393.3333333333,215.00009999999997,0.0,215.00009999999997
2003.789.V1,362,2016-06-30,179393.3333333333,0.0,179393.3333333333,179393.3333333333,0.0,179393.3333333333,118.9998,0.0,118.9998
2003.789.V1,362,2017-06-30,179393.3333333333,0.0,179393.3333333333,179393.3333333333,0.0,179393.3333333333,0.0,0.0,0.0
2003.789.V1,362,2018-06-30,179393.3333333333,0.0,179393.3333333333,179393.3333333333,0.0,179393.3333333333,2606.0,0.0,2606.0
2003.789.V1,362,2019-06-30,179393.3333333333,0.0,179393.3333333333,179393.3333333333,0.0,179393.3333333333,4508.0,0.0,4508.0
2003.789.V1,362,2020-06-30,179393.3333333333,0.0,179393.3333333333,179393.3333333333,0.0,179393.3333333333,0.0,0.0,0.0
2003.789.V1,362,2021-06-30,179393.3333333333,0.0,179393.3333333333,179393.3333333333,0.0,179393.3333333333,62842.35,0.0,62842.35
2003.963.V1,376,2015-06-30,25550.0,0.0,25550.0,25550.0,0.0,25550.0,5351.714285566542,0.0,5351.714285566542
2003.963.V1,376,2016-06-30,25550.0,0.0,25550.0,25550.0,0.0,25550.0,12537.714285368067,0.0,12537.714285368067
2003.963.V1,376,2017-06-30,25550.0,0.0,25550.0,25550.0,0.0,25550.0,7510.428571221164,0.0,7510.428571221164
2003.963.V1,376,2018-06-30,25550.0,0.0,25550.0,25550.0,0.0,25550.0,2368.142857137118,0.0,2368.142857137118
2003.963.V1,376,2019-06-30,25550.0,0.0,25550.0,25550.0,0.0,25550.0,9606.999999999924,0.0,9606.999999999924
2003.963.V1,376,2020-06-30,25550.0,0.0,25550.0,25550.0,0.0,25550.0,11571.999999999975,0.0,11571.999999999975
2003.963.V1,376,2021-06-30,25550.0,0.0,25550.0,25550.0,0.0,25550.0,16945.0,0.0,16945.0
2004.005.V1,741,2015-06-30,60390.0,0.0,60390.0,60390.0,0.0,60390.0,18417.8,0.0,18417.8
2004.005.V1,741,2016-06-30,60390.0,0.0,60390.0,60390.0,0.0,60390.0,22449.59,0.0,22449.59
2004.005.V1,741,2017-06-30,60390.0,0.0,60390.0,60390.0,0.0,60390.0,20344.59,0.0,20344.59
2004.005.V1,741,2018-06-30,60390.0,0.0,60390.0,60390.0,0.0,60390.0,19156.47,0.0,19156.47
2004.005.V1,741,2019-06-30,60390.0,0.0,60390.0,60390.0,0.0,60390.0,14562.17,0.0,14562.17
2004.005.V1,741,2020-06-30,60390.0,0.0,60390.0,60390.0,0.0,60390.0,14357.32,0.0,14357.32
2004.005.V1,741,2021-06-30,60390.0,0.0,60390.0,60390.0,0.0,60390.0,17715.94,0.0,17715.94
2004.587,1152,2015-06-30,10998.0,0.0,10998.0,10998.0,0.0,10998.0,1756.3032258599999,0.0,1756.3032258599999
2004.587,1152,2016-06-30,10998.0,0.0,10998.0,10998.0,0.0,10998.0,2938.0171083,0.0,2938.0171083
2004.587,1152,2017-06-30,10998.0,0.0,10998.0,10998.0,0.0,10998.0,3375.915026226,0.0,3375.915026226
2004.587,1152,2018-06-30,10998.0,0.0,10998.0,10998.0,0.0,10998.0,4376.900816637,0.0,4376.900816637
2004.587,1152,2019-06-30,10998.0,0.0,10998.0,10998.0,0.0,10998.0,3969.492829411,0.0,3969.492829411
2004.587,1152,2020-06-30,10998.0,0.0,10998.0,10998.0,0.0,10998.0,3734.008476142,0.0,3734.008476142
2004.587,1152,2021-06-30,10998.0,0.0,10998.0,10998.0,0.0,10998.0,648.768047494,0.0,648.768047494
2004.884.V1,786,2015-06-30,52513.0,0.0,52513.0,52513.0,0.0,52513.0,4611.9156134,0.0,4611.9156134
2004.884.V1,786,2016-06-30,52513.0,0.0,52513.0,52513.0,0.0,52513.0,6038.328068519,0.0,6038.328068519
2004.884.V1,786,2017-06-30,52513.0,0.0,52513.0,52513.0,0.0,52513.0,7261.116666643,0.0,7261.116666643
2004.884.V1,786,2018-06-30,52513.0,0.0,52513.0,52513.0,0.0,52513.0,6943.3579,0.0,6943.3579
2004.884.V1,786,2019-06-30,52513.0,0.0,52513.0,52513.0,0.0,52513.0,4348.427399998,0.0,4348.427399998
2004.884.V1,786,2020-06-30,52513.0,0.0,52513.0,52513.0,0.0,52513.0,700.3227,0.0,700.3227
2004.884.V1,786,2021-06-30,52513.0,0.0,52513.0,52513.0,0.0,52513.0,2998.21,0.0,2998.21
2005.201.V1,437,2015-06-30,49584.0,0.0,49584.0,49584.0,0.0,49584.0,24794.99999998919,0.0,24794.99999998919
2005.201.V1,437,2016-06-30,49584.0,0.0,49584.0,49584.0,0.0,49584.0,28137.999999991378,0.0,28137.999999991378
2005.201.V1,437,2017-06-30,49584.0,0.0,49584.0,49584.0,0.0,49584.0,25513.999999989996,0.0,25513.999999989996
2005.201.V1,437,2018-06-30,49584.0,0.0,49584.0,49584.0,0.0,49584.0,50651.99999998338,0.0,50651.99999998338
2005.201.V1,437,2019-06-30,49584.0,0.0,49584.0,49584.0,0.0,49584.0,32618.999999989097,0.0,32618.999999989097
2005.201.V1,437,2020-06-30,49584.0,0.0,49584.0,49584.0,0.0,49584.0,21125.999999988828,0.0,21125.999999988828
2005.201.V1,437,2021-06-30,49584.0,0.0,49584.0,49584.0,0.0,49584.0,21060.999999990923,0.0,21060.999999990923
2005.222.V1,438,2015-06-30,210000.0,0.0,210000.0,210000.0,0.0,210000.0,56809.0,0.0,56809.0
2005.222.V1,438,2016-06-30,210000.0,0.0,210000.0,210000.0,0.0,210000.0,59845.99999999992,0.0,59845.99999999992
2005.222.V1,438,2017-06-30,210000.0,0.0,210000.0,210000.0,0.0,210000.0,25944.99999968997,0.0,25944.99999968997
2005.222.V1,438,2018-06-30,210000.0,0.0,210000.0,210000.0,0.0,210000.0,58518.0,0.0,58518.0
2005.222.V1,438,2019-06-30,210000.0,0.0,210000.0,210000.0,0.0,210000.0,57226.99999999981,0.0,57226.99999999981
2005.222.V1,438,2020-06-30,210000.0,0.0,210000.0,0.0,0.0,0.0,,,
2005.222.V1,438,2021-06-30,210000.0,0.0,210000.0,210000.0,0.0,210000.0,54134.99999999997,0.0,54134.99999999997
2005.369.V2,441,2015-06-30,22932.0,0.0,22932.0,22932.0,0.0,22932.0,21652.931,0.0,21652.931
2005.369.V2,441,2016-06-30,22932.0,0.0,22932.0,22932.0,0.0,22932.0,21700.778,0.0,21700.778
2005.369.V2,441,2017-06-30,22932.0,0.0,22932.0,22932.0,0.0,22932.0,16688.104,0.0,16688.104
2005.369.V2,441,2018-06-30,22932.0,0.0,22932.0,22932.0,0.0,22932.0,15636.827728221,0.0,15636.827728221
2005.369.V2,441,2019-06-30,22932.0,0.0,22932.0,22932.0,0.0,22932.0,7795.175271786,0.0,7795.175271786
2005.369.V2,441,2020-06-30,22932.0,0.0,22932.0,22932.0,0.0,22932.0,7115.741,0.0,7115.741
2005.369.V2,441,2021-06-30,22932.0,0.0,22932.0,22932.0,0.0,22932.0,7566.65,0.0,7566.65
2005.448.V2,824,2015-06-30,20800.0,0.0,20800.0,20800.0,0.0,20800.0,405.3454545342066,0.0,405.3454545342066
2005.448.V2,824,2016-06-30,20800.0,0.0,20800.0,20800.0,0.0,20800.0,437.03038436859686,0.0,437.03038436859686
2005.448.V2,824,2017-06-30,20800.0,0.0,20800.0,20800.0,0.0,20800.0,262.62416106655354,0.0,262.62416106655354
2005.448.V2,824,2018-06-30,20800.0,0.0,20800.0,20800.0,0.0,20800.0,3138.999999999876,0.0,3138.999999999876
2005.448.V2,824,2019-06-30,20800.0,0.0,20800.0,20800.0,0.0,20800.0,2898.8999999999996,0.0,2898.8999999999996
2005.448.V2,824,2020-06-30,20800.0,0.0,20800.0,20800.0,0.0,20800.0,3720.5999999985,0.0,3720.5999999985
2005.448.V2,824,2021-06-30,20800.0,0.0,20800.0,20800.0,0.0,20800.0,14244.69999998641,0.0,14244.69999998641
2006.269.V1,860,2015-06-30,25000.0,0.0,25000.0,25000.0,0.0,25000.0,4983.143063446362,0.0,4983.143063446362
2006.269.V1,860,2016-06-30,25000.0,0.0,25000.0,25000.0,0.0,25000.0,4963.249999862483,0.0,4963.249999862483
2006.269.V1,860,2017-06-30,25000.0,0.0,25000.0,25000.0,0.0,25000.0,9567.0,0.0,9567.0
2006.269.V1,860,2018-06-30,25000.0,0.0,25000.0,25000.0,0.0,25000.0,10038.0,0.0,10038.0
2006.269.V1,860,2019-06-30,25000.0,0.0,25000.0,25000.0,0.0,25000.0,3695.0,0.0,3695.0
2006.269.V1,860,2020-06-30,25000.0,0.0,25000.0,25000.0,0.0,25000.0,7719.999999999974,0.0,7719.999999999974
2006.269.V1,860,2021-06-30,25000.0,0.0,25000.0,25000.0,0.0,25000.0,8346.0,0.0,8346.0
2008.113.V1,475,2015-06-30,3416750.0,3416750.0,0.0,3416750.0,3416750.0,0.0,2300934.9999994365,2300934.9999994365,0.0
2008.113.V1,475,2016-06-30,3416750.0,3416750.0,0.0,3416750.0,3416750.0,0.0,1976212.7920488094,1976212.7920488094,0.0
2008.113.V1,475,2017-06-30,3416750.0,3416750.0,0.0,3416750.0,3416750.0,0.0,1482751.2079331204,1482751.2079331204,0.0
2008.113.V1,475,2018-06-30,3416750.0,3416750.0,0.0,3416750.0,3416750.0,0.0,1493602.9999945534,1493602.9999945534,0.0
2008.113.V1,475,2019-06-30,3416750.0,3416750.0,0.0,3416750.0,3416750.0,0.0,943647.999999938,943647.999999938,0.0
2008.113.V1,475,2020-06-30,3416750.0,3416750.0,0.0,3416750.0,3416750.0,0.0,1170969.999992662,1170969.999992662,0.0
2008.113.V1,475,2021-06-30,3416750.0,3416750.0,0.0,3416750.0,3416750.0,0.0,502261.99999767315,502261.99999767315,0.0
2008.132,899,2015-06-30,20250.0,0.0,20250.0,20250.0,0.0,20250.0,12918.154,0.0,12918.154
2008.132,899,2016-06-30,20250.0,0.0,20250.0,20250.0,0.0,20250.0,11414.419,0.0,11414.419
2008.132,899,2017-06-30,20250.0,0.0,20250.0,20250.0,0.0,20250.0,4966.363,0.0,4966.363
2008.132,899,2018-06-30,20250.0,0.0,20250.0,20250.0,0.0,20250.0,4824.931,0.0,4824.931
2008.132,899,2019-06-30,20250.0,0.0,20250.0,20250.0,0.0,20250.0,4191.989,0.0,4191.989
2008.132,899,2020-06-30,20250.0,0.0,20250.0,20250.0,0.0,20250.0,666.808,0.0,666.808
2008.132,899,2021-06-30,20250.0,0.0,20250.0,0.0,0.0,0.0,,,
2008.235,597,2015-06-30,1202100.0,1202100.0,0.0,0.0,0.0,0.0,,,
2008.235,597,2016-06-30,1202100.0,1202100.0,0.0,0.0,0.0,0.0,,,
2008.235,597,2017-06-30,1202100.0,1202100.0,0.0,0.0,0.0,0.0,,,
2008.235,597,2018-06-30,1202100.0,1202100.0,0.0,0.0,0.0,0.0,,,
2008.235,597,2019-06-30,1202100.0,1202100.0,0.0,0.0,0.0,0.0,,,
2008.235,597,2020-06-30,1202100.0,1202100.0,0.0,0.0,0.0,0.0,,,
2008.235,597,2021-06-30,1202100.0,1202100.0,0.0,0.0,0.0,0.0,,,
2008.277.V2,902,2015-06-30,24990.0,0.0,24990.0,24990.0,0.0,24990.0,17478.08657406282,0.0,17478.08657406282
2008.277.V2,902,2016-06-30,24990.0,0.0,24990.0,24990.0,0.0,24990.0,21815.68627017333,0.0,21815.68627017333
2008.277.V2,902,2017-06-30,24990.0,0.0,24990.0,24990.0,0.0,24990.0,21325.889014365453,0.0,21325.889014365453
2008.277.V2,902,2018-06-30,24990.0,0.0,24990.0,24990.0,0.0,24990.0,21289.702877697622,0.0,21289.702877697622
2008.277.V2,902,2019-06-30,24990.0,0.0,24990.0,24990.0,0.0,24990.0,22212.604532811652,0.0,22212.604532811652
2008.277.V2,902,2020-06-30,24990.0,0.0,24990.0,24990.0,0.0,24990.0,1570.999499958812,0.0,1570.999499958812
2008.277.V2,902,2021-06-30,24990.0,0.0,24990.0,0.0,0.0,0.0,,,
2008.520.V1,1475,2015-06-30,30656.333333333332,0.0,30656.333333333332,0.0,0.0,0.0,,,
2008.520.V1,1475,2016-06-30,30656.333333333332,0.0,30656.333333333332,0.0,0.0,0.0,,,
2008.520.V1,1475,2017-06-30,30656.333333333332,0.0,30656.333333333332,0.0,0.0,0.0,,,
2008.520.V1,1475,2018-06-30,30656.333333333332,0.0,30656.333333333332,30656.333333333332,0.0,30656.333333333332,809.77,0.0,809.77
2008.520.V1,1475,2019-06-30,30656.333333333332,0.0,30656.333333333332,30656.333333333332,0.0,30656.333333333332,9649.209999999912,0.0,9649.209999999912
2008.520.V1,1475,2020-06-30,30656.333333333332,0.0,30656.333333333332,30656.333333333332,0.0,30656.333333333332,4792.139999999973,0.0,4792.139999999973
2008.520.V1,1475,2021-06-30,30656.333333333332,0.0,30656.333333333332,30656.333333333332,0.0,30656.333333333332,2644.6799999999967,0.0,2644.6799999999967
2008.520.V1,914,2015-06-30,30656.333333333332,0.0,30656.333333333332,30656.333333333332,0.0,30656.333333333332,2827.628714207296,0.0,2827.628714207296
2008.520.V1,914,2016-06-30,30656.333333333332,0.0,30656.333333333332,30656.333333333332,0.0,30656.333333333332,2852.364285635068,0.0,2852.364285635068
2008.520.V1,914,2017-06-30,30656.333333333332,0.0,30656.333333333332,30656.333333333332,0.0,30656.333333333332,1860.2874999485027,0.0,1860.2874999485027
2008.520.V1,914,2018-06-30,30656.333333333332,0.0,30656.333333333332,30656.333333333332,0.0,30656.333333333332,199.0624999944917,0.0,199.0624999944917
2008.520.V1,914,2019-06-30,30656.333333333332,0.0,30656.333333333332,0.0,0.0,0.0,,,
2008.520.V1,914,2020-06-30,30656.333333333332,0.0,30656.333333333332,0.0,0.0,0.0,,,
2008.520.V1,914,2021-06-30,30656.333333333332,0.0,30656.333333333332,0.0,0.0,0.0,,,
2008.520.V1,915,2015-06-30,30656.333333333332,0.0,30656.333333333332,30656.333333333332,0.0,30656.333333333332,3470.714285618075,0.0,3470.714285618075
2008.520.V1,915,2016-06-30,30656.333333333332,0.0,30656.333333333332,30656.333333333332,0.0,30656.333333333332,4300.600897412411,0.0,4300.600897412411
2008.520.V1,915,2017-06-30,30656.333333333332,0.0,30656.333333333332,30656.333333333332,0.0,30656.333333333332,2534.68481668365,0.0,2534.68481668365
2008.520.V1,915,2018-06-30,30656.333333333332,0.0,30656.333333333332,30656.333333333332,0.0,30656.333333333332,0.0,0.0,0.0
2008.520.V1,915,2019-06-30,30656.333333333332,0.0,30656.333333333332,0.0,0.0,0.0,,,
2008.520.V1,915,2020-06-30,30656.333333333332,0.0,30656.333333333332,0.0,0.0,0.0,,,
2008.520.V1,915,2021-06-30,30656.333333333332,0.0,30656.333333333332,0.0,0.0,0.0,,,
2009.150.V1,920,2015-06-30,46314.0,46314.0,0.0,0.0,0.0,0.0,,,
2009.150.V1,920,2016-06-30,46314.0,46314.0,0.0,0.0,0.0,0.0,,,
2009.150.V1,920,2017-06-30,46314.0,46314.0,0.0,0.0,0.0,0.0,,,
2009.150.V1,920,2018-06-30,46314.0,46314.0,0.0,0.0,0.0,0.0,,,
2009.150.V1,920,2019-06-30,46314.0,46314.0,0.0,0.0,0.0,0.0,,,
2009.150.V1,920,2020-06-30,46314.0,46314.0,0.0,0.0,0.0,0.0,,,
2009.150.V1,920,2021-06-30,46314.0,46314.0,0.0,0.0,0.0,0.0,,,
2010.075.V1,935,2015-06-30,119369.0,0.0,119369.0,119369.0,0.0,119369.0,8632.423785912575,0.0,8632.423785912575
2010.075.V1,935,2016-06-30,119369.0,0.0,119369.0,119369.0,0.0,119369.0,1327.8473523809037,0.0,1327.8473523809037
2010.075.V1,935,2017-06-30,119369.0,0.0,119369.0,119369.0,0.0,119369.0,5702.981452170937,0.0,5702.981452170937
2010.075.V1,935,2018-06-30,119369.0,0.0,119369.0,119369.0,0.0,119369.0,3565.999999901917,0.0,3565.999999901917
2010.075.V1,935,2019-06-30,119369.0,0.0,119369.0,119369.0,0.0,119369.0,15270.999999582438,0.0,15270.999999582438
2010.075.V1,935,2020-06-30,119369.0,0.0,119369.0,119369.0,0.0,119369.0,11736.999999658858,0.0,11736.999999658858
2010.075.V1,935,2021-06-30,119369.0,0.0,119369.0,119369.0,0.0,119369.0,4889.999999922806,0.0,4889.999999922806
97204.V1,1317,2015-06-30,6300.0,0.0,6300.0,0.0,0.0,0.0,,,
97204.V1,1317,2016-06-30,6300.0,0.0,6300.0,0.0,0.0,0.0,,,
97204.V1,1317,2017-06-30,6300.0,0.0,6300.0,0.0,0.0,0.0,,,
97204.V1,1317,2018-06-30,6300.0,0.0,6300.0,6300.0,0.0,6300.0,8199.539999800132,0.0,8199.539999800132
97204.V1,1317,2019-06-30,6300.0,0.0,6300.0,6300.0,0.0,6300.0,2357.292999939335,0.0,2357.292999939335
97204.V1,1317,2020-06-30,6300.0,0.0,6300.0,6300.0,0.0,6300.0,479.7299999999641,0.0,479.7299999999641
97204.V1,1317,2021-06-30,6300.0,0.0,6300.0,6300.0,0.0,6300.0,12011.68999999436,0.0,12011.68999999436
99262,1054,2015-06-30,7192800.0,7192800.0,0.0,7192800.0,7192800.0,0.0,3435878.25,3435878.25,0.0
99262,1054,2016-06-30,7192800.0,7192800.0,0.0,7192800.0,7192800.0,0.0,4048268.9814,4048268.9814,0.0
99262,1054,2017-06-30,7192800.0,7192800.0,0.0,7192800.0,7192800.0,0.0,4017272.7735,4017272.7735,0.0
99262,1054,2018-06-30,7192800.0,7192800.0,0.0,7192800.0,7192800.0,0.0,5044553.1675,5044553.1675,0.0
99262,1054,2019-06-30,7192800.0,7192800.0,0.0,7192800.0,7192800.0,0.0,4304967.929549997,4304967.929549997,0.0
99262,1054,2020-06-30,7192800.0,7192800.0,0.0,7192800.0,7192800.0,0.0,5717992.12785,5717992.12785,0.0
99262,1054,2021-06-30,7192800.0,7192800.0,0.0,7192800.0,7192800.0,0.0,3194959.98367402,3194959.98367402,0.0
99262,999,2015-06-30,7192800.0,7192800.0,0.0,7192800.0,7192800.0,0.0,13395439.799999679,13395439.799999679,0.0
99262,999,2016-06-30,7192800.0,7192800.0,0.0,0.0,0.0,0.0,,,
99262,999,2017-06-30,7192800.0,7192800.0,0.0,7192800.0,7192800.0,0.0,13533404.3055,13533404.3055,0.0
99262,999,2018-06-30,7192800.0,7192800.0,0.0,7192800.0,7192800.0,0.0,8035684.9218,8035684.9218,0.0
99262,999,2019-06-30,7192800.0,7192800.0,0.0,7192800.0,7192800.0,0.0,7163400.5397,7163400.5397,0.0
99262,999,2020-06-30,7192800.0,7192800.0,0.0,7192800.0,7192800.0,0.0,9480426.3558,9480426.3558,0.0
99262,999,2021-06-30,7192800.0,7192800.0,0.0,7192800.0,7192800.0,0.0,14018377.45178934,14018377.45178934,0.0
99520,1548,2015-06-30,21600.0,21600.0,0.0,0.0,0.0,0.0,,,
99520,1548,2016-06-30,21600.0,21600.0,0.0,0.0,0.0,0.0,,,
99520,1548,2017-06-30,21600.0,21600.0,0.0,0.0,0.0,0.0,,,
99520,1548,2018-06-30,21600.0,21600.0,0.0,0.0,0.0,0.0,,,
99520,1548,2019-06-30,21600.0,21600.0,0.0,0.0,0.0,0.0,,,
99520,1548,2020-06-30,21600.0,21600.0,0.0,0.0,0.0,0.0,,,
99520,1548,2021-06-30,21600.0,21600.0,0.0,0.0,0.0,0.0,,,
RM10.365.01,1016,2015-06-30,25920.0,0.0,25920.0,0.0,0.0,0.0,,,
RM10.365.01,1016,2016-06-30,25920.0,0.0,25920.0,25920.0,0.0,25920.0,3255.0,0.0,3255.0
RM10.365.01,1016,2017-06-30,25920.0,0.0,25920.0,25920.0,0.0,25920.0,1150.0,0.0,1150.0
RM10.365.01,1016,2018-06-30,25920.0,0.0,25920.0,25920.0,0.0,25920.0,1117.2999999987574,0.0,1117.2999999987574
RM10.365.01,1016,2019-06-30,25920.0,0.0,25920.0,25920.0,0.0,25920.0,2723.7000000000007,0.0,2723.7000000000007
RM10.365.01,1016,2020-06-30,25920.0,0.0,25920.0,25920.0,0.0,25920.0,851.2999999999995,0.0,851.2999999999995
RM10.365.01,1016,2021-06-30,25920.0,0.0,25920.0,25920.0,0.0,25920.0,3083.2000000000007,0.0,3083.2000000000007
RM10.388.01.V2,1259,2015-06-30,652320.0,0.0,652320.0,0.0,0.0,0.0,,,
RM10.388.01.V2,1259,2016-06-30,652320.0,0.0,652320.0,0.0,0.0,0.0,,,
RM10.388.01.V2,1259,2017-06-30,652320.0,0.0,652320.0,0.0,0.0,0.0,,,
RM10.388.01.V2,1259,2018-06-30,652320.0,0.0,652320.0,0.0,0.0,0.0,,,
RM10.388.01.V2,1259,2019-06-30,652320.0,0.0,652320.0,0.0,0.0,0.0,,,
RM10.388.01.V2,1259,2020-06-30,652320.0,0.0,652320.0,0.0,0.0,0.0,,,
RM10.388.01.V2,1259,2021-06-30,652320.0,0.0,652320.0,0.0,0.0,0.0,,,
RM11.177.01,592,2015-06-30,167900.0,0.0,167900.0,167900.0,0.0,167900.0,55576.811125302294,0.0,55576.811125302294
RM11.177.01,592,2016-06-30,167900.0,0.0,167900.0,167900.0,0.0,167900.0,65332.87739824473,0.0,65332.87739824473
RM11.177.01,592,2017-06-30,167900.0,0.0,167900.0,167900.0,0.0,167900.0,73644.52139794317,0.0,73644.52139794317
RM11.177.01,592,2018-06-30,167900.0,0.0,167900.0,167900.0,0.0,167900.0,77966.73419775291,0.0,77966.73419775291
RM11.177.01,592,2019-06-30,167900.0,0.0,167900.0,167900.0,0.0,167900.0,69012.06059803738,0.0,69012.06059803738
RM11.177.01,592,2020-06-30,167900.0,0.0,167900.0,167900.0,0.0,167900.0,79894.46449690779,0.0,79894.46449690779
RM11.177.01,592,2021-06-30,167900.0,0.0,167900.0,167900.0,0.0,167900.0,109241.01659700283,0.0,109241.01659700283
RM11.257.01,617,2015-06-30,500062.0,0.0,500062.0,500062.0,0.0,500062.0,447983.6429133,0.0,447983.6429133
RM11.257.01,617,2016-06-30,500062.0,0.0,500062.0,500062.0,0.0,500062.0,68352.063081,0.0,68352.063081
RM11.257.01,617,2017-06-30,500062.0,0.0,500062.0,500062.0,0.0,500062.0,43498.0,0.0,43498.0
RM11.257.01,617,2018-06-30,500062.0,0.0,500062.0,500062.0,0.0,500062.0,410475.9999999,0.0,410475.9999999
RM11.257.01,617,2019-06-30,500062.0,0.0,500062.0,500062.0,0.0,500062.0,451344.0,0.0,451344.0
RM11.257.01,617,2020-06-30,500062.0,0.0,500062.0,500062.0,0.0,500062.0,361958.0,0.0,361958.0
RM11.257.01,617,2021-06-30,500062.0,0.0,500062.0,500062.0,0.0,500062.0,460337.9999996,0.0,460337.9999996
RM11.352.01,618,2015-06-30,660450.0,0.0,660450.0,660450.0,0.0,660450.0,455938.6492005,0.0,455938.6492005
RM11.352.01,618,2016-06-30,660450.0,0.0,660450.0,660450.0,0.0,660450.0,433247.3507989,0.0,433247.3507989
RM11.352.01,618,2017-06-30,660450.0,0.0,660450.0,660450.0,0.0,660450.0,232729.554908,0.0,232729.554908
RM11.352.01,618,2018-06-30,660450.0,0.0,660450.0,660450.0,0.0,660450.0,350124.7420883,0.0,350124.7420883
RM11.352.01,618,2019-06-30,660450.0,0.0,660450.0,660450.0,0.0,660450.0,354211.6375482,0.0,354211.6375482
RM11.352.01,618,2020-06-30,660450.0,0.0,660450.0,660450.0,0.0,660450.0,691097.659452,0.0,691097.659452
RM11.352.01,618,2021-06-30,660450.0,0.0,660450.0,660450.0,0.0,660450.0,859775.0574481,0.0,859775.0574481
RM12.116.01,1058,2015-06-30,152094.0,0.0,152094.0,0.0,0.0,0.0,,,
RM12.116.01,1058,2016-06-30,152094.0,0.0,152094.0,0.0,0.0,0.0,,,
RM12.116.01,1058,2017-06-30,152094.0,0.0,152094.0,0.0,0.0,0.0,,,
RM12.116.01,1058,2018-06-30,152094.0,0.0,152094.0,0.0,0.0,0.0,,,
RM12.116.01,1058,2019-06-30,152094.0,0.0,152094.0,0.0,0.0,0.0,,,
RM12.116.01,1058,2020-06-30,152094.0,0.0,152094.0,0.0,0.0,0.0,,,
RM12.116.01,1058,2021-06-30,152094.0,0.0,152094.0,0.0,0.0,0.0,,,
RM12.120.03.V2,623,2015-06-30,1269631.0,1269631.0,0.0,1269631.0,1269631.0,0.0,2142345.0,2142345.0,0.0
RM12.120.03.V2,623,2016-06-30,1269631.0,1269631.0,0.0,1269631.0,1269631.0,0.0,1846734.0,1846734.0,0.0
RM12.120.03.V2,623,2017-06-30,1269631.0,1269631.0,0.0,1269631.0,1269631.0,0.0,1695385.0,1695385.0,0.0
RM12.120.03.V2,623,2018-06-30,1269631.0,1269631.0,0.0,1269631.0,1269631.0,0.0,0.0,0.0,0.0
RM12.120.03.V2,623,2019-06-30,1269631.0,1269631.0,0.0,1269631.0,1269631.0,0.0,1215802.9999999749,1215802.9999999749,0.0
RM12.120.03.V2,623,2020-06-30,1269631.0,1269631.0,0.0,1269631.0,1269631.0,0.0,1851351.9999999688,1851351.9999999688,0.0
RM12.120.03.V2,623,2021-06-30,1269631.0,1269631.0,0.0,1269631.0,1269631.0,0.0,1475941.9999998987,1475941.9999998987,0.0
RM12.120.03.V2,642,2015-06-30,1269631.0,1269631.0,0.0,0.0,0.0,0.0,,,
RM12.120.03.V2,642,2016-06-30,1269631.0,1269631.0,0.0,0.0,0.0,0.0,,,
RM12.120.03.V2,642,2017-06-30,1269631.0,1269631.0,0.0,0.0,0.0,0.0,,,
RM12.120.03.V2,642,2018-06-30,1269631.0,1269631.0,0.0,0.0,0.0,0.0,,,
RM12.120.03.V2,642,2019-06-30,1269631.0,1269631.0,0.0,0.0,0.0,0.0,,,
RM12.120.03.V2,642,2020-06-30,1269631.0,1269631.0,0.0,0.0,0.0,0.0,,,
RM12.120.03.V2,642,2021-06-30,1269631.0,1269631.0,0.0,0.0,0.0,0.0,,,
RM12.213.02,625,2015-06-30,202511.0,0.0,202511.0,202511.0,0.0,202511.0,67947.24158189,0.0,67947.24158189
RM12.213.02,625,2016-06-30,202511.0,0.0,202511.0,202511.0,0.0,202511.0,109592.9599847,0.0,109592.9599847
RM12.213.02,625,2017-06-30,202511.0,0.0,202511.0,202511.0,0.0,202511.0,93966.813,0.0,93966.813
RM12.213.02,625,2018-06-30,202511.0,0.0,202511.0,202511.0,0.0,202511.0,116912.191,0.0,116912.191
RM12.213.02,625,2019-06-30,202511.0,0.0,202511.0,202511.0,0.0,202511.0,125214.435,0.0,125214.435
RM12.213.02,625,2020-06-30,202511.0,0.0,202511.0,202511.0,0.0,202511.0,153492.307,0.0,153492.307
RM12.213.02,625,2021-06-30,202511.0,0.0,202511.0,202511.0,0.0,202511.0,126923.6589998,0.0,126923.6589998
RM12.338.02,1231,2015-06-30,315360.0,315360.0,0.0,0.0,0.0,0.0,,,
RM12.338.02,1231,2016-06-30,315360.0,315360.0,0.0,0.0,0.0,0.0,,,
RM12.338.02,1231,2017-06-30,315360.0,315360.0,0.0,0.0,0.0,0.0,,,
RM12.338.02,1231,2018-06-30,315360.0,315360.0,0.0,0.0,0.0,0.0,,,
RM12.338.02,1231,2019-06-30,315360.0,315360.0,0.0,0.0,0.0,0.0,,,
RM12.338.02,1231,2020-06-30,315360.0,315360.0,0.0,0.0,0.0,0.0,,,
RM12.338.02,1231,2021-06-30,315360.0,315360.0,0.0,0.0,0.0,0.0,,,
RM12.356.01,635,2015-06-30,600000.0,0.0,600000.0,600000.0,0.0,600000.0,119347.75687877,0.0,119347.75687877
RM12.356.01,635,2016-06-30,600000.0,0.0,600000.0,600000.0,0.0,600000.0,164001.565488327,0.0,164001.565488327
RM12.356.01,635,2017-06-30,600000.0,0.0,600000.0,600000.0,0.0,600000.0,132556.5162812,0.0,132556.5162812
RM12.356.01,635,2018-06-30,600000.0,0.0,600000.0,600000.0,0.0,600000.0,134922.44355003998,0.0,134922.44355003998
RM12.356.01,635,2019-06-30,600000.0,0.0,600000.0,600000.0,0.0,600000.0,66376.51566826,0.0,66376.51566826
RM12.356.01,635,2020-06-30,600000.0,0.0,600000.0,600000.0,0.0,600000.0,76105.3309494,0.0,76105.3309494
RM12.356.01,635,2021-06-30,600000.0,0.0,600000.0,600000.0,0.0,600000.0,110854.0,0.0,110854.0
RM12.548.01.V2,1042,2015-06-30,265356.3333333333,0.0,265356.3333333333,265356.3333333333,0.0,265356.3333333333,9452.75,0.0,9452.75
RM12.548.01.V2,1042,2016-06-30,265356.3333333333,0.0,265356.3333333333,265356.3333333333,0.0,265356.3333333333,13630.11,0.0,13630.11
RM12.548.01.V2,1042,2017-06-30,265356.3333333333,0.0,265356.3333333333,265356.3333333333,0.0,265356.3333333333,14947.37,0.0,14947.37
RM12.548.01.V2,1042,2018-06-30,265356.3333333333,0.0,265356.3333333333,265356.3333333333,0.0,265356.3333333333,17585.0,0.0,17585.0
RM12.548.01.V2,1042,2019-06-30,265356.3333333333,0.0,265356.3333333333,265356.3333333333,0.0,265356.3333333333,12458.0,0.0,12458.0
RM12.548.01.V2,1042,2020-06-30,265356.3333333333,0.0,265356.3333333333,265356.3333333333,0.0,265356.3333333333,2082.0,0.0,2082.0
RM12.548.01.V2,1042,2021-06-30,265356.3333333333,0.0,265356.3333333333,265356.3333333333,0.0,265356.3333333333,0.0,0.0,0.0
RM12.548.01.V2,1043,2015-06-30,265356.3333333333,0.0,265356.3333333333,265356.3333333333,0.0,265356.3333333333,23428.0,0.0,23428.0
RM12.548.01.V2,1043,2016-06-30,265356.3333333333,0.0,265356.3333333333,265356.3333333333,0.0,265356.3333333333,59902.33,0.0,59902.33
RM12.548.01.V2,1043,2017-06-30,265356.3333333333,0.0,265356.3333333333,265356.3333333333,0.0,265356.3333333333,65222.5,0.0,65222.5
RM12.548.01.V2,1043,2018-06-30,265356.3333333333,0.0,265356.3333333333,265356.3333333333,0.0,265356.3333333333,82575.4,0.0,82575.4
RM12.548.01.V2,1043,2019-06-30,265356.3333333333,0.0,265356.3333333333,265356.3333333333,0.0,265356.3333333333,79709.0,0.0,79709.0
RM12.548.01.V2,1043,2020-06-30,265356.3333333333,0.0,265356.3333333333,265356.3333333333,0.0,265356.3333333333,17873.85,0.0,17873.85
RM12.548.01.V2,1043,2021-06-30,265356.3333333333,0.0,265356.3333333333,265356.3333333333,0.0,265356.3333333333,4098.0,0.0,4098.0
RM12.548.01.V2,1044,2015-06-30,265356.3333333333,0.0,265356.3333333333,265356.3333333333,0.0,265356.3333333333,48907.04,0.0,48907.04
RM12.548.01.V2,1044,2016-06-30,265356.3333333333,0.0,265356.3333333333,265356.3333333333,0.0,265356.3333333333,141198.59,0.0,141198.59
RM12.548.01.V2,1044,2017-06-30,265356.3333333333,0.0,265356.3333333333,265356.3333333333,0.0,265356.3333333333,294397.0,0.0,294397.0
RM12.548.01.V2,1044,2018-06-30,265356.3333333333,0.0,265356.3333333333,265356.3333333333,0.0,265356.3333333333,445517.58,0.0,445517.58
RM12.548.01.V2,1044,2019-06-30,265356.3333333333,0.0,265356.3333333333,265356.3333333333,0.0,265356.3333333333,62161.5,0.0,62161.5
RM12.548.01.V2,1044,2020-06-30,265356.3333333333,0.0,265356.3333333333,265356.3333333333,0.0,265356.3333333333,16.0,0.0,16.0
RM12.548.01.V2,1044,2021-06-30,265356.3333333333,0.0,265356.3333333333,265356.3333333333,0.0,265356.3333333333,0.0,0.0,0.0
RM13.053.01,626,2015-06-30,24000.0,0.0,24000.0,0.0,0.0,0.0,,,
RM13.053.01,626,2016-06-30,24000.0,0.0,24000.0,24000.0,0.0,24000.0,2513.0,0.0,2513.0
RM13.053.01,626,2017-06-30,24000.0,0.0,24000.0,24000.0,0.0,24000.0,4089.0,0.0,4089.0
RM13.053.01,626,2018-06-30,24000.0,0.0,24000.0,24000.0,0.0,24000.0,21995.0,0.0,21995.0
RM13.053.01,626,2019-06-30,24000.0,0.0,24000.0,24000.0,0.0,24000.0,27777.53946055,0.0,27777.53946055
RM13.053.01,626,2020-06-30,24000.0,0.0,24000.0,0.0,0.0,0.0,,,
RM13.053.01,626,2021-06-30,24000.0,0.0,24000.0,0.0,0.0,0.0,,,
RM13.244.01,648,2015-06-30,444103.0,0.0,444103.0,444103.0,0.0,444103.0,192591.0,0.0,192591.0
RM13.244.01,648,2016-06-30,444103.0,0.0,444103.0,444103.0,0.0,444103.0,251464.99999999,0.0,251464.99999999
RM13.244.01,648,2017-06-30,444103.0,0.0,444103.0,444103.0,0.0,444103.0,164834.0,0.0,164834.0
RM13.244.01,648,2018-06-30,444103.0,0.0,444103.0,444103.0,0.0,444103.0,164585.0,0.0,164585.0
RM13.244.01,648,2019-06-30,444103.0,0.0,444103.0,444103.0,0.0,444103.0,87552.0,0.0,87552.0
RM13.244.01,648,2020-06-30,444103.0,0.0,444103.0,444103.0,0.0,444103.0,132298.0,0.0,132298.0
RM13.244.01,648,2021-06-30,444103.0,0.0,444103.0,444103.0,0.0,444103.0,52000.0,0.0,52000.0
RM13.244.02,649,2015-06-30,601172.0,0.0,601172.0,601172.0,0.0,601172.0,377083.0,0.0,377083.0
RM13.244.02,649,2016-06-30,601172.0,0.0,601172.0,601172.0,0.0,601172.0,399718.000000032,0.0,399718.000000032
RM13.244.02,649,2017-06-30,601172.0,0.0,601172.0,601172.0,0.0,601172.0,180437.0,0.0,180437.0
RM13.244.02,649,2018-06-30,601172.0,0.0,601172.0,601172.0,0.0,601172.0,255290.0,0.0,255290.0
RM13.244.02,649,2019-06-30,601172.0,0.0,601172.0,601172.0,0.0,601172.0,147204.0,0.0,147204.0
RM13.244.02,649,2020-06-30,601172.0,0.0,601172.0,601172.0,0.0,601172.0,251672.0,0.0,251672.0
RM13.244.02,649,2021-06-30,601172.0,0.0,601172.0,601172.0,0.0,601172.0,391032.0,0.0,391032.0
RM13.282.01,1089,2015-06-30,18424.0,0.0,18424.0,0.0,0.0,0.0,,,
RM13.282.01,1089,2016-06-30,18424.0,0.0,18424.0,0.0,0.0,0.0,,,
RM13.282.01,1089,2017-06-30,18424.0,0.0,18424.0,0.0,0.0,0.0,,,
RM13.282.01,1089,2018-06-30,18424.0,0.0,18424.0,0.0,0.0,0.0,,,
RM13.282.01,1089,2019-06-30,18424.0,0.0,18424.0,0.0,0.0,0.0,,,
RM13.282.01,1089,2020-06-30,18424.0,0.0,18424.0,0.0,0.0,0.0,,,
RM13.282.01,1089,2021-06-30,18424.0,0.0,18424.0,0.0,0.0,0.0,,,
RM13.307.01,1144,2015-06-30,1272600.0,0.0,1272600.0,1272600.0,0.0,1272600.0,168058.0,0.0,168058.0
RM13.307.01,1144,2016-06-30,1272600.0,0.0,1272600.0,1272600.0,0.0,1272600.0,53338.0,0.0,53338.0
RM13.307.01,1144,2017-06-30,1272600.0,0.0,1272600.0,1272600.0,0.0,1272600.0,55645.597995000004,0.0,55645.597995000004
RM13.307.01,1144,2018-06-30,1272600.0,0.0,1272600.0,1272600.0,0.0,1272600.0,412661.111,0.0,412661.111
RM13.307.01,1144,2019-06-30,1272600.0,0.0,1272600.0,1272600.0,0.0,1272600.0,41607.297,0.0,41607.297
RM13.307.01,1144,2020-06-30,1272600.0,0.0,1272600.0,1272600.0,0.0,1272600.0,240174.703,0.0,240174.703
RM13.307.01,1144,2021-06-30,1272600.0,0.0,1272600.0,1272600.0,0.0,1272600.0,2042452.0,0.0,2042452.0
RM13.355.01,1127,2015-06-30,1192200.0,1192200.0,0.0,0.0,0.0,0.0,,,
RM13.355.01,1127,2016-06-30,1192200.0,1192200.0,0.0,0.0,0.0,0.0,,,
RM13.355.01,1127,2017-06-30,1192200.0,1192200.0,0.0,0.0,0.0,0.0,,,
RM13.355.01,1127,2018-06-30,1192200.0,1192200.0,0.0,0.0,0.0,0.0,,,
RM13.355.01,1127,2019-06-30,1192200.0,1192200.0,0.0,0.0,0.0,0.0,,,
RM13.355.01,1127,2020-06-30,1192200.0,1192200.0,0.0,0.0,0.0,0.0,,,
RM13.355.01,1127,2021-06-30,1192200.0,1192200.0,0.0,0.0,0.0,0.0,,,
RM13.369.01,653,2015-06-30,1272600.0,0.0,1272600.0,1272600.0,0.0,1272600.0,263847.0,0.0,263847.0
RM13.369.01,653,2016-06-30,1272600.0,0.0,1272600.0,1272600.0,0.0,1272600.0,858661.45273428,0.0,858661.45273428
RM13.369.01,653,2017-06-30,1272600.0,0.0,1272600.0,1272600.0,0.0,1272600.0,755279.5472618,0.0,755279.5472618
RM13.369.01,653,2018-06-30,1272600.0,0.0,1272600.0,1272600.0,0.0,1272600.0,775203.0,0.0,775203.0
RM13.369.01,653,2019-06-30,1272600.0,0.0,1272600.0,1272600.0,0.0,1272600.0,767022.0,0.0,767022.0
RM13.369.01,653,2020-06-30,1272600.0,0.0,1272600.0,1272600.0,0.0,1272600.0,522768.0,0.0,522768.0
RM13.369.01,653,2021-06-30,1272600.0,0.0,1272600.0,1272600.0,0.0,1272600.0,719353.0,0.0,719353.0
RM13.420.04,1082,2015-06-30,573262.0,573262.0,0.0,0.0,0.0,0.0,,,
RM13.420.04,1082,2016-06-30,573262.0,573262.0,0.0,573262.0,573262.0,0.0,173922.99999882613,173922.99999882613,0.0
RM13.420.04,1082,2017-06-30,573262.0,573262.0,0.0,573262.0,573262.0,0.0,182987.99999813436,182987.99999813436,0.0
RM13.420.04,1082,2018-06-30,573262.0,573262.0,0.0,573262.0,573262.0,0.0,210855.99999783005,210855.99999783005,0.0
RM13.420.04,1082,2019-06-30,573262.0,573262.0,0.0,573262.0,573262.0,0.0,171034.9999999846,171034.9999999846,0.0
RM13.420.04,1082,2020-06-30,573262.0,573262.0,0.0,573262.0,573262.0,0.0,144226.99999999529,144226.99999999529,0.0
RM13.420.04,1082,2021-06-30,573262.0,573262.0,0.0,573262.0,573262.0,0.0,177108.99999999843,177108.99999999843,0.0
RM13.495.01,734,2015-06-30,72318.0,0.0,72318.0,72318.0,0.0,72318.0,301.4,0.0,301.4
RM13.495.01,734,2016-06-30,266628.0,0.0,266628.0,266628.0,0.0,266628.0,124629.6,0.0,124629.6
RM13.495.01,734,2017-06-30,266628.0,0.0,266628.0,266628.0,0.0,266628.0,62227.2,0.0,62227.2
RM13.495.01,734,2018-06-30,266628.0,0.0,266628.0,266628.0,0.0,266628.0,100518.6,0.0,100518.6
RM13.495.01,734,2019-06-30,266628.0,0.0,266628.0,266628.0,0.0,266628.0,51129.29999999924,0.0,51129.29999999924
RM13.495.01,734,2020-06-30,266628.0,0.0,266628.0,266628.0,0.0,266628.0,73704.89999999962,0.0,73704.89999999962
RM13.495.01,734,2021-06-30,266628.0,0.0,266628.0,266628.0,0.0,266628.0,92224.4,0.0,92224.4
RM14.023.01,1104,2015-06-30,804105.0,0.0,804105.0,804105.0,0.0,804105.0,732568.9999974846,0.0,732568.9999974846
RM14.023.01,1104,2016-06-30,804105.0,0.0,804105.0,804105.0,0.0,804105.0,891432.6730173595,0.0,891432.6730173595
RM14.023.01,1104,2017-06-30,804105.0,0.0,804105.0,804105.0,0.0,804105.0,734205.9999951166,0.0,734205.9999951166
RM14.023.01,1104,2018-06-30,804105.0,0.0,804105.0,804105.0,0.0,804105.0,802759.9999968105,0.0,802759.9999968105
RM14.023.01,1104,2019-06-30,804105.0,0.0,804105.0,804105.0,0.0,804105.0,806623.9999980363,0.0,806623.9999980363
RM14.023.01,1104,2020-06-30,804105.0,0.0,804105.0,804105.0,0.0,804105.0,687330.9999972635,0.0,687330.9999972635
RM14.023.01,1104,2021-06-30,804105.0,0.0,804105.0,804105.0,0.0,804105.0,901348.9999972441,0.0,901348.9999972441
RM14.073.01,1349,2015-06-30,790293.75,0.0,790293.75,0.0,0.0,0.0,,,
RM14.073.01,1349,2016-06-30,790293.75,0.0,790293.75,790293.75,0.0,790293.75,118748.9999999,0.0,118748.9999999
RM14.073.01,1349,2017-06-30,790293.75,0.0,790293.75,790293.75,0.0,790293.75,356239.930116,0.0,356239.930116
RM14.073.01,1349,2018-06-30,790293.75,0.0,790293.75,790293.75,0.0,790293.75,578546.069884,0.0,578546.069884
RM14.073.01,1349,2019-06-30,790293.75,0.0,790293.75,790293.75,0.0,790293.75,497895.0,0.0,497895.0
RM14.073.01,1349,2020-06-30,790293.75,0.0,790293.75,790293.75,0.0,790293.75,345369.061615,0.0,345369.061615
RM14.073.01,1349,2021-06-30,790293.75,0.0,790293.75,790293.75,0.0,790293.75,499569.9991664,0.0,499569.9991664
RM14.073.01,1350,2015-06-30,790293.75,0.0,790293.75,0.0,0.0,0.0,,,
RM14.073.01,1350,2016-06-30,790293.75,0.0,790293.75,0.0,0.0,0.0,,,
RM14.073.01,1350,2017-06-30,790293.75,0.0,790293.75,790293.75,0.0,790293.75,7906.0,0.0,7906.0
RM14.073.01,1350,2018-06-30,790293.75,0.0,790293.75,790293.75,0.0,790293.75,32318.0,0.0,32318.0
RM14.073.01,1350,2019-06-30,790293.75,0.0,790293.75,790293.75,0.0,790293.75,14992.0,0.0,14992.0
RM14.073.01,1350,2020-06-30,790293.75,0.0,790293.75,790293.75,0.0,790293.75,55977.00000025,0.0,55977.00000025
RM14.073.01,1350,2021-06-30,790293.75,0.0,790293.75,790293.75,0.0,790293.75,6079.0,0.0,6079.0
RM14.073.01,1351,2015-06-30,790293.75,0.0,790293.75,0.0,0.0,0.0,,,
RM14.073.01,1351,2016-06-30,790293.75,0.0,790293.75,790293.75,0.0,790293.75,570050.0,0.0,570050.0
RM14.073.01,1351,2017-06-30,790293.75,0.0,790293.75,790293.75,0.0,790293.75,1019090.103161,0.0,1019090.103161
RM14.073.01,1351,2018-06-30,790293.75,0.0,790293.75,790293.75,0.0,790293.75,1109657.895165,0.0,1109657.895165
RM14.073.01,1351,2019-06-30,790293.75,0.0,790293.75,790293.75,0.0,790293.75,1050464.001663,0.0,1050464.001663
RM14.073.01,1351,2020-06-30,790293.75,0.0,790293.75,790293.75,0.0,790293.75,1063080.0,0.0,1063080.0
RM14.073.01,1351,2021-06-30,790293.75,0.0,790293.75,790293.75,0.0,790293.75,1210174.0,0.0,1210174.0
RM14.073.01,1352,2015-06-30,790293.75,0.0,790293.75,0.0,0.0,0.0,,,
RM14.073.01,1352,2016-06-30,790293.75,0.0,790293.75,790293.75,0.0,790293.75,30.0,0.0,30.0
RM14.073.01,1352,2017-06-30,790293.75,0.0,790293.75,790293.75,0.0,790293.75,313252.101496,0.0,313252.101496
RM14.073.01,1352,2018-06-30,790293.75,0.0,790293.75,790293.75,0.0,790293.75,826581.8984949,0.0,826581.8984949
RM14.073.01,1352,2019-06-30,790293.75,0.0,790293.75,790293.75,0.0,790293.75,883426.0,0.0,883426.0
RM14.073.01,1352,2020-06-30,790293.75,0.0,790293.75,790293.75,0.0,790293.75,702110.0,0.0,702110.0
RM14.073.01,1352,2021-06-30,790293.75,0.0,790293.75,790293.75,0.0,790293.75,883967.999999,0.0,883967.999999
RM14.122.01.V1,1585,2015-06-30,294000.0,294000.0,0.0,0.0,0.0,0.0,,,
RM14.122.01.V1,1585,2016-06-30,294000.0,294000.0,0.0,0.0,0.0,0.0,,,
RM14.122.01.V1,1585,2017-06-30,294000.0,294000.0,0.0,0.0,0.0,0.0,,,
RM14.122.01.V1,1585,2018-06-30,294000.0,294000.0,0.0,0.0,0.0,0.0,,,
RM14.122.01.V1,1585,2019-06-30,294000.0,294000.0,0.0,0.0,0.0,0.0,,,
RM14.122.01.V1,1585,2020-06-30,294000.0,294000.0,0.0,0.0,0.0,0.0,,,
RM14.122.01.V1,1585,2021-06-30,294000.0,294000.0,0.0,294000.0,294000.0,0.0,54.0,54.0,0.0
RM14.165.01,1452,2016-06-30,11883.0,0.0,11883.0,0.0,0.0,0.0,,,
RM14.165.01,1452,2017-06-30,54366.0,0.0,54366.0,0.0,0.0,0.0,,,
RM14.165.01,1452,2018-06-30,54366.0,0.0,54366.0,54366.0,0.0,54366.0,10706.599999999717,0.0,10706.599999999717
RM14.165.01,1452,2019-06-30,54366.0,0.0,54366.0,54366.0,0.0,54366.0,13204.49999999948,0.0,13204.49999999948
RM14.165.01,1452,2020-06-30,54366.0,0.0,54366.0,54366.0,0.0,54366.0,13085.701999998002,0.0,13085.701999998002
RM14.165.01,1452,2021-06-30,54366.0,0.0,54366.0,54366.0,0.0,54366.0,17347.0959999848,0.0,17347.0959999848
RM14.225.01,1165,2015-06-30,406027.0,0.0,406027.0,0.0,0.0,0.0,,,
RM14.225.01,1165,2016-06-30,570000.0,0.0,570000.0,0.0,0.0,0.0,,,
RM14.225.01,1165,2017-06-30,570000.0,0.0,570000.0,0.0,0.0,0.0,,,
RM14.225.01,1165,2018-06-30,570000.0,0.0,570000.0,0.0,0.0,0.0,,,
RM14.225.01,1165,2019-06-30,570000.0,0.0,570000.0,0.0,0.0,0.0,,,
RM14.225.01,1165,2020-06-30,570000.0,0.0,570000.0,0.0,0.0,0.0,,,
RM14.225.01,1165,2021-06-30,570000.0,0.0,570000.0,0.0,0.0,0.0,,,
RM14.278.01.V1,1297,2018-06-30,500600.5,0.0,500600.5,500600.5,0.0,500600.5,216260.99999996528,0.0,216260.99999996528
RM14.278.01.V1,1297,2019-06-30,601050.0,0.0,601050.0,601050.0,0.0,601050.0,193201.99999999907,0.0,193201.99999999907
RM14.278.01.V1,1297,2020-06-30,601050.0,0.0,601050.0,601050.0,0.0,601050.0,200151.99999999872,0.0,200151.99999999872
RM14.278.01.V1,1297,2021-06-30,601050.0,0.0,601050.0,601050.0,0.0,601050.0,230034.0,0.0,230034.0
RM14.278.01.V1,1407,2018-06-30,500600.5,0.0,500600.5,500600.5,0.0,500600.5,211504.0,0.0,211504.0
RM14.278.01.V1,1407,2019-06-30,601050.0,0.0,601050.0,601050.0,0.0,601050.0,196367.0,0.0,196367.0
RM14.278.01.V1,1407,2020-06-30,601050.0,0.0,601050.0,601050.0,0.0,601050.0,198890.0,0.0,198890.0
RM14.278.01.V1,1407,2021-06-30,601050.0,0.0,601050.0,601050.0,0.0,601050.0,272807.0,0.0,272807.0
RM14.280.01,1197,2016-06-30,151169.0,0.0,151169.0,0.0,0.0,0.0,,,
RM14.280.01,1197,2017-06-30,170765.0,0.0,170765.0,0.0,0.0,0.0,,,
RM14.280.01,1197,2018-06-30,170765.0,0.0,170765.0,0.0,0.0,0.0,,,
RM14.280.01,1197,2019-06-30,170765.0,0.0,170765.0,0.0,0.0,0.0,,,
RM14.280.01,1197,2020-06-30,170765.0,0.0,170765.0,0.0,0.0,0.0,,,
RM14.280.01,1197,2021-06-30,170765.0,0.0,170765.0,0.0,0.0,0.0,,,
RM14.306.01,1193,2015-06-30,292990.0,0.0,292990.0,0.0,0.0,0.0,,,
RM14.306.01,1193,2016-06-30,644225.0,0.0,644225.0,0.0,0.0,0.0,,,
RM14.306.01,1193,2017-06-30,644225.0,0.0,644225.0,0.0,0.0,0.0,,,
RM14.306.01,1193,2018-06-30,644225.0,0.0,644225.0,0.0,0.0,0.0,,,
RM14.306.01,1193,2019-06-30,644225.0,0.0,644225.0,0.0,0.0,0.0,,,
RM14.306.01,1193,2020-06-30,644225.0,0.0,644225.0,0.0,0.0,0.0,,,
RM14.306.01,1193,2021-06-30,644225.0,0.0,644225.0,0.0,0.0,0.0,,,
RM14.306.01,1194,2015-06-30,292990.0,0.0,292990.0,0.0,0.0,0.0,,,
RM14.306.01,1194,2016-06-30,644225.0,0.0,644225.0,0.0,0.0,0.0,,,
RM14.306.01,1194,2017-06-30,644225.0,0.0,644225.0,0.0,0.0,0.0,,,
RM14.306.01,1194,2018-06-30,644225.0,0.0,644225.0,0.0,0.0,0.0,,,
RM14.306.01,1194,2019-06-30,644225.0,0.0,644225.0,0.0,0.0,0.0,,,
RM14.306.01,1194,2020-06-30,644225.0,0.0,644225.0,0.0,0.0,0.0,,,
RM14.306.01,1194,2021-06-30,644225.0,0.0,644225.0,0.0,0.0,0.0,,,
RM14.342.01,1438,2016-06-30,343502.0,0.0,343502.0,0.0,0.0,0.0,,,
RM14.342.01,1438,2017-06-30,404250.0,0.0,404250.0,404250.0,0.0,404250.0,15.9,0.0,15.9
RM14.342.01,1438,2018-06-30,404250.0,0.0,404250.0,404250.0,0.0,404250.0,16.237975136,0.0,16.237975136
RM14.342.01,1438,2019-06-30,404250.0,0.0,404250.0,404250.0,0.0,404250.0,248741.062024868,0.0,248741.062024868
RM14.342.01,1438,2020-06-30,404250.0,0.0,404250.0,0.0,0.0,0.0,,,
RM14.342.01,1438,2021-06-30,404250.0,0.0,404250.0,0.0,0.0,0.0,,,
RM14.342.01,1439,2016-06-30,343502.0,0.0,343502.0,0.0,0.0,0.0,,,
RM14.342.01,1439,2017-06-30,404250.0,0.0,404250.0,404250.0,0.0,404250.0,7.0,0.0,7.0
RM14.342.01,1439,2018-06-30,404250.0,0.0,404250.0,404250.0,0.0,404250.0,14.7,0.0,14.7
RM14.342.01,1439,2019-06-30,404250.0,0.0,404250.0,404250.0,0.0,404250.0,171761.3,0.0,171761.3
RM14.342.01,1439,2020-06-30,404250.0,0.0,404250.0,404250.0,0.0,404250.0,339310.69999999,0.0,339310.69999999
RM14.342.01,1439,2021-06-30,404250.0,0.0,404250.0,0.0,0.0,0.0,,,
RM14.342.01,G40/0422,2016-06-30,343502.0,0.0,343502.0,0.0,0.0,0.0,,,
RM14.342.01,G40/0422,2017-06-30,404250.0,0.0,404250.0,0.0,0.0,0.0,,,
RM14.342.01,G40/0422,2018-06-30,404250.0,0.0,404250.0,0.0,0.0,0.0,,,
RM14.342.01,G40/0422,2019-06-30,404250.0,0.0,404250.0,0.0,0.0,0.0,,,
RM14.342.01,G40/0422,2020-06-30,404250.0,0.0,404250.0,0.0,0.0,0.0,,,
RM14.342.01,G40/0422,2021-06-30,404250.0,0.0,404250.0,0.0,0.0,0.0,,,
RM15.010.01,1062,2017-06-30,134137.0,0.0,134137.0,0.0,0.0,0.0,,,
RM15.010.01,1062,2018-06-30,720000.0,0.0,720000.0,720000.0,0.0,720000.0,435048.834083596,0.0,435048.834083596
RM15.010.01,1062,2019-06-30,720000.0,0.0,720000.0,720000.0,0.0,720000.0,324406.165916413,0.0,324406.165916413
RM15.010.01,1062,2020-06-30,720000.0,0.0,720000.0,720000.0,0.0,720000.0,343686.837518761,0.0,343686.837518761
RM15.010.01,1062,2021-06-30,720000.0,0.0,720000.0,720000.0,0.0,720000.0,429135.162475899,0.0,429135.162475899
RM15.107.01.V1,1276,2017-06-30,42660.0,42660.0,0.0,42660.0,42660.0,0.0,11702.5,11702.5,0.0
RM15.107.01.V1,1276,2018-06-30,93800.0,93800.0,0.0,93800.0,93800.0,0.0,19063.499999999975,19063.499999999975,0.0
RM15.107.01.V1,1276,2019-06-30,93800.0,93800.0,0.0,93800.0,93800.0,0.0,14773.736016326711,14773.736016326711,0.0
RM15.107.01.V1,1276,2020-06-30,93800.0,93800.0,0.0,93800.0,93800.0,0.0,44620.06298238455,44620.06298238455,0.0
RM15.107.01.V1,1276,2021-06-30,93800.0,93800.0,0.0,93800.0,93800.0,0.0,8400.1,8400.1,0.0
RM15.246.01,1164,2016-06-30,398479.0,0.0,398479.0,0.0,0.0,0.0,,,
RM15.246.01,1164,2017-06-30,576456.0,0.0,576456.0,0.0,0.0,0.0,,,
RM15.246.01,1164,2018-06-30,576456.0,0.0,576456.0,0.0,0.0,0.0,,,
RM15.246.01,1164,2019-06-30,576456.0,0.0,576456.0,0.0,0.0,0.0,,,
RM15.246.01,1164,2020-06-30,576456.0,0.0,576456.0,0.0,0.0,0.0,,,
RM15.246.01,1164,2021-06-30,576456.0,0.0,576456.0,0.0,0.0,0.0,,,
RM15.288.02,974,2017-06-30,55230.0,0.0,55230.0,0.0,0.0,0.0,,,
RM15.288.02,974,2018-06-30,61648.0,0.0,61648.0,0.0,0.0,0.0,,,
RM15.288.02,974,2019-06-30,61648.0,0.0,61648.0,0.0,0.0,0.0,,,
RM15.288.02,974,2020-06-30,61648.0,0.0,61648.0,0.0,0.0,0.0,,,
RM15.288.02,974,2021-06-30,61648.0,0.0,61648.0,0.0,0.0,0.0,,,
RM16.057.01,1456,2016-06-30,21773.0,0.0,21773.0,0.0,0.0,0.0,,,
RM16.057.01,1456,2017-06-30,91598.0,0.0,91598.0,91598.0,0.0,91598.0,0.0,0.0,0.0
RM16.057.01,1456,2018-06-30,91598.0,0.0,91598.0,91598.0,0.0,91598.0,0.0,0.0,0.0
RM16.057.01,1456,2019-06-30,91598.0,0.0,91598.0,91598.0,0.0,91598.0,0.0,0.0,0.0
RM16.057.01,1456,2020-06-30,91598.0,0.0,91598.0,91598.0,0.0,91598.0,17569.8,0.0,17569.8
RM16.057.01,1456,2021-06-30,91598.0,0.0,91598.0,91598.0,0.0,91598.0,37494.5,0.0,37494.5
RM16.085.01,1341,2016-06-30,13997.0,0.0,13997.0,0.0,0.0,0.0,,,
RM16.085.01,1341,2017-06-30,71150.0,0.0,71150.0,0.0,0.0,0.0,,,
RM16.085.01,1341,2018-06-30,71150.0,0.0,71150.0,0.0,0.0,0.0,,,
RM16.085.01,1341,2019-06-30,71150.0,0.0,71150.0,0.0,0.0,0.0,,,
RM16.085.01,1341,2020-06-30,71150.0,0.0,71150.0,0.0,0.0,0.0,,,
RM16.085.01,1341,2021-06-30,71150.0,0.0,71150.0,0.0,0.0,0.0,,,
RM16.158.02.V1,1442,2017-06-30,1997036.0,0.0,1997036.0,1997036.0,0.0,1997036.0,192260.1364384,0.0,192260.1364384
RM16.158.02.V1,1442,2018-06-30,2106700.0,0.0,2106700.0,2106700.0,0.0,2106700.0,540114.793671,0.0,540114.793671
RM16.158.02.V1,1442,2019-06-30,2106700.0,0.0,2106700.0,2106700.0,0.0,2106700.0,586834.9991087,0.0,586834.9991087
RM16.158.02.V1,1442,2020-06-30,2106700.0,0.0,2106700.0,2106700.0,0.0,2106700.0,379858.070772,0.0,379858.070772
RM16.158.02.V1,1442,2021-06-30,2106700.0,0.0,2106700.0,2106700.0,0.0,2106700.0,570659.0707728,0.0,570659.0707728
RM16.187.01,660,2017-06-30,240303.0,0.0,240303.0,240303.0,0.0,240303.0,2608.39999999999,0.0,2608.39999999999
RM16.187.01,660,2018-06-30,289474.0,0.0,289474.0,289474.0,0.0,289474.0,6382.499999999976,0.0,6382.499999999976
RM16.187.01,660,2019-06-30,289474.0,0.0,289474.0,289474.0,0.0,289474.0,0.1,0.0,0.1
RM16.187.01,660,2020-06-30,289474.0,0.0,289474.0,289474.0,0.0,289474.0,10.6,0.0,10.6
RM16.187.01,660,2021-06-30,289474.0,0.0,289474.0,289474.0,0.0,289474.0,104269.403,0.0,104269.403
RM16.191.01,1312,2017-06-30,6242.0,0.0,6242.0,6242.0,0.0,6242.0,4.0,0.0,4.0
RM16.191.01,1312,2018-06-30,37352.0,0.0,37352.0,37352.0,0.0,37352.0,7678.509999999724,0.0,7678.509999999724
RM16.191.01,1312,2019-06-30,37352.0,0.0,37352.0,37352.0,0.0,37352.0,930.0,0.0,930.0
RM16.191.01,1312,2020-06-30,37352.0,0.0,37352.0,37352.0,0.0,37352.0,1176.82,0.0,1176.82
RM16.191.01,1312,2021-06-30,37352.0,0.0,37352.0,37352.0,0.0,37352.0,3329.0,0.0,3329.0
RM16.196.01.V1,1605,2017-06-30,27758.0,0.0,27758.0,0.0,0.0,0.0,,,
RM16.196.01.V1,1605,2018-06-30,33110.0,0.0,33110.0,0.0,0.0,0.0,,,
RM16.196.01.V1,1605,2019-06-30,33110.0,0.0,33110.0,0.0,0.0,0.0,,,
RM16.196.01.V1,1605,2020-06-30,33110.0,0.0,33110.0,0.0,0.0,0.0,,,
RM16.196.01.V1,1605,2021-06-30,33110.0,0.0,33110.0,0.0,0.0,0.0,,,
RM16.203.01,787,2017-06-30,7388.0,0.0,7388.0,7388.0,0.0,7388.0,7386.2,0.0,7386.2
RM16.203.01,787,2018-06-30,61285.0,0.0,61285.0,61285.0,0.0,61285.0,4466.8,0.0,4466.8
RM16.203.01,787,2019-06-30,61285.0,0.0,61285.0,61285.0,0.0,61285.0,19600.5,0.0,19600.5
RM16.203.01,787,2020-06-30,61285.0,0.0,61285.0,61285.0,0.0,61285.0,31410.3,0.0,31410.3
RM16.203.01,787,2021-06-30,61285.0,0.0,61285.0,61285.0,0.0,61285.0,49005.0,0.0,49005.0
RM16.203.02,1583,2017-06-30,7388.0,0.0,7388.0,0.0,0.0,0.0,,,
RM16.203.02,1583,2018-06-30,61285.0,0.0,61285.0,0.0,0.0,0.0,,,
RM16.203.02,1583,2019-06-30,61285.0,0.0,61285.0,0.0,0.0,0.0,,,
RM16.203.02,1583,2020-06-30,61285.0,0.0,61285.0,0.0,0.0,0.0,,,
RM16.203.02,1583,2021-06-30,61285.0,0.0,61285.0,0.0,0.0,0.0,,,
RM16.305.01,1170,2017-06-30,9651.5,0.0,9651.5,0.0,0.0,0.0,,,
RM16.305.01,1170,2018-06-30,57750.0,0.0,57750.0,0.0,0.0,0.0,,,
RM16.305.01,1170,2019-06-30,57750.0,0.0,57750.0,0.0,0.0,0.0,,,
RM16.305.01,1170,2020-06-30,57750.0,0.0,57750.0,0.0,0.0,0.0,,,
RM16.305.01,1170,2021-06-30,57750.0,0.0,57750.0,0.0,0.0,0.0,,,
RM16.305.01,541,2017-06-30,9651.5,0.0,9651.5,0.0,0.0,0.0,,,
RM16.305.01,541,2018-06-30,57750.0,0.0,57750.0,57750.0,0.0,57750.0,82022.69999999953,0.0,82022.69999999953
RM16.305.01,541,2019-06-30,57750.0,0.0,57750.0,57750.0,0.0,57750.0,62721.299999999836,0.0,62721.299999999836
RM16.305.01,541,2020-06-30,57750.0,0.0,57750.0,57750.0,0.0,57750.0,80693.9,0.0,80693.9
RM16.305.01,541,2021-06-30,57750.0,0.0,57750.0,57750.0,0.0,57750.0,87622.1,0.0,87622.1
RM16.359.01,788,2018-06-30,51211.0,0.0,51211.0,51211.0,0.0,51211.0,30889.6,0.0,30889.6
RM16.359.01,788,2019-06-30,61285.0,0.0,61285.0,61285.0,0.0,61285.0,32512.3,0.0,32512.3
RM16.359.01,788,2020-06-30,61285.0,0.0,61285.0,61285.0,0.0,61285.0,11931.4,0.0,11931.4
RM16.359.01,788,2021-06-30,61285.0,0.0,61285.0,61285.0,0.0,61285.0,19170.1,0.0,19170.1
RM16.359.02,1484,2018-06-30,51211.0,0.0,51211.0,51211.0,0.0,51211.0,17071.81818134565,0.0,17071.81818134565
RM16.359.02,1484,2019-06-30,61285.0,0.0,61285.0,61285.0,0.0,61285.0,26633.181817892153,0.0,26633.181817892153
RM16.359.02,1484,2020-06-30,61285.0,0.0,61285.0,61285.0,0.0,61285.0,29049.9,0.0,29049.9
RM16.359.02,1484,2021-06-30,61285.0,0.0,61285.0,61285.0,0.0,61285.0,49896.3,0.0,49896.3
RM17.077.01,218,2017-06-30,78904.0,0.0,78904.0,78904.0,0.0,78904.0,116805.0,0.0,116805.0
RM17.077.01,218,2018-06-30,360000.0,0.0,360000.0,360000.0,0.0,360000.0,138600.0,0.0,138600.0
RM17.077.01,218,2019-06-30,360000.0,0.0,360000.0,360000.0,0.0,360000.0,32914.0,0.0,32914.0
RM17.077.01,218,2020-06-30,360000.0,0.0,360000.0,360000.0,0.0,360000.0,29482.0,0.0,29482.0
RM17.077.01,218,2021-06-30,360000.0,0.0,360000.0,360000.0,0.0,360000.0,437331.0,0.0,437331.0
RM17.234.01,1588,2018-06-30,338996.0,0.0,338996.0,0.0,0.0,0.0,,,
RM17.234.01,1588,2019-06-30,496922.0,0.0,496922.0,0.0,0.0,0.0,,,
RM17.234.01,1588,2020-06-30,496922.0,0.0,496922.0,0.0,0.0,0.0,,,
RM17.234.01,1588,2021-06-30,496922.0,0.0,496922.0,0.0,0.0,0.0,,,
RM17.234.01,1589,2018-06-30,338996.0,0.0,338996.0,0.0,0.0,0.0,,,
RM17.234.01,1589,2019-06-30,496922.0,0.0,496922.0,0.0,0.0,0.0,,,
RM17.234.01,1589,2020-06-30,496922.0,0.0,496922.0,0.0,0.0,0.0,,,
RM17.234.01,1589,2021-06-30,496922.0,0.0,496922.0,0.0,0.0,0.0,,,
RM18.096.01,1528,2018-06-30,35078.0,0.0,35078.0,0.0,0.0,0.0,,,
RM18.096.01,1528,2019-06-30,220752.0,0.0,220752.0,0.0,0.0,0.0,,,
RM18.096.01,1528,2020-06-30,220752.0,0.0,220752.0,220752.0,0.0,220752.0,0.0,0.0,0.0
RM18.096.01,1528,2021-06-30,220752.0,0.0,220752.0,220752.0,0.0,220752.0,27.9,0.0,27.9
RM18.134.01,901,2018-06-30,701.0,0.0,701.0,0.0,0.0,0.0,,,
RM18.134.01,901,2019-06-30,7756.0,0.0,7756.0,7756.0,0.0,7756.0,0.0,0.0,0.0
RM18.134.01,901,2020-06-30,7756.0,0.0,7756.0,7756.0,0.0,7756.0,8531.089999998954,0.0,8531.089999998954
RM18.134.01,901,2021-06-30,7756.0,0.0,7756.0,0.0,0.0,0.0,,,
RM18.193.01,1505,2019-06-30,61856.0,61856.0,0.0,61856.0,61856.0,0.0,12675.559999999976,12675.559999999976,0.0
RM18.193.01,1505,2020-06-30,67800.0,67800.0,0.0,67800.0,67800.0,0.0,30541.719999999837,30541.719999999837,0.0
RM18.193.01,1505,2021-06-30,67800.0,67800.0,0.0,67800.0,67800.0,0.0,41284.1,41284.1,0.0
RM18.310.01,1524,2019-06-30,322176.0,0.0,322176.0,0.0,0.0,0.0,,,
RM18.310.01,1524,2020-06-30,708400.0,0.0,708400.0,708400.0,0.0,708400.0,27690.0,0.0,27690.0
RM18.310.01,1524,2021-06-30,708400.0,0.0,708400.0,0.0,0.0,0.0,,,
RM18.322.01,1418,2020-06-30,2804.0,2804.0,0.0,0.0,0.0,0.0,,,
RM18.322.01,1418,2021-06-30,36646.0,36646.0,0.0,36646.0,36646.0,0.0,21131.99999999009,21131.99999999009,0.0
RM18.434.01,1574,2019-06-30,512030.0,0.0,512030.0,0.0,0.0,0.0,,,
RM18.434.01,1574,2020-06-30,1988201.0,0.0,1988201.0,0.0,0.0,0.0,,,
RM18.434.01,1574,2021-06-30,1988201.0,0.0,1988201.0,1988201.0,0.0,1988201.0,1.0,0.0,1.0
RM18.434.01,1575,2019-06-30,512030.0,0.0,512030.0,0.0,0.0,0.0,,,
RM18.434.01,1575,2020-06-30,1988201.0,0.0,1988201.0,0.0,0.0,0.0,,,
RM18.434.01,1575,2021-06-30,1988201.0,0.0,1988201.0,1988201.0,0.0,1988201.0,7029.999999990345,0.0,7029.999999990345
RM19.097.01,1181,2020-06-30,20483.0,0.0,20483.0,20483.0,0.0,20483.0,13867.999999999904,0.0,13867.999999999904
RM19.097.01,1181,2021-06-30,26491.0,0.0,26491.0,26491.0,0.0,26491.0,17534.999999999935,0.0,17534.999999999935
RM19.384.01,1228,2020-06-30,24380.0,0.0,24380.0,24380.0,0.0,24380.0,24362.49999988737,0.0,24362.49999988737
RM19.384.01,1228,2021-06-30,58320.0,0.0,58320.0,58320.0,0.0,58320.0,23204.19999999991,0.0,23204.19999999991
RM19.388.01,582,2020-06-30,17101.0,0.0,17101.0,0.0,0.0,0.0,,,
RM19.388.01,582,2021-06-30,152658.0,0.0,152658.0,152658.0,0.0,152658.0,133641.069999386,0.0,133641.069999386
RM19.413.01,591,2020-06-30,39150.0,0.0,39150.0,0.0,0.0,0.0,,,
RM19.413.01,591,2021-06-30,93653.5,0.0,93653.5,0.0,0.0,0.0,,,
RM19.413.01,593,2020-06-30,39150.0,0.0,39150.0,0.0,0.0,0.0,,,
RM19.413.01,593,2021-06-30,93653.5,0.0,93653.5,0.0,0.0,0.0,,,
RM20.257.01,1565,2021-06-30,133629.0,0.0,133629.0,0.0,0.0,0.0,,,
