name,permit_id,water_meter_no,WellNumber,consent_b_x,consent_b_y,consent_x,consent_y,well_name,well_x,well_y,use_x,use_y,i,j,k,ibound
w_000,2000.382.V1,1322,G40/0047,1300686.0,5049831.0,1300686.44,5049881.48,g40_0047,1300686.44,5049881.48,1300686.44,5049881.48,60,44,0,0.0
w_001,RM11.177.01,592,F40/0304,1299625.0,5042176.0,1299618.62,5042186.69,f40_0304,,,1299618.62,5042186.69,137,33,0,0.0
w_002,RM12.548.01.V2,1042,G40/0311,1303997.667,5050615.667,1304132.0,5050416.0,g40_0311,1304132.0,5050416.0,1304132.0,5050416.0,55,78,0,1.0
w_003,RM12.356.01,635,G40/0266,1305944.0,5050908.0,1305944.83,5050907.51,g40_0266,,,1305944.83,5050907.51,50,96,0,1.0
w_004,RM12.213.02,625,G40/0296,1302328.0,5046003.0,1302315.0,5045980.0,g40_0296,1302315.0,5045980.0,1302315.0,5045980.0,99,60,0,1.0
w_005,RM12.116.01,1058,F40/0204,1299306.0,5041569.0,1299315.8,5041563.98,f40_0204,,,1299315.8,5041563.98,143,30,0,0.0
w_006,RM11.352.01,618,G40/0307,1302344.0,5047191.0,1302289.39,5047215.4,g40_0307,,,1302289.39,5047215.4,87,60,0,1.0
w_007,RM11.257.01,617,G40/0294,1302496.0,5047325.0,1302496.48,5047324.62,g40_0294,1302496.48,5047324.62,1302496.48,5047324.62,86,62,0,1.0
w_008,RM10.388.01.V2,1259,G40/0194,1300534.0,5042588.0,1300533.07,5042588.62,g40_0194,,,1300533.07,5042588.62,133,42,0,0.0
w_009,2008.132,899,G40/0261,1303566.0,5048821.0,1303566.34,5048821.45,g40_0261,1303566.34,5048821.45,1303566.34,5048821.45,71,73,0,1.0
w_010,RM10.365.01,1016,G40/0288,1301487.0,5042963.0,1301487.0,5042957.0,g40_0288,,,1301487.0,5042957.0,129,52,0,0.0
w_011,97204.V1,1317,F40/0059,1299826.0,5041485.0,1299843.18,5041485.86,f40_0059,,,1299843.18,5041485.86,144,35,0,0.0
w_012,2010.075.V1,935,F40/0334,1298649.0,5041794.0,1298655.0,5041790.0,f40_0334,,,1298655.0,5041790.0,141,24,0,0.0
w_013,2008.520.V1,915,G40/0206,1309537.0,5037089.0,1309441.82,5036979.51,g40_0206,,,1309441.82,5036979.51,189,131,0,0.0
w_014,2008.520.V1,914,G40/0206,1309537.0,5037089.0,1309441.82,5036979.51,g40_0206,,,1309441.82,5036979.51,189,131,0,0.0
w_015,2008.520.V1,1475,G40/0206,1309537.0,5037089.0,1309441.82,5036979.51,g40_0206,,,1309441.82,5036979.51,189,131,0,0.0
w_016,RM12.548.01.V2,1043,G40/0299,1303997.667,5050615.667,1304095.34,5051060.49,g40_0299,,,1304095.34,5051060.49,48,78,0,1.0
w_017,2000.388,1300,F40/0212,1297840.0,5042160.0,1297856.23,5042136.46,f40_0212,,,1297856.23,5042136.46,137,16,0,0.0
w_018,RM13.053.01,626,G40/0226,1302512.0,5047561.0,1302511.33,5047564.82,g40_0226,1302511.33,5047564.82,1302511.33,5047564.82,83,62,0,1.0
w_019,RM13.244.01,648,G40/0315,1304858.0,5051941.0,1304866.0,5051944.0,g40_0315,,,1304866.0,5051944.0,39,86,0,1.0
w_020,RM13.244.02,649,G42/0791,1305137.0,5051946.0,1305133.57,5051947.79,g42_0791,,,1305133.57,5051947.79,39,88,0,1.0
w_021,RM13.282.01,1089,F40/0155,1296650.0,5002626.0,1297319.95,5047988.87,f40_0155,,,1297319.95,5047988.87,79,10,0,0.0
w_022,RM13.307.01,1144,G40/0327,1300403.0,5045100.0,1300380.0,5045169.0,g40_0327,1300380.0,5045169.0,1300380.0,5045169.0,107,41,0,1.0
w_023,RM13.369.01,653,G40/0325,1302060.0,5047093.0,1302060.0,5047093.0,g40_0325,1302060.0,5047093.0,1302060.0,5047093.0,88,58,0,1.0
w_024,RM13.495.01,734,F40/0200,1297996.0,5044265.0,1297996.0,5044265.0,f40_0200,,,1297996.0,5044265.0,116,17,0,0.0
w_025,RM14.023.01,1104,G40/0335,1307809.0,5038607.0,1307809.442,5038606.553,g40_0335,,,1307809.442,5038606.553,173,115,0,1.0
w_026,RM14.073.01,1349,G40/0338,1302089.0,5047422.5,1302396.0,5048021.0,g40_0338,1302396.0,5048021.0,1302396.0,5048021.0,79,61,0,1.0
w_027,RM14.073.01,1350,G40/0339,1302089.0,5047422.5,1302396.0,5047823.0,g40_0339,1302396.0,5047823.0,1302396.0,5047823.0,81,61,0,1.0
w_028,RM14.073.01,1351,G40/0388,1302089.0,5047422.5,1301875.0,5046964.0,g40_0388,1301875.0,5046964.0,1301875.0,5046964.0,89,56,0,1.0
w_029,RM14.073.01,1352,G40/0389,1302089.0,5047422.5,1301753.0,5046885.0,g40_0389,1301753.0,5046885.0,1301753.0,5046885.0,90,55,0,1.0
w_030,RM14.225.01,1165,G40/0348,1310366.0,5032461.0,1310372.0,5032466.0,g40_0348,,,1310372.0,5032466.0,234,141,0,0.0
w_031,RM14.306.01,1193,G40/0353,1308623.0,5038851.0,1308571.0,5038822.0,g40_0353,,,1308571.0,5038822.0,171,123,0,0.0
w_032,RM14.306.01,1194,G40/0354,1308623.0,5038851.0,1308623.0,5038815.0,g40_0354,,,1308623.0,5038815.0,171,123,0,0.0
w_033,2008.277.V2,902,F40/0316,1299526.0,5041685.0,1299538.84,5041766.3,f40_0316,,,1299538.84,5041766.3,141,32,0,0.0
w_034,RM12.548.01.V2,1044,G40/0310,1303997.667,5050615.667,1303780.0,5050380.0,g40_0310,1303779.52,5050379.78,1303779.52,5050379.78,55,75,0,1.0
w_035,2006.269.V1,860,G40/0225,1310085.5,5033708.0,1310130.71,5033728.63,g40_0225,,,1310130.71,5033728.63,221,138,0,0.0
w_036,2003.572.V1,343,G40/0185,1305320.0,5039877.5,1305307.66,5039866.76,g40_0185,1305307.66,5039866.76,1305307.66,5039866.76,160,90,0,0.0
w_037,2001.122,1158,G40/0054,1305460.5,5046180.5,1305494.0,5046168.0,g40_0054,1305493.53,5046167.66,1305493.53,5046167.66,97,92,0,1.0
w_038,2005.448.V2,824,G40/0245,1309639.0,5034687.0,1309723.66,5034741.07,g40_0245,,,1309723.66,5034741.07,211,134,0,0.0
w_039,2001.953,1327,F40/0250,1297188.5,5039018.0,1297188.84,5039010.45,f40_0250,,,1297188.84,5039010.45,169,9,0,0.0
w_040,2001.953,1545,F40/0250,1297188.5,5039018.0,1297188.84,5039010.45,f40_0250,,,1297188.84,5039010.45,169,9,0,0.0
w_041,2002.159.V1,219,G40/0171,1306215.0,5050149.5,1306204.0,5050203.0,g40_0171,,,1306204.0,5050203.0,57,99,0,1.0
w_042,2002.336,415,F40/0241,1298093.0,5041270.0,1298169.0,5041288.0,f40_0241,,,1298169.0,5041288.0,146,19,0,0.0
w_043,2002.427.V1,254,F40/0259,1297787.0,5050600.5,1297754.59,5050710.35,f40_0259,,,1297754.59,5050710.35,52,15,0,1.0
w_044,2002.798,297,G40/0174,1305150.5,5049002.5,1305076.37,5049009.54,g40_0174,,,1305076.37,5049009.54,69,88,0,1.0
w_045,2003.076.V1,303,G40/0179,1305165.5,5047511.5,1305205.42,5047529.51,g40_0179,,,1305205.42,5047529.51,83,89,0,1.0
w_046,2003.271,323,,1300436.5,5041783.5,,,,,,1300436.5,5041783.5,141,41,0,0.0
w_047,2003.291.V1,324,F40/0056,1296862.0,5039100.5,1296860.47,5039099.78,f40_0056,,,1296860.47,5039099.78,168,6,0,0.0
w_048,2003.315.V1,329,F40/0063,1297198.5,5043174.5,1297173.98,5043163.85,f40_0063,,,1297173.98,5043163.85,127,9,0,0.0
w_049,2003.328.V1,331,,1297604.0,5043820.0,,,,,,1297604.0,5043820.0,121,13,0,0.0
w_050,2003.328.V1,332,,1297604.0,5043820.0,,,,,,1297604.0,5043820.0,121,13,0,0.0
w_051,2001.791.V1,114,F40/0221,1299411.0,5041312.0,1299396.02,5041338.86,f40_0221,,,1299396.02,5041338.86,145,31,0,0.0
w_052,2003.586,65,G40/0189,1301634.5,5042494.5,1301642.01,5042502.3,g40_0189,,,1301642.01,5042502.3,134,53,0,0.0
w_053,2003.963.V1,376,G40/0212,1310153.0,5033522.0,1310165.87,5033557.53,g40_0212,,,1310165.87,5033557.53,223,139,0,0.0
w_054,2005.222.V1,438,F40/0130,1297616.0,5042978.0,1297708.54,5042971.05,f40_0130,,,1297708.54,5042971.05,129,14,0,0.0
w_055,2003.590,345,G40/0196,1306147.333,5053055.333,1306159.0,5053084.0,g40_0196,,,1306159.0,5053084.0,28,99,2,1.0
w_056,2005.201.V1,437,G40/0229,1309337.0,5037289.0,1309284.0,5037203.0,g40_0229,,,1309284.0,5037203.0,187,130,0,0.0
w_057,2004.884.V1,786,G40/0159,1303500.5,5047606.5,1303476.04,5047621.47,g40_0159,,,1303476.04,5047621.47,83,72,0,1.0
w_058,2004.587,1152,G40/0210,1305463.5,5047443.5,1305499.67,5047492.67,g40_0210,1305499.67,5047492.67,1305499.67,5047492.67,84,92,0,1.0
w_059,2004.005.V1,741,G40/0205,1305093.0,5047989.0,1305075.0,5047995.0,g40_0205,1305075.0,5047995.0,1305075.0,5047995.0,79,88,0,1.0
w_060,2003.789.V1,362,G40/0192,1309771.333,5035287.333,1309879.52,5035090.44,g40_0192,1309879.52,5035090.44,1309879.52,5035090.44,208,136,0,0.0
w_061,2003.789.V1,361,G40/0191,1309771.333,5035287.333,1309789.16,5035484.66,g40_0191,1309789.16,5035484.66,1309789.16,5035484.66,204,135,0,0.0
w_062,2003.789.V1,360,G40/0180,1309771.333,5035287.333,1309828.34,5035283.55,g40_0180,1309828.34,5035283.55,1309828.34,5035283.55,206,135,0,0.0
w_063,2003.761,1229,G40/0176,1310219.5,5036423.5,1310200.75,5036457.68,g40_0176,1310200.75,5036457.68,1310200.75,5036457.68,194,139,0,0.0
w_064,2003.754,358,G40/0204,1306029.5,5051822.5,1306624.78,5051797.59,g40_0204,1306624.78,5051797.59,1306624.78,5051797.59,41,103,0,1.0
w_065,2003.634.V1,347,G40/0181,1306192.5,5052095.0,1306261.33,5052091.59,g40_0181,1306261.33,5052091.59,1306261.33,5052091.59,38,100,0,1.0
w_066,2005.369.V2,441,G40/0237,1305271.0,5048928.0,1305314.58,5048960.66,g40_0237,,,1305314.58,5048960.66,69,90,0,1.0
w_067,RM16.085.01,1341,G40/0386,1308690.0,5038380.0,1308709.0,5038385.0,g40_0386,,,1308709.0,5038385.0,175,124,0,0.0
w_068,RM15.246.01,1164,G40/0375,1307970.0,5038570.0,1307970.0,5038570.0,g40_0375,,,1307970.0,5038570.0,173,117,0,1.0
w_069,RM16.057.01,1456,G40/0215,1309179.0,5036786.0,1309136.73,5036788.15,g40_0215,,,1309136.73,5036788.15,191,128,0,0.0
w_070,RM14.280.01,1197,F40/0262,1298816.0,5050048.0,1298811.84,5050063.47,f40_0262,,,1298811.84,5050063.47,58,25,0,1.0
w_071,RM14.165.01,1452,F40/0257,1297824.0,5042885.0,1297823.63,5042985.13,f40_0257,,,1297823.63,5042985.13,129,15,0,0.0
w_072,RM16.196.01.V1,1605,G40/0371,1306547.0,5040018.0,1306547.0,5040018.0,g40_0371,1306547.0,5040018.0,1306547.0,5040018.0,159,102,0,1.0
w_073,RM16.305.01,541,F40/0380,1298782.0,5041652.0,1298779.0,5041655.0,f40_0380,,,1298779.0,5041655.0,142,25,0,0.0
w_074,RM16.305.01,1170,F40/0380,1298782.0,5041652.0,1298779.0,5041655.0,f40_0380,,,1298779.0,5041655.0,142,25,0,0.0
w_075,RM16.203.02,1583,F40/0207,1297924.0,5042384.0,1297924.11,5042384.71,f40_0207,,,1297924.11,5042384.71,135,16,0,0.0
w_076,RM16.203.01,787,F40/0206,1297954.0,5042688.0,1297954.93,5042688.98,f40_0206,,,1297954.93,5042688.98,132,17,0,0.0
w_077,RM16.191.01,1312,F40/0375,1298821.0,5041449.0,1298821.0,5041449.0,f40_0375,,,1298821.0,5041449.0,144,25,0,0.0
w_078,RM16.187.01,660,F40/0133,1297152.0,5051701.0,1297151.49,5051700.78,f40_0133,,,1297151.49,5051700.78,42,9,0,1.0
w_079,RM15.288.02,974,F40/0165,1298772.0,5043013.0,1298775.38,5043011.79,f40_0165,,,1298775.38,5043011.79,129,25,0,0.0
w_080,RM15.010.01,1062,G40/0663,1304630.0,5048790.0,1304657.0,5048809.0,g40_0663,,,1304657.0,5048809.0,71,84,0,1.0
w_081,RM17.077.01,218,F40/0196,1297890.0,5050965.0,1297896.54,5050966.64,f40_0196,,,1297896.54,5050966.64,49,16,0,1.0
w_082,RM17.234.01,1588,G40/0207,1309999.5,5034419.0,1309960.9,5034651.18,g40_0207,,,1309960.9,5034651.18,212,137,0,0.0
w_083,RM18.096.01,1528,G40/0418,1310455.0,5033585.0,1310455.0,5033585.0,g40_0418,,,1310455.0,5033585.0,223,142,0,0.0
w_084,RM18.134.01,901,G40/0219,1300677.0,5047066.0,1300677.0,5047066.0,g40_0219,1300677.22,5047066.26,1300677.22,5047066.26,88,44,0,1.0
w_085,RM17.234.01,1589,G40/0217,1309999.5,5034419.0,1310039.3,5034186.9,g40_0217,,,1310039.3,5034186.9,217,137,0,0.0
w_086,RM16.359.01,788,F40/0208,1298555.0,5042987.0,1298556.22,5042985.62,f40_0208,,,1298556.22,5042985.62,129,23,0,0.0
w_087,RM16.359.02,1484,F40/0205,1298116.5,5042996.5,1298009.0,5042993.0,f40_0205,,,1298009.0,5042993.0,129,17,0,0.0
w_088,RM14.278.01.V1,1297,G40/0287,1303346.0,5053599.0,1303346.21,5053598.97,g40_0287,,,1303346.21,5053598.97,23,70,2,1.0
w_089,RM14.278.01.V1,1407,G40/0287,1303346.0,5053599.0,1303346.21,5053598.97,g40_0287,,,1303346.21,5053598.97,23,70,2,1.0
w_090,RM18.310.01,1524,G40/0414,1305940.0,5053431.0,1305940.0,5053461.0,g40_0414,,,1305940.0,5053461.0,24,96,2,1.0
w_091,RM19.097.01,1181,G40/0103,1302529.0,5040887.0,1302528.81,5040886.63,g40_0103,1302528.81,5040886.63,1302528.81,5040886.63,150,62,0,0.0
w_092,RM19.384.01,1228,G40/0262,1310156.0,5032627.333,1310162.58,5032595.82,g40_0262,,,1310162.58,5032595.82,233,139,0,0.0
w_093,RM19.388.01,582,G40/0046,1303647.0,5048937.0,1303924.7,5048693.58,g40_0046,1303924.7,5048693.58,1303924.7,5048693.58,72,76,0,1.0
w_094,RM19.413.01,591,G40/0050,1305165.0,5038067.0,1305062.0,5038106.0,g40_0050,,,1305062.0,5038106.0,178,88,0,0.0
w_095,RM19.413.01,593,G40/0440,1305165.0,5038067.0,1305208.0,5038075.0,g40_0440,,,1305208.0,5038075.0,178,89,0,0.0
w_096,RM20.257.01,1565,CA13/0106,1301843.0,5047123.0,1301843.0,5047123.0,ca13_0106,1301843.0,5047123.0,1301843.0,5047123.0,88,55,0,1.0
w_097,RM14.342.01,1439,G40/0370,1303862.5,5043022.0,1303931.0,5043017.0,g40_0370,,,1303931.0,5043017.0,129,76,0,1.0
w_098,RM14.342.01,1439,G40/0340,1303862.5,5043022.0,1303789.0,5043035.0,g40_0340,1303789.0,5043035.0,1303789.0,5043035.0,128,75,0,1.0
w_099,RM14.342.01,G40/0422,G40/0370,1303862.5,5043022.0,1303931.0,5043017.0,g40_0370,,,1303931.0,5043017.0,129,76,0,1.0
w_100,RM14.342.01,G40/0422,G40/0340,1303862.5,5043022.0,1303789.0,5043035.0,g40_0340,1303789.0,5043035.0,1303789.0,5043035.0,128,75,0,1.0
w_101,RM14.342.01,1438,G40/0370,1303862.5,5043022.0,1303931.0,5043017.0,g40_0370,,,1303931.0,5043017.0,129,76,0,1.0
w_102,RM14.342.01,1438,G40/0340,1303862.5,5043022.0,1303789.0,5043035.0,g40_0340,1303789.0,5043035.0,1303789.0,5043035.0,128,75,0,1.0
w_103,RM16.158.02.V1,1442,G40/0390,1302382.0,5047503.0,1302327.0,5047352.0,g40_0390,,,1302327.0,5047352.0,85,60,0,1.0
w_104,RM16.158.02.V1,1442,G40/0400,1302382.0,5047503.0,1302417.0,5047690.0,g40_0400,1305350.0,5047917.0,1305350.0,5047917.0,80,90,0,1.0
w_105,RM16.158.02.V1,1442,G40/0391,1302382.0,5047503.0,1302623.0,5048210.0,g40_0391,,,1302623.0,5048210.0,77,63,0,1.0
w_106,RM18.434.01,1574,G40/0355,1310597.667,5034134.333,1310683.0,5034010.0,g40_0355,,,1310683.0,5034010.0,219,144,0,0.0
w_107,RM18.434.01,1574,G40/0356,1310597.667,5034134.333,1310596.0,5034192.0,g40_0356,,,1310596.0,5034192.0,217,143,0,0.0
w_108,RM18.434.01,1574,G40/0369,1310597.667,5034134.333,1310514.0,5034201.0,g40_0369,,,1310514.0,5034201.0,217,142,0,0.0
w_109,RM18.434.01,1575,G40/0355,1310597.667,5034134.333,1310683.0,5034010.0,g40_0355,,,1310683.0,5034010.0,219,144,0,0.0
w_110,RM18.434.01,1575,G40/0356,1310597.667,5034134.333,1310596.0,5034192.0,g40_0356,,,1310596.0,5034192.0,217,143,0,0.0
w_111,RM18.434.01,1575,G40/0369,1310597.667,5034134.333,1310514.0,5034201.0,g40_0369,,,1310514.0,5034201.0,217,142,0,0.0
