Well Number,Description,Depth,Geology,Lithology
F40/0198,Very Sandy GRAVELS,24.7,,GRSA
G43/0222,Silty SAND fine GRAVELS,2,,GRSISA
G45/0152,"ROCK, water",28,,TERT
F41/0341,BOULDER Schist,9.8,,BO
G41/0416,large Sandy GRAVELS ,25,,CGRSA
F40/0238,Silty SAND and GRAVELS ,38.6,,GRSISA
F41/0425,TOPSOIL ,0.4,,SOIL
J42/0177,Blue MUDSTONE ,24,,MS
F41/0305,Silty Sandy GRAVELS ,6.2,,GRSISA
C-2010,Pale grey sandy/Silty MUDSTONE ,18.8,,MS
G42/0708,Silty Sandy GRAVELS ,32.6,,GRSISA
G45/0214,Oxidised GREYWACKE ROCK ,31.1,,BaseRock
I43/0039,Green Brown MUDSTONE ,54.7,,MS
I44/0815,Green-brown CLAY ,11.1,,CL
I44/1079,Blue CLAY ,30.2,,CL
G40/0212,Grey Silty SAND ,41.4,,SISA
G41/0308,TOPSOIL,0.2,,SOIL
J41/0717,Claybound small GRAVELS ,9,,FGRCL
C-2021,MUDSTONE ,116,,MS
J41/0520,SAND,27,,SA
G40/0133,Claybound SAND,14.8,,CLSA
C-2015,White Sandy MUDSTONE,5.9,,MS
G42/0667,loose Sandy GRAVELS,68.5,,GRSA
J41/0574,Yellow CLAY,13.6,,CL
F40/0093,GRAVELS and WOOD,1,,GRWO
G41/0339,QUARTZ GRAVEL,5.9,,GR
G40/0185,Silty Sandy GRAVELS and COBBLES,22.6,,CGRSISA
I44/1056,Grey CLAY,19.3,,CL
I44/0900,CLAY,27.9,,CL
G45/0244,TOPSOIL,0.25,,SOIL
C-2044,MUDSTONE,79.5,,MS
G42/0822,Sandy coarse GRAVEL,9.3,,CGRSA
G40/0202,Brown Sandy quartz GRAVELS,21.1,,GRSA
H42/0102,Yellow CLAY,0.75,,CL
ECL 2013-22,MEDIUM GRAVELLY coarse SAND GREY,11,,CGRSA
G42/0791,SOIL,0.3,,SOIL
I44/1051A,CLAY,8.7,,CL
G46/0140,Sandy CLAY,1.4,,CLSA
I44/0791,CLAY,17,,CL
G42/0768,GRAVEL some BOULDERS,23,,BOGR
G40/0172,TOPSOIL,0.4,,SOIL
C-2011,Sandy MUDSTONE,166.3,,MS
I44/1144,"Sandy fine to medium GRAVELS with some Silt, grey, well graded, also containing interbeds of coarse Gravel and Sands",39.5,,GRSISA
G44/0212,CLAY,3,,CL
C-2032,Bedded Silty MUDSTONES with subordinate fine Sandy MUDSTONES,123.5,,MS
J41/0486,Grey waxy MUDSTONE,55.2,,MS
G41/0248,Sandy GRAVELS,24.75,,GRSA
F41/0242,Grey CLAY,29,,CL
J43/0110,"Loess SILT, brown, moist",5,,SI
G45/0226,Brown CLAY with GRAVELS,7.9,,GRCL
I44/1078,CLAY,7.2,,CL
C-2019,Grey MUDSTONE with band of grey green siltsone,30.4,,MS
G42/0637,Yellow Silty Sandy GRAVEL,3.1,,GRSISA
F40/0344-3,Grey SILT,30,,SI
I44/0782,Fine GRAVEL,32,,FGR
I44/0089,Quartz GRAVEL (water bearing),59.75,,GR
G40/0042,TOPSOIL,0.4,,SOIL
J41/0006,Yellow Brown silt like CLAY,7.75,,CLSI
J41/0383,Brown Silty CLAY,4.4,,CLSI
F41/0324,Sandy green/grey GRAVELS,36.4,,GRSA
G40/0154,Yellow CLAY,34.7,,CL
J41/0288,"GRAVELS, COBBLES and SAND",8,,CGRSA
G43/0213,Silty Sandy small GRAVELS,21.5,,FGRSISA
C-2013,Fine-med quartzose GRAVELS and SANDS,30.3,,FGRSA
G45/0267,Grey SAND,98,,SA
J41/0512,CLAY,4.57,,CL
G42/0784,Green Silty fine SAND,20,,SISA
J42/0120,Topsoil,0.4,,SOIL
G41/0364,Yellow Silty GRAVELS,12,,GRSI
G42/0571,Sandy coarse GRAVEL,27,,CGRSA
G40/0300,CLAY,12.4,,CL
G40/0413,"Damp Claybound GRAVELS, medium",40.5,,GRCL
G45/0186,Blue PUG and ROCK,40.5,,CL
I44/0738,Yellow SAND,29.3,,SA
C-2020,White MUDSTONE,68.8,,MS
I44/0030,CLAY,13.3,,CL
I44/0734,Gravel and Boulders,5.8,,BOGR
G46/0147-1,Claybound GRAVELS,24,,GRCL
G41/0467,TOPSOIL,0.2,,SOIL
F40/0348,Silty Angular GRAVELS,1.4,,SI
G40/0264,SAND,11.5,,SA
F40/0213,Grey Silty Sandy GRAVELS,7.6,,GRSISA
G41/0230,BOULDERS,24.8,,BO
ECL 2013-3,SAND BROWN,22,,SA
G42/0865,Blue SILT,7.5,,SI
F41/0186,Very Silty Sandy GRAVEL,14.2,,GRSISA
G42/0131,Topsoil,0.5,,SOIL
I44/0760,Brown CLAY,25.3,,CL
E41/0106,"Sandy GRAVELS, damp",24,,GRSA
G41/0319,Fine SAND,38,,FSA
F40/0271,Silty Sandy Flat Angular GRAVELS,23.5,,GRSISA
G41/0115,Small Sandy GRAVELS,19.5,,FGRSA
J41/0583,White and Brown small GRAVELS and SAND,6,,GRSA
F41/0448,Silty coarse outwash GRAVELS,22.1,,CGRSI
I44/0516,CLAY,4,,CL
I44/0109,Sandy GRAVELS,24.7,,GRSA
J42/0170,Moist brown CLAY,17,,CL
G41/0480,Silty coarse GRAVELS,11.6,,GRSI
ECL 2013-16,MEDIUM to coarse Sandy medium GRAVEL grey BROWN,6,,GRSA
C-2049,Subrounded GRAVELS quartz 70% and Schist30%,2,,GR
G42/0204,Sandy CLAY,31.6,,CLSA
J41/0392,Brown SILTSTONE,26.9,,MS
H42/0187,Grey Blue PUG,7.7,,CL
I44/0772,GRAVEL,9.45,,GR
F40/0115,CLAY,1.4,,CL
I44/0935,Volcanic GRIT and CLAY,8.4,,CSACL
G42/0776,SAND GRAVELS,4,,GRSA
F40/0298,Grey SCHIST rock,15,,SCHIST
I44/1027,CLAY,16.3,,CL
G43/0153,Sandy brown GRAVELS,7.5,,GRSA
H41/0165,SANDS,35.8,,SA
I44/1119,Sandy SILT DARK GREY,1.1,,SISA
F41/0253,Clean GRAVELS with little Sand,34.3,,GRSA
J41/0146,GRAVEL,6.1,,GR
F41/0130,COAL and MUDSTONE,37,,COMS
H42/0197,Brown SAND,35.9,,SA
C-2044,LIGNITE - fractured and broken,46.4,,LIGN
G42/0788,"Grey Psammitic GNEISS with strong Quartz segregation, minor fracturing",33.6,,TERT
F41/0446A,SCHIST,6,,SCHIST
C-2060,W carbonaceous Sandy MUDSTONE,88.3,,MS
F40/0335,"Silty Sandy GRAVELS, some Cobbles",22.5,,CGRSISA
F40/0344-1,Loose grey Silty Sandy GRAVELS,10.5,,GRSISA
H46/0162,Blue ROCK,200,,TERT
G40/0318,Sandy GRAVELS,20.1,,GRSA
J41/0714,"SILT, reddish brown, Sandy",2,Weathered Tuff,SISA
F40/0295,Silts,1,,SI
G44/0120,Coarse GRAVELS,14,,CGR
I44/1006,"Silty GRAVELS, yellow, rounded",58.1,,GRSI
G40/0338,TOPSOIL,0.3,,SOIL
G42/0216,Quartz GRIT,23.4,,CSA
G42/0403,COBBLES and BOULDERS,31.5,,BOCGR
G40/0152,Coarse Cobbly GRAVELS,4.9,,CGR
H42/0200,Blue SILT,30.5,,SI
J41/0577,Dark grey ROCK with black specks,41,,TERT
J41/0750,Weathered ROCK,19.5,,TERT
C-2044,W carbonaceous MUDSTONE,17,,MS
G41/0339,Yellow Sandy coarse GRAVEL,4.4,,GRSA
I44/0753,Fine medium brown GRAVEL (water bearing),36.5,,FGR
G43/0239,TERTIARY CLAY,12.8,,CL
G42/0630,Fine CLAY some Grit,55.6,,FCLCSA
J41/0290,Small to large grey and brown GRAVELS and SAND,27,,GRSA
G42/0547,CLAY,17.6,,CL
G41/0134,Brown Sandy SILTS and GRAVEL,8,,GRSISA
J43/0006,GRAVEL and SAND,9.14,,GRSA
G40/0294,CLAY,47.7,,CL
G42/0177,SCHIST Rock,20,,SCHIST
G45/0100,Brown MUDSTONE,12.5,,MS
G41/0228,"Large boulders, some GRAVELS, some Sand",23.1,,BOGRSA
I44/0997,Quartz GRAVELS and River GRAVELS good flows,25,,GR
J41/0207,Grey brown CLAY packed with Quartz GRAVELS,113.4,,CLGR
H45/0334,Sandy GRAVEL grey pieces of CONCRETE FILL,1.2,,FILL
I44/0937,Grey Claybound GRAVEL,13,,GRCL
G44/0103,Sandy GRAVELS and CLAY,22.4,,GRCLSA
I44/1022,"River GRAVELS, Quartz and SAND",23.1,,GRSA
G40/0065,Yellow Silty Sandy GRAVEL,33.2,,GRSISA
I44/0721,Topsoil,1.8,,SOIL
F42/0145,SAND Silty odd GRAVEL,36.2,,GRSISA
G44/0247,ROCK,21,,TERT
F40/0259,Lightly Claybound GRAVELS,19,,GRCL
F41/0481A,Brown SILT/SAND,6.1,,SISA
F40/0300,Silty Sandy coarse GRAVEL with COBBLES,17.5,,CGRSISA
J41/0121,MUDSTONE,6.2,,MS
I44/0759,Loose SAND and GRAVEL,14.8,,GRSA
F41/0099,Silty SCHIST GRAVEL,10.1,,GRSI
G44/0205,Silts,0.2,,SI
G43/0077,Yellow HEAVY Claybound GRAVELS,14.5,,GRCL
I44/0545,GRAVELS light Claybound,18.3,,GRCL
J41/0593,Dark grey SILTSTONE,29.2,,SS
I44/0627,Blue Sandy PUG,25.4,,CLSA
I44/0742,Yellow CLAY,17.4,,CL
G41/0292,loose Sandy GRAVEL,25.5,,GRSA
J41/0719,Tight Claybound GRAVELS,10.5,,CEGRCL
J41/0755,DARK grey SANDSTONE,28,,SS
ECL 2013-23,FINE GRAVELLY medium SAND LIGHT BROWN,23,,FGRSA
J42/0076,Soft CLAY,15.2,,CL
H43/0205,Claybound GRAVELS,3,,GRCL
G41/0487,Silty coarse GRAVELS,28.8,,GRSI
F40/0316,"Silty SCHIST, odd Cobble",36.5,,SCHIST
G40/0281,"TOPSOIL, odd Gravel Sands",2.6,,SOIL
C-2049,Bedded MUDSTONE and Silty MUDSTONE,63.3,,MS
G42/0125,Brown CLAY and GRAVELS,3,,GRCL
G42/0663,Fine GRAVELS,42,,FGR
J41/0272,"Blue and brown ROCK, blue Sandy MUDSTONE",51,,SAMS
H45/0297,Tight Silty GRAVELS,45.3,,GRSI
F40/0047,Sandy GRAVELS,13.2,,GRSA
G40/0013,Very Silty GRAVELS,26.7,,GRSI
G42/0704,"SCHIST ROCK and Quartz, fractured 86-87.5m",106,,SCHIST
J41/0742,DARK BROWN DAMP CLAY and SILT,15.6,,CLSI
I44/0750,Claybound GRAVEL,20.5,,GRCL
E41/0105,Sandy GRAVELS,47.6,,GRSA
G41/0378,Yellow SAND with small GRAVELS,14.5,,GRSA
F40/0358,TOPSOIL SILTS,1.2,,SOIL
G41/0112,BOULDER,6.1,,BO
G41/0429,Large GRAVELS,4,,CGR
C-2016,LIGNITE,166.7,,LIGN
H45/0306,Brown broken ROCK and yellow CLAY,25.75,,CL
I44/0701,Sandy CLAY,3.8,,CLSA
F40/0092,Wood,3,,WO
H41/0160,Light soil,0.3,,SOIL
I44/0781,Fine tight GRAVEL,37.8,,SOIL
ECL 2013-18,MEDIUM GRAVELLY SAND BROWNISH GREY,23.5,,GRSA
I44/0089,Loose GRAVEL (water bearing),80.8,,GR
F40/0385A,Sandy SILT with some Gravel,7.2,,GRSISA
F40/0243,SAND,17,,SA
G41/0405,Coarse Sandy GRAVELS,15.2,,CGRSA
G40/0356,Water bearing Sandy GRAVELS,8.5,,GRSA
G42/0104,Tertiary CLAY,30.74,,CL
G45/0146,ROCK,51,,TERT
I44/0968,Yellow CLAY and GRAVEL,30.7,,GRCL
I44/1038,Heavy Claybound GRAVELS,19.4,,GRCL
J41/0146,HARD GRAVELS,149.4,,GR
C-2044,Dark brown to black greasy Muddy LIGNITE,22.3,,LIGN
C-2009,"Bedded MUD/CLAYSTONE and Silty MUDSTONE, variable, well defined on scale 1 to 4 m",233.5,,CSSIMS
G42/0680,Sandy GRAVELS,23,,GRSA
G41/0459,GRAVELS,26.5,,GR
F41/0302,Schist Boulder,39.5,,BO
F45/0101,Quartz GRAVELS rounded,28,,GR
J41/0465,MOIST Silty GRAVELS,6,,GRSI
J41/0711,"Grey SAND with some Gravels, water",53,,SAGR
G45/0225,Firm grey Sandy GRAVELS,1.8,,GRSA
I44/0884,Small Claybound Broken Basalt 100 L/min,42.5,,VOLC
G40/0129,Sandy GRAVELS,26.4,,GRSA
E40/0102,Grey Sandy GRAVEL,3.5,,GRSA
F41/0360,SANDS Silty,33.5,,SISA
C-2017,W carbonaceous MUDSTONE,109,,MS
G43/0220,GRAVELS Sandy coarse,22.2,,GRSA
F41/0514,TOPSOIL,0.3,,SOIL
H43/0189,TOPSOIL,1.1,,SOIL
F41/0183,Silty Pug,30,,CLSI
I44/1069,CLAY,3.8,,CL
ECL 2013-1,MEDIUM to coarse SAND BROWN,24,,CSA
G41/0200,Sandy Claybound GRAVELS,18.7,,GRCLSA
I44/1050,Grey PUG,4,,CL
G41/0342,Coarse Cobbly GRAVELS,27.1,,CGR
I44/0821,Grey CLAY,42,,CL
J41/0770,TOPSOIL,0.4,,SOIL
F41/0343,Yellow orange Loose Sandy GRAVEL,4,,GRSA
G40/0260,VERY Sandy GRAVELS DAMP,21,,GRSA
H46/0157,GRAVELS,17.5,,GR
C-2033,Sandy MUDSTONE,126.2,,MS
I44/0747,Brown Claybound fine GRAVEL,30,,FGRCL
I43/0036,TOPSOIL,0.3,,SOIL
C-2005,CLAY/MUDSTONE,224.5,,CLMS
G42/0732,Very Silty Sandy GRAVELS,55.1,,GRSISA
G42/0763,Silty GRAVELS,22.2,,GRSI
F41/0137,Sandy Greywacke GRAVELS,18.2,,GRSA
G40/0242,Silts,1.5,,SI
J41/0523,Soft SANDSTONE,6.7,,SS
J42/0125,Gravelly fill and refuse WET,4,,FILL
G44/0175,GRAVEL,40,,GR
G41/0457,Silty GRAVELS,1,,GRSI
G40/0156,Yellow SAND,56,,SA
I44/1047,GRAVELS,13.8,,GR
J41/0560,White-grey CLAY,7.6,,CL
F40/0357-4,BOULDER,0.7,,BO
G41/0334,Firm CLAY,24,,CL
J41/0702,Coarse Cobbly GRAVEL,7,,CGR
G40/0193,Silty brown GRAVELS,28.43,,GRSI
G41/0285,Yellow Very Silty GRAVELS,15.1,,GRSI
G42/0729,Grey CLAY,61.9,,CL
G41/0386,Silty Sandy GRAVELS,28.4,,GRSISA
G42/0784,"Brown Silty CLAY, very hard",28,,CECLSI
J41/0001,MUDSTONE,87,,MS
I44/0624,CLAY,1.2,,CL
F40/0355-1,CLAY,5.6,,CL
C-2020,LIGNITE,74.2,,LIGN
G45/0195,TOPSOIL,0.3,,SOIL
F40/0173,Sandy GRAVEL,12.6,,GRSA
I44/0772,Brown and white Sandy GRAVEL (water bearing),41.75,,GRSA
ECL 2013-7,MEDIUM to coarse SAND medium to coarse GRAVEL and BOULDERS grey BROWN,25.6,,CGRSA
G40/0225,Silty Sandy GRAVEL,25.6,,GRSISA
I44/0030,CLAY,29.9,,CL
HWEOW40,BACKFILL Sandy SILT GRAVELS,7,,FILL
F41/0510,Sandy GRAVELS,7,,GRSA
F40/0221,Very Silty GRAVELS,12.2,,GRSI
I41/0021,TAPUI GLAUCONITIC SANDSTONE,89.3,TAPUI GLAUCONITIC SANDSTONE,SS
I44/0106,CLAY,19.6,,CL
G44/0230,CLAY,2,,CL
F41/0337,Sandy GRAVELS,13.9,,GRSA
H45/0338,Blue SANDS and Quartz GRAVELS,6.2,,GRSA
I42/0082,grey rocky loose ground,10,,GR
F40/0209,Brown SAND,2.7,,SA
J41/0734,Dry small to large Sandy grey GRAVELS,2.1,,GRSA
J41/0394,Brown weathered BASALT ROCK,13.5,,VOLC
F41/0468,Compact SANDSTONE,35.5,,CESS
F41/0298,Silts,7.9,,SI
C-2013,Med coarse mod weathered brown-grey greywacke GRAVELS with minor Sandy CLAY matrix,14,,GRCLSA
F40/0122,TOPSOIL CLAY,1.4,,SOIL
F41/0326,Sandy GRAVELS,9,,GRSA
I44/0847,CLAY,3.1,,CL
F41/0253,Sandy GRAVELS,8,,GRSA
G42/0788,Grey-Brown Silty CLAY,2.8,,CLSI
J41/0495,Grey MUDSTONE,29,,MS
G40/0210,Very Sandy small GRAVELS,18.8,,FGRSA
I44/0081,GRAVELS,7,,GR
G41/0269,SOIL,0.2,,SOIL
G42/0102,Sandy GRAVELS and COBBLES,17.8,,CGRSA
ECL 2013-15,MEDIUM Sandy medium GRAVEL GREY,15,,GRSA
G41/0320,Silty GRAVELS,40.4,,GRSI
H41/0001,"Green SCHIST facies, chlorite zone, well foliated, dark grey to light green",65,,SCHIST
F40/0342-3,Yellow SILT,5.7,,SI
G42/0626,Silty coarse SAND and GRAVELS,6,,GRSISA
I44/0784,Hard yellow CLAY with GRAVEL,32.3,,CGRCL
F40/0291,Silts,4.3,,SI
I44/0808,Grey SILT,7.5,,SI
G41/0462,Large GRAVELS,25.9,,CGR
E41/0137,Sandy GRAVEL,12.3,,GRSA
C-2030,Weak bedded muddy SANDSTONE possibly with some Gravels,76.3,,GRSA
I44/0990,Claybound GRAVELS,3.8,,GRCL
I44/0726,CLAY,29,,CL
H46/0145,ROCK,42,,TERT
G44/0219,"CLAY, few GRAVELS",9.8,,GRCL
H44/0023,"Marine SILTS, SEASHELLS",5,,SISH
F41/0236,Fine Well Rounded GRAVELS silt and SAND,13.2,,GRSISA
G40/0149,Loose GRAVEL,2,,GR
G41/0099,Coarse Sandy GRAVEL,13.5,,CGRSA
J41/0574,Blue MUDSTONE,255.6,,MS
F40/0336,Sandy SILT,19,,SISA
I44/1054,Yellow Claybound GRAVELS,17.8,,GRCL
J41/0537,Compacted green SANDSTONE,38.1,,CESS
G41/0372,CLAY,35,,CL
G42/0613-1,"Medium yellowish brown, moderately weathered, well graded, very Silty SAND with GRAVELS",28,,GRSISA
G44/0117,CLAY,7.2,,CL
I44/1057,Silty Claybound GRAVELS,1.6,,GRCL
I44/1012,SAND and River GRAVELS Quartz,21,,GRSA
G41/0246,SOIL,0.6,,SOIL
H42/0194,Silty CLAY BROWN,2.94,,CLSI
G41/0206,Coarse Sandy GRAVEL,22.6,,CGRSA
J42/0034,MUDSTONE,154.1,,MS
F41/0368,Sandy Silty coarse SCHIST GRAVELS,19.1,,GRSISA
G40/0258,Silty Sandy GRAVELS and BOULDERS,7.9,,CGRSISA
J42/0149,Brown CLAY,5.79,,CL
G42/0241,Sandy GRAVELS,1.8,,GRSA
G41/0413,GRAVELS,18,,GR
I44/1034,CLAY,6.4,,CL
J41/0378,Blue SILTSTONE,15.5,,MS
I44/0790,GRAVEL (water bearing),93.6,,GR
G46/0100,Blue/fractured ROCK and red pigment - volcanic Ash,34.5,,VOLC
G40/0278,Dry Claybound GRAVELS and boulders,23.5,,CGRCL
I44/1092,Yellow CLAY,22.5,,CL
C-2011,Weak irregularly bedded SILTSTONE - muddy SILTSTONE,58.4,,SS
G42/0809,LARGE medium fine GRAVELS and SAND,19.9,,FGRSA
F41/0390,"Lake sediment, SILTS, SANDS and trace Gravels",20.41,,GRSISA
F41/0413,Silty grey GRAVEL,3.4,,GRSI
C-2034,MUDSTONE Silty MUDSTONE,193.6,,MS
G40/0053,Soft Damp Silty Sandy GRAVELS,18.1,,GRSISA
J41/0121,Plastic MUDSTONE with fine SAND,38.1,,MS
G42/0716,CLAY,39.9,,CL
G45/0175,Sandy CLAY,5.6,,CLSA
I44/0957,GRAVELS,27,,GR
G42/0808,TOPSOIL,0.2,,SOIL
G43/0148,Silty GRAVEL,19.6,,GRSI
G44/0243,Sandy coarse GRAVEL,12.6,,CGRSA
F40/0106,GRAVEL,2,,GR
I44/0919,"Clayey SILT with a trace of fine Sand, grey, stiff, highly plastic",21.1,,CLSISA
I44/0766,Sandy GRAVELS,9.5,,GRSA
C-2049,"MUD CLAYSTONE, possible highly weathered basement",187.6,,CS
J41/0388,White coarse SANDSTONE,25,,SS
G43/0198,SAND,6.7,,SA
H42/0183,SAND small GRAVELS Artesian Water Flow,16.7,,GRSA
G42/0857,Sandy Claybound GRAVEL,16.2,,GRCLSA
F41/0355,Silty GRAVELS,1,,GRSI
C-2006,Dark green to grey relatively firm hard fine grained micaceous SCHIST with relatively abundant Quartz material,43.5,,SCHIST
J41/0311,Moist Sandy GRAVELS and COBBLES,10,,CGRSA
G41/0123,Brown weathered SCHIST,17,,SCHIST
J43/0112,"Brown TOPSOIL, dry",1,,SOIL
J41/0383,Grey siltstone dribble of water,66.9,,SS
G40/0277,Sandy GRAVELS,6.3,,GRSA
G40/0299,finer Silty GRAVELS,30,,GRSI
J42/0137,Yellow Silty CLAY,11,,CLSI
I44/0980,Brown grey Sandy GRAVELS,19.5,,GRSA
G42/0575,Silty Sandy GRAVELS,20.4,,GRSISA
G41/0275,Sandy GRAVELS,6.6,,GRSA
G44/0212,Hard rock,96,,TERT
G42/0685,Small Sandy GRAVEL,3.5,,FGRSA
I44/0515,Brown CLAY,20.3,,CL
I44/1015,Yellow CLAY,26.5,,CL
G40/0348,GRAVELS Sandy,1.2,,GRSA
G40/0063,Coarse COBBLE,2.4,,CGR
I43/0064,SCHIST,84,,SCHIST
G40/0008,Cleaner Silty GRAVELS,6.4,,GRSI
G42/0101,Yellow Tertiary CLAY,33.5,,CL
C-2049,Silty MUDSTONE,155.5,,MS
C-2044,MUDSTONE to W carbonaceous down unit,72,,MS
G42/0203,TOPSOIL,0.2,,SOIL
I44/0995,Yellow Silty Sandy GRAVEL,15.1,,GRSISA
H42/0200,Small white GRIT,17,,CSA
I44/0939,Grey GRAVELS white quartz rock good water,30,,GR
I44/1047,Dirty GRAVELS,18.1,,GR
F45/0110,HEAVY SAND Claybound GRAVELS,24.2,,GRCLSA
H44/0023,Blue CLAY,6.7,,CL
G41/0286,Sandy Schist and Greywacke GRAVELS,18.65,,GRSA
I44/0767,SILT and soft PUG,13.1,,CLSI
G41/0335,Yellow SILT,4.3,,SI
J41/0715,TUFF BLUE grey FRACTURED TUFF,35,,VOLC
G42/0852,Sandy coarse GRAVEL,4.6,,CGRSA
F41/0121,Silty Flat GRAVELS and Schist,13.1,,GRSI
G41/0236,Sandy coarse GRAVEL,18,,CGRSA
I44/0749,Brown CLAY with blue PUG,14.3,,CL
E41/0109,Wet GRAVELS,22.5,,GR
H45/0302A,Yellow Silty GRAVEL,18.5,,GRSI
G41/0383,CLAY,30,,CL
J41/0400,Topsoil,0.2,,SOIL
HWEOW40,BACKFILL Sandy BOULDERS,2.5,,FILL
G42/0657,Soft Schist,6,,SCHIST
I43/0048,Grey MUDSTONE,34,,MS
F40/0168,Sandy GRAVEL,10.4,,GRSA
H43/0198,Sandy Silty GRAVELS,24.5,,GRSISA
F40/0298,TOPSOIL,0.5,,SOIL
F40/0336,Brown SAND,39.6,,SA
G45/0155,Brown CLAY,4.1,,CL
G40/0390,Light Claybound GRAVEL,14.3,,GRCL
J42/0097,Deborah Volcanics,88,Deborah Volcanics,VOLC
I44/0006,Grey SILT with rare fine dilatant soft Sand and Shells,5.3,,SA
I44/0705,Tight GRAVEL,6.7,,CEGR
J41/0210,White SAND and GRAVEL,14.3,,GRSA
G40/0057,Coarse Cobbly GRAVEL,9.8,,CGR
G42/0131,Quartz Sandy GRAVELS,35.5,,GRSA
J41/0515,CLAY SAND and SHINGLE,7,,GRCLSA
G41/0424,Large GRAVELS Silty with BOULDERS,18.3,,CGRSIBO
F40/0237,Sandy coarse GRAVEL,66.5,,CGRSA
G42/0796,Claybound yellow GRAVELS,66,,GRCL
G44/0221,FIRM DRY BROWN GRAVELS,4,,GR
H41/0153,SILTS,35,,SI
I44/0782,Brown GRAVEL,39.9,,GR
H45/0311,Heavy Claybound GRAVELS,7.2,,GRCL
I44/0684,Brown Sandy GRAVEL,22,,GRSA
C-2034,Silty MUDSTONE,196.5,,MS
G42/0220,Crushed ROCK,56.2,,TERT
F41/0153,GRAVELS,64,,GR
F42/0141,SOIL,0.3,,SOIL
F41/0413,Silty BROWN GRAVEL,1.6,,GRSI
F40/0357-10,Grey SILT,50,,SI
G43/0149,Yellow Silty Sandy GRAVEL,19.1,,GRSISA
I44/0846,Gravel with CLAY layers,27.3,,GRCL
G42/0700,Coarse Sandy GRAVELS,19.5,,CGRSA
J41/0176,BASALT,32.6,,VOLC
J41/0489,Carbonaceous MUD and small Quartz GRAVELS,43.1,,FGRCL
I44/0089,Blue Sandy CLAY with Quartz GRAVEL (water bearing),121.6,,GRCL
G41/0315,Sandy GRAVELS and Boulders,6.1,,CGRSA
J41/0750,Yellow CLAY,6.8,,CL
F40/0183,"Clean Sandy GRAVELS, COBBLES",59.8,,CGRSA
F40/0325,TOPSOIL,0.4,,SOIL
G40/0186,Silty Sandy GRAVEL,18.8,,GRSISA
G40/0288,"Coarse GRAVELS, some Boulders",54.5,,BOCGR
F40/0349,Very Sandy GRAVELS,13.2,,GRSA
G40/0118,LIGHT CLAY BROWN GRAVELS,18.3,,GRCL
G45/0216,Sandy CLAY,15,,CLSA
H46/0144,Fine White Quartz,20.5,,FSA
I44/1001,Quartz GRIT,14.4,,CSA
G40/0406,BOULDER Schist,1.1,,BO
G40/0249,Very Sandy Silty GRAVELS,18.4,,GRSISA
I44/0751,Brown Sandy GRAVEL with COBBLES,40.25,,CGRSA
F41/0378,BOULDER,50.3,,BO
I41/0040,HAAST SCHIST,13.2,HAAST,SCHIST
F41/0347,TOPSOIL,0.3,,SOIL
G44/0115,GRAVELS,8.75,,GR
J41/0372,Brown SILT,0.9,,SI
F41/0455,Sandy GRAVELS,27.3,,GRSA
C-2009,Sandy MUDSTONES to muddy SANDSTONE (possibly with some Gravels),51,,MS
F38/0005,Silts,13.9,,SI
G40/0149,Sandy GRAVELS,6.5,,GRSA
J41/0574,Dark brown MUDSTONE,276,,MS
G45/0238,"SILT with some Clay, brown, firm to soft, dry",1.2,,CLSI
H44/0009,"Grey, quartz/schist GRAVEL",11.4,,GR
I44/0970,Claybound GRAVELS,28,,GRCL
F41/0510,GRAVELS WB SANDY,67.3,,GRSA
G44/0239,Grey SCHIST,5.5,,SCHIST
G45/0203,Broken brown ROCK,19,,TERT
G40/0325,GRAVEL,27,,GR
F41/0482,Silty GRAVEL,34.9,,GRSI
G40/0225,Silty coarse SAND,19.8,,SISA
I44/1066,"Quartz, SAND and river GRAVELS",20.5,,GRSA
J42/0034,Grey muddy SILTSTONE,130.6,,SS
G41/0412,Yellow CLAY,23.3,,CL
J41/0552,Grey Sandy MUDSTONE,32.1,,MS
G43/0104,"Cobbly GRAVELS, SAND and CLAY",13.3,,CGRCLSA
G41/0376,CLAY,25.6,,CL
G41/0365,"Sandy GRAVEL, odd Cobble",30.2,,CGRSA
J41/0552,Quartz GRAVELS and grey SAND waterbearing,265,,GRSA
G40/0195,Sandy GRAVELS,21.5,,GRSA
J41/0598,Cream LIMESTONE,49.6,,LIME
F40/0357-1,Very Silty GRAVELS,4.5,,GRSI
G40/0229,Brown SILT,24,,SI
H42/0184,Green Silts and Schist Rock,144,,SCHIST
G42/0863,SANDS,7.1,,SA
C-2033,CLAYSTONE,310,,CS
ECL 2013-5,MEDIUM Sandy fine GRAVEL BROWNISH GREY,10,,FGRSA
I44/0785,Blue Sandy GRAVEL with blue CLAY lenses,43.3,,GRCLSA
I44/1043,Yellow CLAY,32.6,,CL
I44/0771,Fine Sandy GRAVEL,32.9,,FGRSA
F40/0267,Very Silty Mainly small Sandy GRAVELS,66.5,,FGRSISA
F41/0469,SCHIST rock,70,,SCHIST
G40/0335,LIGHT Claybound Sandy GRAVELS BOULDERS,37.5,,CGRCLSA
F40/0019,GRAVELS VERY LITTLE SAND,28.5,,GRSA
G40/0013,Very Silty GRAVELS,30.2,,GRSI
F41/0262,Very coarse quartz and schist GRAVELS,44.4,,CGR
G42/0315,CLAY,31,,CL
G42/0726,MAINLY small Silty GRAVELS,23.7,,GRSI
F41/0177,Topsoil,0.3,,SOIL
J41/0006,Green SAND,38.5,,SA
H45/0340,"CLAYS, brown",11.6,,CL
I44/1061,Claybound GRAVELS,4.1,,GRCL
G42/0784,Brown GRAVEL in CLAY matrix,0.6,,GRCL
F40/0128,Sandy GRAVELS,22.3,,GRSA
F40/0244,Sandy GRAVELS,22.6,,GRSA
I44/0900,CLAY and thin Gravel layers,6.5,,GRCL
F41/0338,"Brown quartzy SCHIST - broken, soft",96,,SCHIST
I43/0032,Silts,13.6,,SI
I44/0792,GRAVEL,34.6,,GR
G42/0774,Soft Zone,26.2,,NOLOG
G42/0833,Sandy fine GRAVEL,23.5,,FGRSA
F40/0205,TOPSOIL,1.8,,SOIL
G45/0243,MUDSTONE,84,,MS
G41/0478,GRAVELS VERY Silty,17.1,,GRSI
C-2016,Fine quartzose GRAVELS/SANDS,184.2,,FGRSA
G41/0135,GRAVELS and CLAY,1,,GRCL
I44/0089,Loose GRAVEL (water bearing),31.1,,GR
G42/0630,Very Sandy GRAVELS,32.7,,GRSA
J41/0708,Yellow Very Silty GRAVEL,4.9,,GRSI
G41/0405,Brown SILT,0.9,,SI
G41/0317,Silty GRAVELS,17.9,,GRSI
G44/0234,SOFT DARK ROCK,78,,TERT
I44/0855,Claybound GRAVELS,13.6,,GRCL
G45/0232,Earth,0.3,,SOIL
G42/0786,Grey-Brown FINE SAND and BROWN CLAY,32,,CLSI
I44/1056,SAND GRAVELS,5.2,,GRSA
I44/1003,"Fine to medium SAND, brown",40.1,,FSA
G43/0156,Topsoil,1.3,,SOIL
J41/0755,VERY small QUARTZ GRAVELS,60,,FGR
C-2070,H carbonaceous MUDSTONE,84.8,,MS
C-2020,Bedded blue grey to grey MUDSTONE with occasional w carbonaceous zones,22,,MS
F41/0302,Small Sandy GRAVELS,31.6,,FGRSA
G44/0247,Silty SAND,5.8,,SISA
I44/1143,"Dark grey, organic Silty CLAY, very soft to stiff, saturated, highly plastic, some Shells",12.1,,OMCLSH
J41/0748,"BASALT, grey",99,,VOLC
F40/0283,"Pea GRAVELS, some large Pebbles",41,,GR
I44/0291,CLAY and GRAVEL layers,24.5,,GRCL
E41/0149,Silty GRAVEL,3,,GRSI
G44/0165,GRAVEL and SAND,29.4,,GRSA
C-2021,Silty MUDSTONE to MUDSTONE,99.2,,MS
H46/0153,SAND,13,,SA
G41/0200,Yellow CLAY,20.3,,CL
I44/0762,Tight GRAVEL,28,,CEGR
J42/0158,Topsoil,0.3,,SOIL
G40/0145,Silts,9.3,,SI
J41/0571,TOPSOIL,0.3,,SOIL
G41/0348,Coarse damp SAND,2.6,,CSA
J41/0523,Blue ROCK and hard STONE,10.67,,TERT
G43/0219,Sandy GRAVELS,10.5,,GRSA
G41/0111,Coarse GRAVELS with some Sand,14.75,,CGRSA
J41/0282,Grey Sandy fine to coarse GRAVEL,9.8,,GRSA
F41/0321,Grey SILTS,22.2,,SI
J41/0254,Brown weathered ROCK; moist,7,Deborah Volcanics,VOLC
I44/0744,Claybound GRAVEL,20.5,,GRCL
G42/0664,SAND,6.3,,SA
G43/0205,MUDSTONE,28.6,,MS
J41/0380,Red-Purple Siltstone crushed zones,49.4,,SS
C-2010,Muddy SANDSTONE,98,,SS
I44/1032,CLAY,1.6,,CL
H45/0101,Schist (textural zone IIIA),32,,SCHIST
I44/0737,Dirty Brown GRAVELS and CLAY,25.8,,GRCL
G40/0161,Grey CLAY,36,,CL
G42/0732,Silts,61.5,,SI
G45/0145,GRAVELS and Clay traces,6,,GRCLTR
F40/0344-3,Silty Sandy GRAVELS,12.6,,GRSISA
C-2046,Silty MUDSTONE,56.8,,MS
G40/0260,Silty Sandy GRAVELS,7.9,,GRSISA
ECL 2013-19,MEDIUM SAND medium GRAVEL BROWNISH GREY,9,,GRSA
H42/0218,Damp GRAVELS,4.5,,GR
F40/0217,Silts,5.2,,SI
G40/0202,Quartz GRAVEL,23.8,,GR
H41/0174,CLAY,1,,CL
I44/0774,Sandy GRAVEL with yellow CLAY lenses,36.4,,GRCLSA
J41/0391,Grey-brown-green Silty fine SAND,102.6,,SISA
G42/0620,Yellow CLAY,11.2,,CL
F40/0112,SAND,15.3,,SA
H42/0191,Quartz GRIT,47.9,,CSA
I44/0921,"Fine to medium GRAVEL, rusty brown, interbeds of coarse Gravel and Sand",49.5,,FGR
G41/0489,"Sandy coarse GRAVELS, odd Cobbles",17.5,,CGRSA
C-2014,Pale cream white Sandy clays,8,,CLSA
F41/0244,"Some coarse angular GRAVELS, SAND and SILT",19,,GRSISA
I44/0563,Blue PUG,3.7,,CL
J41/0128,Blue MARBLE,15.24,,TERT
G42/0711,SCHIST Rock,4.3,,SCHIST
H45/0325,Claybound GRAVELS,12.5,,GRCL
F41/0360,TOPSOIL,0.6,,SOIL
G45/0169,"CLAY, some Gravels",7.2,,GRCL
C-2005,Muddy SANDSTONE,242.4,,SS
C-2011,MUD/CLAYSTONE,73.6,,CSMS
J41/0351,Grey SILTSTONE,20.9,,SS
F40/0182,Sandy Brown GRAVELS SANDSTONE,19.5,,SS
J42/0170,Moist brown CLAY,11,,CL
F41/0336,SILTS and ROCK DRY,116,,TERT
F40/0168,Sandy GRAVEL,21.7,,GRSA
I44/1077,CLAY,27.6,,CL
I44/1084,CLAYS and BASALT BOULDERS,4.8,,BOCL
F40/0222,Coarse Sandy GRAVEL,81.3,,CGRSA
G42/0208,Topsoil,0.3,,SOIL
G44/0226,Yellow Sandy quartz GRAVELS,14.8,,GRSA
E41/0156,MUDDY SILT BOUND ANGULAR GRAVELS,24.8,,GRSISA
G42/0717,Very small Sandy GRAVELS,15.1,,FGRSA
H41/0021,"Green SCHIST facies, chlorite zone, well foliated, dark grey to light green in colour",150.9,,SCHIST
H42/0215,Blue SILT,18.5,,SI
G41/0432,TOPSOIL,0.4,,SOIL
G40/0417,Yellowish Silty GRAVELS,11,,GRSI
J41/0496,Orange SAND and Quartz GRIT,6.8,,CSA
ECL 2013-10,MEDIUM GRAVELLY medium SAND grey BROWN,9,,GRSA
I44/0747,Brown GRAVEL,36,,GR
F40/0342-2,Tight grey SILTS some Gravels,20,,GRSI
I44/0081,CLAY,3.5,,CL
H42/0187,Soft grey CLAY,26,,CL
J41/0555,GREENSAND,191,,SA
J41/0128,GRAVEL,9.1,,GR
I44/0784,Hard yellow CLAY,35.35,,CL
F40/0331,SAND some Gravels,18.5,,SAGR
J41/0747,"Blue Silty CLAY layers, hard SILTSTONE",20,,CLSIMS
C-2069,Rel fresh gretwacke and schistose GRAVELS,8.2,,GR
E41/0137,Silty Sandy GRAVEL and COBBLES,48.3,,CGRSISA
F41/0499,VERY Silty GRAVELS BLOWING DUST,11.4,,GRSI
F40/0357-6,Brown grey SILTS,8.7,,SI
F40/0092,GRAVELS,7,,GR
G44/0219,Yellow CLAY,16.1,,CL
F41/0324,Sandy grey GRAVEL,47,,GRSA
G40/0154,Yellow CLAY,29.5,,CL
I44/0702,GRAVELS,0.3,,GR
J41/0748,LIMESTONE FOSSIL ORANGE,126,,LIME
I44/1011,CLAY,3.1,,CL
G45/0147,Oxidised SCHIST ROCK,9.5,,SCHIST
I44/0030,GRAVELS,26,,GR
G42/0403,Old outwash SAND,34.1,,SA
G40/0225,Grey Sandy coarse GRAVEL,37.5,,GRSA
I44/0090,"CLAY and GRAVEL, mixed",18.3,,GRCL
I44/0964,CLAY,4.4,,CL
F41/0262,Floater (Brown Sandy GRAVEL),2.85,,GRSA
G40/0193,Silty brown GRAVELS,10.5,,GRSI
G44/0178,FRACTURED ROCK and SILTS,33,,TERT
F40/0214,Brown SILT,1.9,,SI
G42/0680,Sandy GRAVELS,44.8,,GRSA
I44/0991,Grey CLAY,15.5,,CL
G46/0147-2,Blue ROCK BASALT,300,,VOLC
J41/0399,White SANDSTONE,34.1,,SS
G41/0490,"Coarse to Cobbly GRAVELS, Sandy",22.9,,CGRSA
I44/0988,Yellow CLAY,13,,CL
F44/0100,MUDSTONE and COAL,40.2,,MS
J41/0489,Carbonaceous MUD,60.9,,CL
G40/0061,Yellow Sandy CLAY,21.4,,CLSA
G41/0263,Very Sandy GRAVELS,48.3,,GRSA
F41/0476,Not logged,12,,nolog
C-2010,Weak to mod carbonaceous MUDSTONE,109.8,,MS
H44/0026,CLAY with GRAVEL layers,14.7,,GRCL
J42/0162,Green-grey MUDSTONE,24,,MS
G41/0198,BOULDERS,12.6,,BO
I44/0991,Grey CLAY,10.8,,CL
J41/0281,Small to LARGE grey GRAVELS and BROWN SAND,16.7,,GRSA
H44/0013,Yellow loose quartzose GRAVEL,19.9,,GR
F41/0394,Grey SCHIST rock,5.6,,SCHIST
I44/0988,Brown CLAY,15.5,,CL
G44/0227,SAND,2.5,,SA
G41/0445,TOPSOIL,0.3,,SOIL
G44/0175,Pug,8,,CL
I44/1001,Yellow CLAY,28.3,,CL
J41/0367,Grey Silty fine SAND,47.6,,SISA
J41/0244,Silt,24.38,,SI
H42/0215,Coarse brown GRITS,25.3,,CSA
E40/0101,Grey Sandy Schist GRAVEL,6.5,,GRSA
J43/0118A,CLAY,27,,CL
C-2005,MUDSTONE - Silty MUDSTONE,67.9,,MS
E41/0157,VEGETATION and TOPSOIL,0.2,,SOIL
H43/0190,CLAY,4.1,,CL
G42/0785,Green-brown fine SAND with 5-10% coarser fragments; water bearing,47,,FSA
I44/1109,Grey SCHIST,105,,SCHIST
G40/0278,Weathered ROCK,79,,TERT
G42/0677,Coarse Sandy GRAVELS and BOULDERS,26.3,,BOCGRSA
G40/0310,Very Sandy GRAVEL,34,,GRSA
H45/0305,Grey GRAVELS and Quartz,21,,GR
E41/0112,Blue Silty GRAVEL,22.4,,GRSI
I44/0687,CLAY,2,,CL
G40/0049,Sandy CLAY,1.4,,CLSA
I44/0748,GRAVEL,9.15,,GR
J41/0505,UNDIFFERENTIATED BASALT BODY,12,,VOLC
G41/0394,SANDS fine GRAVEL,4.8,,FGRSA
I44/0970,Claybound GRAVELS,17,,GRCL
G40/0365,Sandy GRAVELS and COBBLES,44.5,,CGRSA
G40/0229,"Sandy large COBBLES, GRAVELS",11,,CGRSA
J41/0396,"Silty CLAY, grey GRAVELS, PEBBLES, scattered COBBLES, moist",4.5,,GRCLSI
G41/0283,Sandy GRAVEL,13.2,,GRSA
G42/0137,Light Brown CLAY,29.92,,CL
F40/0303,Silty MAINLY small GRAVELS,62.5,,GRSI
I44/0847,Tight CLAY,42,,CECL
G45/0232,Hard black volcanic ROCK with red volcanic Ash layers,42,,VOLC
E41/0100,Silty Sandy GRAVELS,23.1,,GRSISA
I44/1045,GRAVELS,32,,GR
G41/0336,Coarse COBBLE,28.5,,CGR
F41/0353,Sandy SCHIST GRAVELS,18.5,,GRSA
ECL 2013-5,Very Soft CLAY light brown,25.5,,CL
G45/0106,Topsoil,0.7,,SOIL
H42/0214,Light brown Silty CLAY with minor angular QUARTZ GRAVEL,8.5,,GRCLSI
G45/0179,Sandy CLAY,1,,CLSA
G40/0189,Small Sandy GRAVELS,50.5,,FGRSA
I44/0091,Yellow CLAY,9,,CL
F40/0175,Small Silty Sandy GRAVELS,41.3,,FGRSISA
F40/0357-5,Grey SILT,50,,SI
C-2034,SANDSTONEs - not recovered,165.5,,SS
I44/0751,Yellow CLAY,20.7,,CL
I44/0626,Silts,9.8,,SI
H45/0313,Yellow CLAY,20.5,,CL
F41/0296,Silty Sandy Flat GRAVELS,4.3,,GRSISA
J41/0207,"MUDSTONE grey CLAY, green Sandy CLAY",53,,MSCLSA
G42/0692,Topsoil,0.8,,SOIL
F40/0098,Grey Silty Sandy GRAVELS,4,,GRSISA
I44/0089,Coarse GRAVEL and SAND with minor Clay,24,,CGRSACL
G42/0826,Silty GRAVELS,13.5,,GRSI
I44/0964,Grey CLAY,14.5,,CL
J41/0078,LIMESTONE,9,,LIME
G42/0721,Damp SCHIST,17,,SCHIST
G42/0246,Sandy GRAVEL,7,,GRSA
F41/0462,SAND,11.2,,SA
F40/0222,Sandy GRAVELS and Silt Bands,24.8,,GRSISA
G41/0357,"Sandy GRAVELS, odd Cobble",24.5,,CGRSA
F40/0086,GRAVELS grey fine to MEDIUM,3,,FGR
F40/0320,TOPSOIL,0.2,,SOIL
I44/0783,Free-running rainbow GRAVEL (water bearing),38.1,,GR
H41/0018,"Green SCHIST facies, chlorite zone, well foliated, dark grey to light green in colour",83,,SCHIST
F41/0461,Very Sandy GRAVELS some Boulders,40.5,,BOSA
F40/0256,SAND,12.6,,SA
J41/0375,Brown Sandy grey GRAVELS,9.8,,GRSA
C-2007,Sandy MUDSTONE,159.5,,MS
I41/0048,Green SILTSTONE,36,,SS
G41/0211,Grey coarse GRAVEL,13.9,,CGR
G42/0804,"Sandy oxidised GRAVELS, odd Cobble",24,,CGRSA
F41/0449,GREY Silty GRAVELS,4.2,,GRSI
G40/0379,SANDS fine GRAVELS,2.4,,FGRSA
F41/0338,"Brown fractured SCHIST, soft and medium",36,,SCHIST
G40/0253,Silty Sandy GRAVELS,13.2,,GRSISA
J42/0139,Kakanui rock,53,,TERT
G41/0372,Sandy GRAVELS,5.9,,GRSA
F41/0163,Silty GRAVELS Wet,14.2,,GRSI
G40/0101,SAND GRAVELS Soft,9.75,,GRSA
J41/0548,Grey SILTSTONE,28.2,,SS
G42/0774,HARDER SCHIST,3.8,,SCHIST
G45/0160,CLAY,23,,CL
F40/0187,Silty Sandy GRAVELS with some Cobbles,27.7,,CGRSISA
G40/0350,Loose GRAVELS Silty - water flow,6.8,,GRSI
F40/0165,SAND,10.7,,SA
G44/0223,Grey ROCK,120,,TERT
G42/0794,SOIL,0.3,,SOIL
G42/0619,Brown Sandy GRAVEL,33.7,,GRSA
G41/0444,SANDSTONE BLUE,8.9,,SS
F40/0236,Silts,10,,SI
F41/0473,SCHIST rock,14,,SCHIST
F41/0343,GREY MED coarse SANDS,23,,CSA
F41/0365,Silty SCHIST QUARTZ GRAVELS,19.7,,GRSI
I40/0001,BASALT becoming very hard; SWL 4.0m,97,,VOLC
C-2014,MUDSTONE,192.6,,MS
J41/0390,Oamaru SANDSTONE,35.5,,SS
I44/0783,Hard yellow CLAY,29.3,,CL
G42/0741,"CLAYS, brown/blue",6.5,,CL
J41/0714,"TUFF, brown, highly weathered",12,Weathered Tuff,VOLC
F41/0247,Silty SAND,13.4,,SISA
G41/0292,Sandy GRAVEL,0.7,,GRSA
J41/0518,Loess,2,,SI
G40/0221,CLAY,62.9,,CL
G40/0258,BOULDERS,49,,BO
ECL 2013-12,VERY SOFT CLAY BROWNISH GREY,24.5,,CL
I44/1076,CLAY,9.8,,CL
G41/0346,Silty Sandy GRAVELS,15.2,,GRSISA
I44/0422,Silt,9.4,,SI
F40/0357-8,Grey SILT,50,,SI
C-2009,Silty-Sandy MUDSTONE mod to w carb,211.6,,MS
F41/0162,Sandy GRAVELS with some Cobbles,16.53,,CGRSA
J41/0577,MUDSTONE,28,,MS
G42/0786,Brown CLAY,2.6,,CL
I43/0043,green Silty SANDS,6.5,,SISA
I44/0774,Firm brown CLAY,3.05,,CL
I44/1049,Heavy Claybound GRAVELS,20.8,,GRCL
G40/0161,Yellow CLAY,23.5,,CL
G42/0756,Silty Sandy GRAVELS,18.9,,GRSISA
G42/0788,"Grey GNEISS, brittle shears in more pleitic sections, thin brittle shears, mild fracturing; SWL 4.92m",41.1,,TERT
E41/0112,Grey SILT,19.1,,SI
G45/0254,"Black ROCK, some Quartz",120.4,,TERT
C-2017,Med schistose GRAVELS and SANDS,3.5,,GRSA
G40/0189,Sandy GRAVELS,22,,GRSA
F40/0344-1,Very Silty tight grey GRAVELS,25.7,,GRSI
F45/0108,VERY WET SAND,50.4,,SA
F41/0504,GRAVEL,34.9,,GR
G40/0202,Yellow CLAY,30,,CL
I44/0993,Fine Quartz and River GRAVELS,23,,FGR
G44/0120,Fine SANDS and GRAVELS,11.1,,FGRSA
G41/0120,FREE GRAVEL,4.2,,GR
G45/0115,Grey SCHIST,40,,SCHIST
G41/0474,CLAY,30.58,,CL
C-2020,MUDSTONE increasing density - Weathered Schist,190,,SCHIST
F41/0313,BACKFILL,2.5,,FILL
I41/0042,Quartzy GRAVELS,83,,GR
I44/0061,CLAY,33.2,,CL
F42/0147,GRAVELS BROWN SILTS,41.6,,GRSI
ECL 2013-20,GRAVEL BROWN,21,,GR
I44/1000,TOPSOIL SILTS,2.1,,SOIL
H41/0146,Rounded Gravel with Silt layers,4,,GRSISA
I44/0821,CLAY,53.1,,CL
G42/0726,Silts,54.5,,SI
J41/0078,Topsoil,0.3,,SOIL
I44/0786,Hard yellow CLAY,33.5,,CL
I44/0985,"Band Quartz GRAVELS, clean GRAVELS (20 lpm)",20.65,,GR
J41/0552,White Brown MUDSTONE,62.4,,MS
H46/0159,Blue ROCK,100,,TERT
I44/1019,River GRAVELS quartz GRAVELS,10.5,,GR
G41/0422,TOPSOIL,0.3,,SOIL
I44/0938,Blue white CHIP,15,,FGR
G40/0198,Coarse Silty SAND,30.2,,CSASI
G40/0268,Blue SILT,42.5,,SI
G40/0306,Sandy GRAVEL,43.3,,GRSA
J41/0729,"Blue grey MUDSTONE, odd trace of grey Siltstone, thin layers",270,,MS
G41/0228,Coarse Cobbly GRAVELS,7.7,,CGR
I43/0059,OXY ROCK,6,,BaseRock
J42/0139,Grey SILTSTONE,46.3,,SS
F41/0481C,ROCK,6.2,,TERT
H45/0101,Fine Sandy GRAVEL and WOOD,18.2,,FGRSAWO
F40/0266,Yellow Claybound GRAVEL,10,,GRCL
G41/0370,Sandy GRAVELS coarse,30.5,,CGRSA
G40/0102,Sandy GRAVELS,8.9,,GRSA
C-2031,Bedded grey green Silty MUDSTONE,16.1,,MS
F41/0330,Coarse to Cobbly Silty GRAVELS,22.6,,CGRSI
G40/0150,Sandy coarse GRAVEL,82.3,,CGRSA
G42/0590,Dark brown MUDSTONE,9.8,,MS
F41/0208,Silts,1.5,,SI
H41/0176,"Blue SCHIST, water flow at 58m",60,,SCHIST
G41/0173,Sandy GRAVELS,0.4,,GRSA
J42/0175,"Coarse GRAVEL, MUDSTONE and Quartz",148.4,,CGRMS
G42/0137,Grey Sandy GRAVELS,3.2,,GRSA
J41/0399,Light grey MUDSTONE,45.1,,MS
J41/0704,Grey Firm CLAY,7,,CECL
G40/0408,SOIL SILT,0.5,,SOIL
G41/0336,Silty Sandy coarse GRAVEL,36.9,,CGRSISA
H46/0101,Fine Claybound SAND,42.5,,CLSI
I44/0897,GRAVELS,0.7,,GR
F41/0449,Yellow Silty GRAVEL,17.5,,GRSI
F40/0125,Sandy SILT,10.3,,SISA
F40/0208,SANDS and fine GRAVELS,24,,FGRSA
F40/0295,Silty Sandy GRAVELS,9.3,,GRSISA
H42/0184,Blue SILTS and MUDSTONE band,108,,SIMS
I44/0769,Medium GRAVEL,16.5,,GR
C-2049,Interbedded SANDS and GRAVELS and MUDSTONES; bedding on scale 0.2 to 1m,86.2,,GRSAMS
G42/0704,CLAY,24.3,,CL
I44/0090,CLAY,9.1,,CL
G45/0281,Small QUARTZ GRAVELS with SAND and WATER,38,,GRSA
I44/1087,TOPSOIL,0.5,,SOIL
C-2011,Highly carbonaceous MUDSTONE to Muddy LIGNITE down unit,290.4,,LIMS
I44/0508,"GRAVELS, heavy and Claybound",19.7,,GRCL
I44/1037,Light Claybound GRAVELS,13.3,,GRCL
J41/0383,"Quartz GRAVELS, traces of white Clay - firm hard",204.8,,GRCLTR
H45/0313,Hard yellow CLAY,15.1,,CL
H42/0192,Blue CLAY,60.2,,CL
C-2044,Weak to moderate carbonated MUDSTONE,13.3,,MS
I44/0761,Tight GRAVEL,29.3,,CEGR
G43/0223,Sandy yellow GRAVELS,7.7,,GRSA
C-2070,MUDSTONE,26.6,,MS
F40/0331,Small Sandy GRAVELS,4.2,,FGRSA
E41/0138,Coarse Cobbly GRAVELS,5.3,,CGR
F41/0137,SCHIST,33.3,,SCHIST
G40/0141,TOPSOIL,0.6,,SOIL
I41/0049,Yellow CLAY,34.6,,CL
G43/0191,TOPSOIL,0.5,,SOIL
H44/0011,Grey SCHIST,33,,SCHIST
J41/0486,Grey SILTSTONE,60.5,,SS
I44/1144,"GRAVEL with minor coarse SAND, well graded",52.9,,GRCSA
I44/0746,Loose GRAVEL,10.8,,GR
G40/0245,Silty Sandy GRAVELS and COBBLES,54,,CGRSISA
G42/0232,GRAVELS SAND and silts,16,,GRSISA
G42/0709,Claybound GRAVELS,2.8,,GRCL
G41/0204,Sandy Gravel and Boulders,15.3,,CGRSA
G45/0260,Blue ROCK,120,,TERT
I44/1108,Brown Sandy GRAVEL,5.3,,GRSA
G42/0106,Grey coarse GRAVELS,18,,CGR
G42/0811,FINE Sandy GRAVELS,18.6,,FGRSA
G42/0832,SCHIST Rock,22.87,,SCHIST
G40/0059,Coarse COBBLE,1.8,,CGR
J42/0034,Surface CLAYS,2.25,,CL
J42/0152,GRAVEL,15.24,,GR
G41/0248,"Sandy GRAVEL, clay colour in water",33.2,,GRSA
J41/0380,Yellow Silty CLAY,6.4,,CLSI
G42/0765,"GRAVEL with some Sand, light grey; dense, well graded, coarse to fine, subrounded to subangular, Quartz, Feldspar, and slightly weathered Schist; SAND coarse, angular (outwash Gravel)",4,,FGRSA
G40/0264,Sandy GRAVEL,4,,GRSA
G42/0810,Dark SILTS with some Gravel,26,,GRSISA
F41/0389,Sandy Silty GRAVEL,15.5,,GRSISA
I44/0089,Loose quartz GRAVEL,52.75,,GR
G40/0291,Brown Silty GRAVELS,3.7,,GRSI
I44/1000,Yellow CLAY Brown River GRAVELS and quartz,12,,GRCL
H45/0319,Small ANGUAL GRAVELS,33.7,,FGR
G41/0099,Yellow CLAY,24.3,,CL
G40/0042,Very Sandy GRAVELS,10.8,,GRSA
I44/0581,CLAY,19.6,,CL
I44/0974,GRAVELS brown -grey,19.5,,GR
I43/0039,TOPSOIL,1,,SOIL
G45/0214,LESSER GRAVELS small FLOW OF WATER,19.2,,FGR
J41/0288,Rounded GRAVELS and SAND,4,,GRSA
I44/1058,DARK BROWN CLAY,24.5,,CL
F41/0503,SILT and GRAVEL,2.2,,GRSISA
C-2046,Weathered bedded grey blue MUDSTONE,89,,MS
G42/0669,Heavy Claybound quartz GRAVELS,30.6,,GRCL
H45/0116,"Brown GRAVELS, some Clay",6.7,,GRCL
I44/0736,Yellow medium grain and SAND,3.85,,SA
J41/0253,Green SAND,4.5,,SA
J41/0520,SAND,35.2,,SA
J41/0766,TOPSOIL,0.4,,SOIL
E41/0001,Sandy GRAVEL,6,,GRSA
G41/0278,Brown SILTS some Gravels,12.8,,GRSISA
F39/0001,Sandy GRAVELS and Boulders,2.4,,CGRSA
F41/0493,Very Silty GRAVEL,23.8,,GRSI
F41/0269,Silty GRAVELS,1.8,,GRSI
J41/0701,Coarse GRAVEL,0.7,,CGR
G41/0327,Sandy GRAVELS,11.8,,GRSA
J41/0496,Grey-green SCHIST ,65.1,,SCHIST
C-2019,Dark brown carbonaceous MUDSTONE,131.6,,MS
G42/0100,Sandy Loose GRAVELS,12,,GRSA
J41/0208,"BASALT and grey ROCKS, orange CLAY",36,,VOLC
G42/0684,SAND,15.6,,SA
G40/0065,Yellow Silty Sandy GRAVEL,10.4,,GRSISA
F41/0174,Silty SCHIST GRAVEL,2.3,,GRSI
G42/0636,Yellow Coarse Claybound GRAVEL,48,,CGRCL
G45/0250,Brown SILTS,2.2,,SI
I44/1027,CLAY,26.6,,CL
F40/0113,Silty GRAVELS,47.2,,GRSI
F41/0356,GREY SCHIST BOULDER,8.4,,BO
I44/0856,COBBLES and BOULDERS,10,,BOCGR
G43/0112,loose Sandy GRAVELS,4,,GRSA
G45/0226,Large ROCKS,11.2,,BO
I44/1090,Brown Silty GRAVELS,21.5,,GRSI
F40/0308,Silty Sandy GRAVELS,30.7,,GRSISA
I44/1042,Damp Claybound GRAVELS,23.7,,GRCL
H41/0167,TOPSOIL,0.3,,SOIL
I44/0778,GRAVEL,32.6,,GR
J41/0747,Blue SILT,34,,SI
I44/0966,Yellow CLAY and SANDS,10.8,,CLSA
F41/0119,Plated SCHIST and quartz,22,,SCHIST
G42/0262,Rounded well graded GRAVELS,8.3,,GR
J41/0566,White Clean GRAVEL,101.3,,GR
C-2010,Pale grey sl Silty MUDSTONE,33.5,,MS
G41/0351,Very Sandy GRAVELS,14.2,,GRSA
G45/0267,Brown MUDSTONE with Lignite layers,28.9,,LIGN
F41/0300,"CLAY, fine GRAVELS",1.54,,FGRCL
I44/0702,Sandy GRAVELS,17.2,,GRSA
H45/0302A,Yellow Silty GRAVEL,13.1,,GRSI
G42/0204,Blue PUG,19.3,,CL
G45/0186,Carbonaceous MUD and COAL,19,,COCL
G44/0246,CLAY,6,,CL
H43/0202,SOIL,0.3,,SOIL
J41/0753,Grey MUDSTONE,132,,MS
C-2034,Silty MUDSTONE,37.2,,MS
F41/0340,"Sandy GRAVELS, COBBLES, some Silts",19.1,,CGRSISA
I44/0750,Loose GRAVEL,10.1,,GR
J41/0351,Brown Silty CLAY,5.6,,CLSI
C-2006,MUDSTONE,20.4,,MS
G41/0230,Sandy GRAVELS and COBBLES,30,,CGRSA
G44/0137,Weathered SCHIST,17.3,,SCHIST
ECL 2013-3,Very Soft CLAY light brown,25,,CL
H44/0031,WATER BOUND QUARTZ GRAVEL,44.2,,GR
F40/0247,Yellow Silty coarse GRAVEL with Cobbles,18.1,,CGRSI
G40/0234,BOULDERS,2.8,,BO
I44/1005,FILL: M4 Metal,1.5,,FILL
J42/0092,Grey-black granite type hard rock,128.5,,TERT
I44/0957,Yellow CLAY,18,,CL
G42/0624,"Grey SCHIST, some Quartz",64,,SCHIST
F41/0395A,Brown Silty coarse Schist GRAVELS,3,,CGRSI
G42/0810,FINE GRAVELS SILT,6,,GRSISA
G40/0308,Silty Sandy GRAVEL with BOULDERS,18,,CGRSISA
G42/0246,SAND,8.5,,SA
G40/0278,Dry Claybound GRAVELS,76,,GRCL
G41/0478,TOPSOIL,0.5,,SOIL
I44/0109,CLAY,28.1,,CL
G41/0215,Silty Sandy GRAVELS,24.8,,GRSISA
J41/0375,Topsoil,0.3,,SOIL
H45/0342,FILL,1.3,,FILL
H45/0319,CLAY,29,,CL
I44/0993,Yellow CLAY,6.5,,CL
F41/0253,Sandy GRAVELS,15.2,,GRSA
H45/0116,Claybound GRAVELS,4.6,,GRCL
G42/0732,SAND some Gravels,30.5,,SAGR
G41/0269,"Sandy COBBLES, GRAVELS",17.8,,CGRSA
F41/0324A,Sandy GRAVEL,1.4,,GRSA
G40/0240,Silty SAND,68.4,,SISA
G43/0153,Sandy GRAVELS and COBBLES,20.9,,CGRSA
C-2034,Silty MUDSTONE,66.1,,MS
G42/0863,Coarse Cobbly GRAVELS,35.5,,CGR
F40/0334,"Water has turned blue, well 81.4m into basement SILTS",83.4,,SI
J42/0143,UNDIFFERENTIATED BASALT BODY,46.5,,VOLC
G42/0857,HEAVY Claybound GRAVEL DRY,41.6,,GRCL
J41/0392,Light brown MUDSTONE,22.5,,MS
I44/0987,Brown GRAVELS with fine Quartz SAND,13.2,,FGRSA
H44/0013,Grey GRIT,13.4,,CSA
I44/0746,Brown-yellow CLAY,20.3,,CL
G41/0282,Silts,41.8,,SI
I44/1027,Silts,2.5,,SI
H45/0310,Yellow CLAY,1.6,,CL
I44/0687,CLAY,20,,CL
G42/0787,Green-Brown Silty CLAY,27,,CLSI
I44/0785,Sandy gravel with yellow CLAY lenses,25.9,,GRCLSA
G40/0059,Silty Sandy small GRAVEL,9.1,,GRSISA
H46/0163,ROCK,175.7,,TERT
G40/0356,Brown Silty GRAVELS,21.5,,GRSI
G44/0251,WHITE MUDSTONE,18.5,,MS
G42/0784,Green Silty CLAY with Quartz GRIT and ORGANICS,26,,CLSISAOM
I44/1045,CLAY with GRAVEL layers,15.6,,GRCL
F41/0376,SCHIST Rock,14,,SCHIST
H42/0197,Blue SAND,20.6,,SA
F40/0221,Sandy GRAVELS and COBBLES,35.1,,CGRSA
G40/0395,SAND,33.4,,SA
G41/0318,CLAY,7.9,,CL
J41/0711,Grey running SAND,40,,SA
C-2020,W to mod carbonaceous MUDSTONE,71,,MS
F40/0173,SAND,10.5,,SA
I44/0967,CLAY,21.1,,CL
J42/0015,MUDSTONE and pug,9.1,,MS
I44/0062,CLAY,51.2,,CL
C-2013,MUD-CLAYSTONE,91.3,,CSMS
G41/0230,Sandy Greywacke GRAVELS and COBBLES,21.1,,CGRSA
G40/0367,VERY fine SAND with some Silt and Gravel,2,,GRSISA
F45/0101,"Brown CLAY, fine Quartz GRAVELS",8.7,,FGRCL
G43/0112,Sandy GRAVELS WET,12,,GRSA
I44/1061,CLAY,7.4,,CL
F40/0352,Brown SILTS into blue SILTS,66,,SI
G42/0721,SCHIST ROCK with QUARTZ,29.5,,SCHIST
G44/0224,SOIL,0.5,,SOIL
C-2011,Weak bedded MUDSTONE Silty MUDSTONE,185.8,,MS
G41/0373,COBBLE,19.4,,CGR
G45/0174,Topsoil,1,,SOIL
J41/0387,White-grey Silty fine SAND,50.1,,SISA
G43/0205,Silty Sandy GRAVELS,15.2,,GRSISA
J42/0072,"Sandy SILTS, volcanic rubble",172,,CGRSISA
G42/0798,CLAY,28,,CL
F40/0318,Fill,0.4,,FILL
G40/0280,TOPSOIL,0.4,,SOIL
F41/0332,Grey SCHIST,29,,SCHIST
G40/0148,Brown SILTS some Boulders,23.9,,BOSI
C-2046,W carbonaceous Silty MUDSTONE,52.8,,MS
G45/0237,"CLAY, brown, beige, firm, dry",1.2,,CL
I44/0847,GRAVEL (volcanics dominated),49.2,,GR
I44/0765,Yellow-brown Sandy GRAVELS,16.5,,GRSA
F40/0103,Silty GRAVELS,13.6,,GRSI
H43/0207,TOPSOIL,0.9,,SOIL
I44/0750,Yellow CLAY,15.8,,CL
I41/0048,Yellow CLAY GRAVELS - small/dry,19,,GRCL
I44/1051A,CLAY,2.6,,CL
J41/0251,Small white Quartz 3-6mm; hole staying open,149.5,,FGR
J41/0548,Dark grey MUDSTONE,38.4,,MS
F40/0357-7,Grey SILT,50,,SI
C-2030,Weak bedded Silty MUDSTONE and CLAY rich MUDSTONE,64.3,,MS
F41/0239,SAND some Gravels,22.1,,SAGR
J42/0179,GREYWACKE hard,20.4,,TERT
J41/0397,Topsoil,0.4,,SOIL
J41/0701,Silty coarse COBBLE,7,,CGRSI
G43/0222,SANDS fine GRAVELS,11.1,,FGRSA
C-2060,MUDSTONE,92,,MS
E41/0148,Looser Silty Claybound GRAVELS,24.3,,GRCLSI
G42/0106,Sandy GRAVELS,6,,GRSA
I44/0453,CLAY,29,,CL
G42/0795,Silty BROWN GRAVELS,7.4,,GRSI
F41/0352,SCHIST,33,,SCHIST
G40/0065,Yellow CLAY,11.8,,CL
G45/0214,Softer Zone,48,,NOLOG
F41/0173,Silty GRAVELS,7,,GRSI
G40/0229,"Large COBBLES, Sandy GRAVELS",21,,CGRSA
G41/0304,"BOULDERS, Sandy GRAVELS and COBBLES",26.6,,BOCGRSA
G42/0607,Silty grey Schist GRAVELS and Boulders,12.5,,CGRSI
I44/0091,Small GRAVELS,3.5,,FGR
F40/0259,Silty Sandy angular GRAVELS and COBBLES,35.7,,CGRSISA
G44/0123,ROCK,97,,TERT
I44/1013,Sandy CLAY,2.5,,CLSA
G41/0465,SOIL,0.2,,SOIL
G40/0056,Greywacke COBBLES,16.2,,CGR
H41/0139,Sandy Gravel with Round Stones,25.5,,GRSA
G41/0462,Medium GRAVELS,21,,GR
G41/0246,Sandy GRAVELS and COBBLES,11.7,,CGRSA
I44/0626,CLAY and layers of blue PUG,17.9,,CL
ECL 2013-8,MEDIUM Sandy medium GRAVEL GREY,5,,GRSA
ECL 2013-22,MEDIUM GRAVELLY medium to coarse SAND GREY,5,,CGRSA
G40/0200,Sandy GRAVELS,14.5,,GRSA
G41/0356,Sandy GRAVELS with QUARTZ,15,,GRSA
G40/0133,Sandy GRAVELS,28.55,,GRSA
G40/0172,Yellow CLAY,10.4,,CL
I44/1091,GREY CLAYS,3.7,,CL
I44/1058,Yellow CLAY,14.8,,CL
F41/0448,Silty coarse outwash GRAVELS,42.56,,CGRSI
J41/0518,SAND,15,,SA
I44/0760,GRAVEL,27.1,,GR
H43/0189,Blue SCHIST,6.6,,SCHIST
J41/0141,SOFT Sandy MUDSTONE,163.07,,MS
G42/0704,Damp Sandy CLAY,44.5,,CLSA
F40/0086,BOULDER then SILT,5.75,,BOSI
J41/0261,Papakaio Formation,48.5,Papakaio Formation,TERT
F41/0343,GREY BROWN Sandy GRAVELS,15,,GRSA
F41/0309,GRAVEL,2.3,,GR
G42/0663,Cream CLAY,29,,CL
C-2007,Bedded Silty MUDSTONE and SANDSTONE/muddy SANDSTONE,204.4,,MS
G41/0126,Sandy Cobbly GRAVEL,8.5,,CGRSA
I44/0007,ORGANIC MATTER,1.2,,OM
H42/0183,Silts,25,,SI
G40/0299,Cobbly Sandy GRAVELS,4.3,,CGRSA
G46/0137,ROCK,31.5,,TERT
I44/0061,CLAY,29,,CL
E41/0104,SILTS,21,,SI
I44/0790,"SAND and fine GRAVEL, water bearing",12.2,,FGRSA
I44/0744,Claybound GRAVEL,3.6,,GRCL
G42/0693,SILTS,0.8,,SI
J41/0207,TOPSOIL,0.3,,SOIL
I44/0980,"Marine SILTS, VEGETATION, SEASHELLS",10,,SISHOM
I44/0089,Blue CLAY,88.4,,CL
G42/0179,Yellow GRAVEL and STONES,2.6,,GR
I44/1078,Silty QUARTZ and SCHIST GRAVELS,16.4,,GRSI
I44/1100C,Silty coarse GRAVELS,15.1,,CGRSI
F40/0198,BOULDER,14.4,,BO
G44/0220,Blue GRAVELS with Clay layers,39.2,,GRCL
J43/0006,Brown CLAY,0.61,,CL
I44/0781,Bluey-brown GRAVEL,20.1,,GR
H41/0156,Claybound GRAVELS,5.1,,GRCL
I43/0064,GRAVEL,1.2,,GR
G40/0179,Light Silty Claybound Sandy GRAVELS,46.8,,GRSISA
I44/0995,Claybound GRAVEL,18.2,,GRCL
G44/0201,TOPSOIL,7.1,,SOIL
F40/0357-11,Grey Silty Sandy GRAVEL,5.9,,GRSISA
I44/0706,Claybound PEBBLES and SILT (water bearing),28.8,,FGRCLSI
H45/0289A,CLAY,19.3,,CL
I44/1054,Yellow GRAVELS,22.8,,GR
I44/0751,Sandy GRAVEL,23.5,,GRSA
I43/0043,TOPSOIL,0.7,,SOIL
F41/0410,CLAY,28.5,,CL
E41/0153,Silty GRAVELS,12.5,,GRSI
G42/0111,Grey and white GRAVEL and Coarse SAND,2.9,,GRCSA
G45/0107,CLAY,6,,CL
I44/0802,Sandy fine GRAVEL,2.45,,FGRSA
J41/0296,Blue hard ROCK,8.3,,TERT
G45/0244,Silty yellowy CLAY,2.1,,CLSI
J41/0462,"GREY and BROWN GRAVELS, small to medium ODD FLOATER and SAND",13,,GRSA
G44/0175,Pug,28,,CL
F41/0295,Silty GRAVELS good water flow,22.3,,GRSI
I44/1001,Yellow Sandy CLAY,18.7,,CLSA
F40/0276,Silts,63.1,,SI
C-2019,Grey green MUDSTONE abundant nodules iron sulphides,44.2,,MS
J41/0723,Grey MUDSTONE,7.6,,MS
I44/0508,CLAY,23,,CL
G42/0768,CLAY,46.9,,CL
I44/1118,SAND medium GREY,4.9,,SA
E40/0101,Yellow loose Sandy GRAVEL,12.7,,GRSA
H42/0215,SANDS,34,,SA
I44/1069,CLAY,11.9,,CL
G40/0406,Silty coarse GRAVELS,13.6,,GRSI
G41/0343,Silty Sandy GRAVELS,13.7,,GRSISA
J41/0583,Pea GRAVELS small amount of SILT,16,,GRSISA
I44/0936,Yellow CLAY and GRAVEL,2,,GRCL
I44/0970,GRAVELS,21,,GR
ECL 2013-15,Very Soft CLAY light brown,23,,CL
I44/0081,CLAY,14,,CL
J41/0367,Silty Claybound quartz GRAVELS,15.4,,GRCLSI
J41/0506,TOTARA LIMESTONE,38.5,,LIME
G40/0013,SILTS some Gravels,20.5,,GRSISA
J41/0383,"Quartz GRAVELS, traces of white Silty Clay - tested flowing on connection",177,,GRCLTR
F41/0482,Sandy Gravel with SILT,5.8,,GRSISA
G41/0393,Cobbly Silty GRAVELS,6.5,,GRSI
G42/0102,Sandy GRAVELS and traces of Clay,23.3,,GRSACLTR
G40/0210,SAND,3.5,,SA
H45/0305,Grey CLAY,15,,CL
G42/0556,CLAY,1,,CL
I42/0090,Hard SCHIST; more water flow,116,,SCHIST
F40/0238,SAND and Silt layers,10,,SISA
F41/0130,BOULDER,25.5,,BO
G45/0154,CLAY,3.8,,CL
E41/0163,DRY Silty GRAVELS,38,,GRSI
J41/0556,Grey Green Rock,102,,TERT
F41/0096,Silty grey schist GRAVEL,18.2,,GRSI
F41/0444,GREY Silty GRAVELS ODD BOULDER,14.7,,CGRSI
F41/0476,Yellow CLAY SILT,13.5,,CLSI
C-2044,Moderately carbonaceous MUDSTONE,48,,MS
J41/0777,"TOPSOIL: Silty SAND, brown",0.4,,SOIL
F40/0385A,Silty fine SAND some Gravel,13.75,,GRSISA
F40/0301,Clean coarse GRAVEL,2.5,,CGR
I44/1038,CLAY,26.5,,CL
H42/0188,Brown grey CLAY,63.4,,CL
G40/0413,MEDIUM GRAVELS LIGHTLY BOUND,15,,GR
C-2033,Weak to mod carbonaceous CLAY-MUDSTONE,298,,MS
C-2046,Blue grey Silty MUDSTONE,96.6,,MS
G40/0265,SOIL,0.7,,SOIL
J42/0162,Green MUDSTONE with black flecks,48,,MS
F41/0381,TOPSOIL,0.3,,SOIL
G45/0216,"CLAY, Sandy GRAVELS",30.3,,GRCLSA
C-2009,Weak to moderate carbonaceous MUDSTONE to CLAYSTONE,213.5,,CSMS
G41/0198,Sandy Silty GRAVELS and Boulders,5.4,,CGRSISA
G42/0216,White/Brown CLAY,5.4,,CL
I44/0104,Sandy GRAVELS,18.8,,GRSA
I44/0884,Blue SILTS,36.8,,SI
G40/0300,Sandy coarse to Cobbly Schist GRAVELS,3.1,,CGRSA
F40/0205,Sandy small GRAVELS,42.6,,FGRSA
I44/0964,Brown GRAVELS,20.1,,GR
F40/0378,Coarse Sandy GRAVELS,83.75,,CGRSA
J41/0287,Coarse Cobbly GRAVELS,7,,CGR
F40/0128,Sandy GRAVELS,15.6,,GRSA
G42/0626,Sandy GRAVELS with some Silt,24.5,,GRSISA
G42/0257,Blue PUG,12.2,,CL
H45/0340,GRAVELS Claybound,19.1,,GRCL
G40/0042,SAND,18.5,,SA
J41/0394,Brown weathered BASALT ROCK,17.4,,VOLC
I44/0897,Sandy GRAVELS,23.1,,GRSA
I44/0581,GRAVELS,24.7,,GR
I41/0042,Dark grey SANDSTONE,4.1,,SS
C-2019,Predominantly dark brown SAND MUDSTONE some minor green Mudstone,283.9,,MS
H45/0289A,Yellow Sandy GRAVEL,14.8,,GRSA
I44/0736,Grey SCHIST rock,15.2,,SCHIST
G44/0239,Brown/white CLAY,12.2,,CL
C-2033,Muddy SANDS poss with quartzose GRAVELS,307,,GRSA
G41/0211,TOPSOIL,0.4,,SOIL
J41/0753,GREY SILTSTONE with VEINS OF WHITE,110,,SS
I44/0798,GRAVELS,31,,GR
G45/0199,ROCK,240,,TERT
I44/1003,"Silty CLAY, grey, some Organics present",49,,CLSIOM
G40/0325,LARGE Claybound GRAVELS with BOULDERS,10.1,,CGRCL
H45/0325,Claybound GRAVELS,21.6,,GRCL
H44/0011,Yellow CLAY/silt bound quartz/schist GRAVEL,19.3,,GRCLSI
H45/0311,Dry Heavy Claybound GRAVELS,16,,GRCL
I44/0684,Sandy GRAVELS,11,,GRSA
I44/0744,Loose GRAVEL,10,,GR
G40/0200,SOIL,0.3,,SOIL
G41/0278,TOPSOIL,0.3,,SOIL
J41/0728,Mud stone grey/green,12,,MS
I44/1054,GRAVELS,26.7,,GR
J41/0598,Brown SANDSTONE,42,,SS
G42/0811,Blue SILT,3.4,,SI
F41/0155,TOPSOIL,0.3,,SOIL
G43/0191,Quartz Sandy GRAVELS ,9.5,,GRSA
F42/0103,Sandy COBBLES and BOULDERS,2.7,,BOCGRSA
I44/0760,Brown CLAY,31.7,,CL
F40/0217,SAND,16,,SA
G43/0103,Sandy GRAVEL,21.4,,GRSA
I44/1058,GRAVELS,16.8,,GR
J41/0254,Harder green ROCK,18,Deborah Volcanics,VOLC
J41/0707,Silty coarse COBBLES,8,,CGRSI
G41/0263,Small very Sandy GRAVELS,34.5,,FGRSA
G41/0315,Very Sandy GRAVELS,15.5,,GRSA
J42/0034,SANDSTONE SILTS,16.95,,SSSI
J41/0141,HARD BASALT ROCK,129.84,,VOLC
I44/0856,COBBLES and BOULDERS,12,,BOCGR
G42/0765,"Sandy GRAVEL, Sand is well graded and coarse to fine (outwash Gravel); interbedded with some minor layers containing nonplastic Silt",13,,GRSISA
G42/0781,Yellow CLAY,1.4,,CL
I44/0790,SAND and GRAVEL,6.4,,FGRSA
I44/1042,Volcanic CLAY,8.2,,CL
F41/0337,Silty coarse GRAVELS,9.2,,GRSI
F40/0175,Small Silty Sandy GRAVELS,35.2,,FGRSISA
G42/0858,Yellow CLAY,28.2,,CL
F41/0298,Silts,23.4,,SI
H45/0305,White GRAVEL,10.6,,GR
G42/0716,Brown Silty SAND,20.1,,SISA
C-2011,Blue grey Silty MUDSTONE,18,,MS
I42/0082,grey SCHIST rock - soft,80,,SCHIST
J41/0535,THROUGH CLAY to LIMESTONE,9.14,,LIME
I44/1032,Brown CLAY,10.1,,CL
G41/0237,SAND some Gravels,21.2,,SAGR
J41/0771,"TOPSOIL: Silty SAND, brown",0.4,,SOIL
F41/0096,Coarse GRAVELS,21.2,,CGR
G40/0259,"Brown Silty CLAY, very wet at top 2 to 3 metres",83.2,,CLSI
G43/0221,CLAY,21.7,,CL
G42/0671,Sandy grey Quartz GRAVELS,9.7,,GRSA
H42/0190,TOPSOIL,0.3,,SOIL
C-2046,W carbonaceous MUDSTONE,92.5,,MS
F40/0112,SCHIST Rock,3.1,,SCHIST
I44/0749,Red-brown Sandy Silty quartzose GRAVEL,6.8,,GRSISA
I44/0921,"Silty CLAY, grey, soft, moderately plastic",28,,CLSI
G41/0489,Silty coarse GRAVELS,23.1,,GRSI
G42/0789,Green-Brown Weathered altered SCHIST,7,,SCHIST
G45/0232,Weathered ROCK,20,,TERT
H43/0198,CLAY,27,,CL
E41/0153,Sandy GRAVELS,5,,GRSA
G42/0111,Grey and white GRAVEL and coarse SAND; wet below ~5m,7.9,,GRCSA
F42/0147,Silty LENSES IN GRAVELS,30,,GRSI
G40/0390,GRAVELS with BOULDERS,49.4,,BOGR
G40/0234,Samll Sandy GRAVELS,9.5,,GRSA
J42/0092,Grey green MUDSTONE,143.5,,MS
G42/0774,SOFT and hard ZONES SCHIST DRY,22,,SCHIST
J41/0210,SAND and little GRAVEL,34.14,,GRSA
I44/1000,Coarse to large GRAVELS,19.8,,CGR
G40/0136,Very Sandy GRAVELS,9,,GRSA
G41/0325,Very Weathered Rock,0.8,,TERT
F40/0186,FLAT Sandy GRAVELS,14.7,,GRSA
J43/0111,Brown Loess Topsoil,1,,SOIL
C-2006,Light greenish grey MUD/CLAYSTONE,29.7,,CSMS
F41/0446,Silt,10.5,,SI
J41/0748,LIMESTONE WHITE,81,,LIME
C-2014,MUDSTONE,221.3,,MS
ECL 2013-5,MEDIUM Sandy medium GRAVEL BROWN ,18,,GRSA
J41/0714,"TUFF, bluish-grey, fissured/fractured with manganese stained fracture planes; noticeable increase in groundwater yield",31,Waiareka Volcanics (Lorne Pyroclastics),VOLC
G40/0210,Topsoil,0.3,,SOIL
G42/0613-1,"Medium orangey brown, moderately weathered, well graded, subrounded, Gravelly, granular very coarse SAND with minor Clay; Gravels mostly <1cm up to few cm; estimate 55% SAND, 25% Gravels <1cm; 15% Gravels >1cm, 5% Silt and Clay",35.9,,SAGRCL
F40/0250,SCHIST Rock,68.6,,SCHIST
I44/1006,"CLAY, yellow, firm, slightly plastic",50.1,,CE
F40/0276,Loose Sandy GRAVELS and COBBLES,82.7,,CGRSA
G41/0111,Brown TOPSOIL,0.2,,SOIL
G41/0374,SAND,4.8,,SA
I44/0089,Blue CLAY,46.6,,CL
I44/0778,Yellow CLAY,38.1,,CL
F41/0356,TOPSOIL,0.4,,SOIL
G40/0062,Grey Claybound schist GRAVEL,21,,GRCL
G45/0179,Small Flow,36,,NOLOG
J41/0378,White LIMESTONE,33.4,,LIME
G42/0853,Oxidised SCHIST with low flow of water,9,,SCHIST
G41/0351,Sandy brown GRAVELS,1.7,,GRSA
G40/0129,Light Claybound GRAVELS,16,,GRCL
J41/0567,Yellow CLAY,4.9,,CL
F40/0336,Silts,63.5,,SI
F40/0344-3,Tight Silty GRAVELS,16,,GRSI
G41/0430,"BOULDERS, coarse GRAVELS",2.3,,BOCGR
G40/0161,Yellow Sandy GRAVEL,31.9,,GRSA
E41/0109,Dry Claybound GRAVELS,14,,GRCL
I44/0774,Sandy gravel with yellow CLAY lenses,17.05,,GRCLSA
F41/0494,SCHIST GRAVELS and QUARTZ GRAVELS SANDY,30.2,,GRSA
H41/0174,Brown GRAVELS,1.4,,GR
G42/0744,Brown GRAVELS,4.4,,GR
I44/1079,GRAVELS QUARTZ ANGLES,26.5,,GR
G42/0125,Blue PUG,9.6,,CL
J41/0399,Light brown SANDSTONE,113.8,,SS
I44/0993,Grey CLAY,17,,CL
F41/0470,TOPSOIL,0.3,,SOIL
F41/0347,Grey Silty SAND,20.2,,SISA
J41/0742,Light brown Silty CLAY,0.7,,CLSI
F40/0298,Silty schist GRAVEL,6.4,,GRSI
J41/0515,Fine CLAY SILT,5.8,,CLSI
G44/0108,Sandy CLAY,3.5,,CLSA
F40/0247,Coarse Cobbly GRAVELS,10.3,,CGR
I44/1013,Claybound GRIT,10.3,,CLCSA
C-2013,Firm SANDS GRAVELS - possible cemented,114.5,,GRSA
J41/0208,ORANGE WEATHERED BASALT,6,,VOLC
I44/0987,Brown river GRAVELS,7.5,,GR
I44/0957,Yellow CLAY and GRAVEL,9,,GRCL
G45/0160,Black ROCK,39,,TERT
I44/0089,Brown CLAY with Quartz GRAVEL,127.1,,GRCL
I41/0046,"Brown CLAY, Quartz GRAVELS, Coal stuff - water at 96.5m, top 100.5m",104.5,,GRCL
J41/0392,Grey SILTSTONE,17.1,,SS
G42/0203,Claybound GRAVELS,5.5,,GRCL
G42/0007,SANDS,23.5,,SA
I43/0054,SAND,4,,SA
G42/0794,Silty Claybound GRAVEL,12,,GRCLSI
J41/0498,EARTH,0.1,,SOIL
G40/0306,Sandy GRAVEL,57.52,,GRSA
I44/0062,GRAVEL,43.3,,GR
I44/0163,Weather schist rock,6,,SCHIST
I44/0815,Claybound Sandy GRAVEL,23.3,,GRCLSA
G42/0685,Topsoil,0.1,,SOIL
I40/0001,BASALT; SWL 3.0m,87.8,,VOLC
F41/0324,SOIL,0.3,,SOIL
G44/0212,Claybound GRAVELS (small amount of water),32,,GRCL
G40/0185,Tight Silty Sandy GRAVELS,31.8,,CEGRSISA
ECL 2013-12,Medium Sandy medium GRAVEL Brown,20,,GRSA
F40/0357-8,Grey SILT,32.5,,SI
G40/0214,SAND some thin layers of flat Gravels,25.2,,GRSA
J41/0548,MUDSTONE and Rock Layers,74.5,,MS
I44/1076,GRAVELS QUARTS SCHIST SANDY,18.7,,GRSA
F40/0090,Fine GRAVELS and coarse SAND,5.5,,FGRSA
F40/0308,Sandy GRAVELS,19.2,,GRSA
C-2049,Muddy SANDS and GRAVEL,152.6,,GRSA
F41/0101,Brown Silty GRAVELS,3.4,,GRSI
H45/0339,SANDS SILTS SEA SHELLS,15.8,,SASH
G44/0179,Schist PEBBLES and trace Clay,33,,FGRCLTR
G42/0865,GRAVELS small LOESS,1.3,,FGR
C-2017,Silty MUDSTONE,99.5,,MS
C-2031,CLAY MUDSTONE,30.3,,MS
F41/0463,TOPSOIL,0.5,,SOIL
G41/0290,Coarse Sandy GRAVELS,26.3,,CGRSA
H46/0101,Green CLAY,18.1,,CL
I44/1067,Brown Silty SAND,5,,SISA
I44/1000,Yellow CLAY,6.5,,CL
I44/0498,Grey SILT,5.2,,SI
G40/0292,LARGE GRAVELS and BOULDERS,8,,BOGR
G45/0243,White CLAY,13.8,,CL
G40/0354,Large GRAVELS with BOULDERS,21.1,,BOGR
F41/0378,Silty,38.3,,SI
G41/0161,Claybound SAND,28.3,,CLSA
J42/0170,Yellow CLAY,5.5,,CL
F40/0179,Very Silty Sandy GRAVELS,31.9,,GRSISA
I44/0975,Yellow CLAY,15,,CL
G44/0234,White CLAY,23.7,,CL
F40/0380,SILTS,4.7,,SI
G42/0602,Sandy grey GRAVEL,32.8,,GRSA
H42/0187,Yellow CLAY,0.9,,CL
I44/0771,Brown CLAY,2.15,,CL
G40/0057,TOPSOIL,0.2,,SOIL
H41/0140,Brown GRAVELS,4.5,,GR
F41/0493,Sandy GRAVEL,8.9,,GRSA
E41/0001,Sandy SILT; Sand fine grained; soft; wet,11,,SISA
I44/0782,Fine Sandy GRAVEL,34.2,,FGRSA
F40/0358,SILTS SANDS,36,,SISA
F41/0204,Silts,20.8,,SI
J41/0075,Papakaio Formation,27,Papakaio Formation,TERT
J41/0776,MUDSTONE,4.5,,MS
F40/0261,Very Silty GRAVELS,70.1,,GRSI
G42/0721,SCHIST with WATER,39,,SCHIST
J42/0179,Softer Zone,29.5,,NOLOG
G40/0195,Sandy GRAVELS,10.5,,GRSA
F41/0332,Brown grey Sandy GRAVELS,26,,GRSA
F41/0425,GREY Silty SANDS small to medium grey GRAVELS,36,,GRSISA
F40/0357-1,Grey SILT ,14.5,,SI
F41/0137,Fine Sandy GRAVELS,22.8,,FGRSA
J41/0552,Grey SILTSTONE chips and traces of Quartz and Lignite,248,,MS
F40/0234,Sandy GRAVELS mainly small,78.6,,FGRSA
G41/0362,Silty SAND,3.4,,SISA
C-2011,MUD/CLAYSTONE - weak bedded to MUDSTONE down unit,199,,CSMS
F40/0096,Small Sandy GRAVELS,13,,FGRSA
G42/0229,Sandy GRAVELS,7.2,,GRSA
J41/0387,Brown-grey Silty fine SAND,27.4,,SIFSA
I44/1102,BASALT ROCK,62,,VOLC
C-2009,Sandy MUDSTONE,21.5,,MS
F41/0264,Yellow Very Silty GRAVELS,7.1,,GRSI
J41/0152,"Good LIMESTONE, Full Rod Cored",5.5,,LIME
G40/0245,Silty Sandy broken angular GRAVELS,71.2,,GRSISA
J42/0137,Topsoil,0.2,,SOIL
G42/0700,Silty Claybound GRAVELS,6.8,,GRCL
F40/0019,Silty GRAVEL hard bands,16.3,,GRSI
G41/0218,TOPSOIL,0.8,,SOIL
G45/0260,Dry GRAVELS,8,,GR
J42/0178,GREY BROWN CLAY,7.6,,CL
G46/0140,GREY ROCK 20 litres per minute,34,,TERT
I44/0776,GRAVEL,39.6,,GR
I44/0791,GRAVEL (water bearing),10.4,,GR
H45/0314,Claybound GRAVELS,10.4,,GRCL
I44/0627,Grey mud,26.9,,CL
G41/0273,Sandy GRAVELS,11.8,,GRSA
ECL 2013-22,MEDIUM GRAVELLY SAND BROWN,16,,GRSA
G40/0053,Damp CLAY,43.2,,CL
F41/1350,Coarse Sandy GRAVEL,27.5,,CGRSA
G43/0143,Quartz Sandy GRAVELS,17.5,,GRSA
G41/0211,Grey SAND,16.2,,SA
G41/0351,"Sandy GRAVELS, COBBLES",25.1,,CGRSA
F40/0289,Sandy GRAVELS,8.8,,GRSA
G40/0310,SANDY,21.6,,SA
G42/0750,CLAY,12,,CL
I44/1078,GRAVELS QUARTZ SCHIST Silty,3.7,,GRSI
F41/0164,Very Silty Flat GRAVELS,5.5,,GRSI
F41/0244,FINE ANGULAR SCHIST,14.2,,SCHIST
G40/0202,Yellow Silty CLAY,17.7,,CLSI
G44/0129,Small Clean GRAVELS,7.3,,FGR
H44/0031,Brown CLAY GRAVELS,21,,CLGR
C-2020,Blue green MUDSTONE,35.6,,MS
E41/0105,Sandy SILT,51,,SISA
G41/0278,Very Silty Broken Schist GRAVELS,17.7,,GRSI
G41/0394,Coarse Sandy GRAVELS,20.4,,CGRSA
G40/0365,Mainly small Sandy GRAVELS,64.5,,FGRSA
G42/0784,Brown Silty CLAY with PEBBLES,4.8,,FGRCLSI
H46/0152,MUDSTONE,10,,MS
I44/0726,GRAVELS,30.8,,GR
G41/0133,Sandy GRAVELS,16.5,,GRSA
I44/0856,COBBLES and BOULDERS,6,,BOCGR
H42/0192,GRIT,83.5,,CSA
I44/0762,Silty CLAY,34.1,,CLSI
G42/0698,Very Sandy GRAVELS,24,,GRSA
I44/0997,Claybound GRAVELS,20.7,,GRCL
G41/0417,Silty TOPSOIL,1,,SOIL
G40/0412,Silty Sandy GRAVELS,37,,GRSISA
I44/1042,Dark brown MUDSTONE,28.8,,MS
I41/0044,SPRINGSIDE FORMATION,86.3,SPRINGSIDE FORMATION,NOLOG
J42/0150,MOSTLY LIMESTONE-GREEN Sandy FORMATION,36.58,,LIME
C-2007,Dark green grey medium to fine texture micaceous quartzofeldspathic SCHIST,270,,SCHIST
G40/0146,Claybound GRAVELS,1.8,,GRCL
G45/0105,Small Quartz PEBBLES,20,,FGR
J41/0571,Brown weathered GRAVELS; water,23.5,,GR
G40/0397 ,SAND,4.1,,SA
J41/0207,Rice like Quartz SANDS,84.4,,FSA
HWEOW40,BACKFILL Sandy SILT GRAVELS,11.5,,FILL
F41/0369,Silty Sandy GRAVEL,4,,GRSISA
C-2034,MUD/CLAYSTONE,152.8,,CSMS
G41/0334,Very Silty Sandy GRAVEL,20.1,,GRSISA
G42/0240,Very Loose Sandy GRAVEL,9.3,,GRSA
I44/0751,White-yellow SAND,14.7,,SA
I44/0900,Light CLAY GRAVELS,23.8,,GRCL
I44/1092,Clay GRAVELS,18.2,,GRCL
G43/0080,Sandy GRAVELS,5.3,,GRSA
J41/0755,LIGHT BROWN CLAY,9,,CL
C-2076,Carbonaceous MUDSTONE with rare Muddy LIGNITE layers,87,Manuherikia Group,LIMS
F41/0099,Yellow CLAY,3,,CL
C-2044,W carbonaceous MUDSTONE,74.3,,MS
F40/0322,Silty Sandy GRAVELS,20.8,,GRSISA
G42/0827,Yellow Silty GRAVEL,18,,GRSI
G42/0775,Very Sandy GRAVELS,6.4,,GRSA
J41/0593,Grey SILTSTONE,34.2,,SS
J41/0769,MUDSTONE,6,,MS
F41/0183,Grey PUG,20.5,,CL
G42/0822,"SILTS, TOPSOIL",0.6,,SOIL
J41/0721,"Minimal Topsoil, more GRAVEL SAND, not much moisture",0.5,,GRSA
G41/0308,Very Silty Sandy GRAVELS,19.6,,GRSISA
C-2019,"Green and brown carbonaceous MUDSTONE, Quartz GRIT and Shell fragments",113.2,,MSCSA
I44/0515,Dark brown Sandy GRAVELS,29.7,,CGRSA
H45/0326,GREYWACKE ROCK SOFT,15,,TERT
J41/0388,Brown CLAY,0.6,,CL
G40/0252,Yellow CLAY,72.4,,CL
G40/0281,"Large COBBLES, Silty GRAVELS",10.8,,CGRSI
G42/0804,Coarse Sandy oxidised GRAVELS,52.1,,CGRSA
G41/0474,QUITE Sandy GRAVELS,23.2,,GRSA
F41/0270,SCHIST,12.3,,SCHIST
G40/0352,"Coarse Sandy GRAVELS, odd Cobble",14.2,,CGRSA
C-2033,MUDSTONE to Silty MUDSTONE with local thin weak carbonaceous beds,184.2,,MS
I44/1033,CLAY,28.7,,CL
G43/0199,VERY Sandy MAINLY small GRAVELS,12.5,,FGRSA
H45/0297,Silty CLAY,6.7,,CLSI
G42/0637,Greywacke COBBLE,6.1,,CGR
I44/0705,CLAY,35,,CL
G40/0268,"Cobbly Greywacke GRAVELS, some Sandy Gravels",35,,CGRSA
C-2014,MUD-CLAYSTONE - weathered basement grey-greenish grey quartzofelospathic mica SCHIST (textural zone IV cuttings recovered),265.2,,CSMS
G40/0295,Sandy GRAVELS,94,,GRSA
C-2030,MUDSTONE to Silty MUDSTONE down unit,85.1,,MS
F40/0188,VERY Sandy small GRAVELS,7.7,,FGRSA
F41/0306,Damp brown SILTS,46,,SI
H45/0341,MUDSTONE,30.6,,MS
G40/0399,SAND SILT,1.1,,SISA
E41/0100,Very Silty Sandy GRAVELS and COBBLES,6.2,,CGRSISA
F41/0236,Well Rounded GRAVELS and SAND,3.6,,GRSA
G41/0487,Sandy coarse GRAVELS with odd Cobble,16.8,,CGRSA
F40/0348,Silty Sandy ANGULAR GRAVELS,32,,GRSISA
I44/1056,QUARTZ SAND RIVER GRAVELS 20-30MM,29.6,,GRSA
G40/0008,Claybound GRAVELS,8.7,,GRCL
F40/0303,Sandy GRAVELS,82.6,,GRSA
G41/0244,SANDS,3.2,,SA
I44/1040,Grey GRAVELS,4.8,,GR
J42/0048,CLAY,20,,CL
F40/0163,Blue Silty SAND,27.1,,SISA
G42/0613-1,"Medium yellowish brown, moderately weathered, well graded Silty Sandy GRAVELS, becoming very Silty down section; WL = 3.1m at 21m depth",21.3,,GRSISA
G40/0176,Cobbly GRAVELS,25.9,,CGR
H44/0008,Coarse Cobbly GRAVELS,42.3,,CGR
J41/0704,Sandy GRAVEL,0.9,,GRSA
J41/0406,Small to LARGE grey GRAVELS and SAND,5.6,,GRSA
F40/0122,Heavy Claybound GRAVELS,6.9,,GRCL
I44/0742,Blue CLAY,24.1,,CL
G42/0659,Weathered ROCK,10.3,,TERT
I44/0865,Fill,0.3,,FILL
H46/0165,VERY WEATHERED ROCK,1.2,,TERT
F40/0208,Sandy coarse GRAVEL,50.1,,CGRSA
G45/0225,Yellow CLAY,0.6,,CL
J41/0272,LIMESTONE,33.7,,LIME
F41/0345,TOPSOIL,3.5,,SOIL
F41/0394,Silty SCHIST GRAVEL,4.8,,GRSI
G42/0119,Brown CLAY,37.8,,CL
ECL 2013-1,MEDIUM to coarse Sandy GRAVEL,14,,GRSA
G41/0445,Oxidised SCHIST,9.2,,SCHIST
G40/0237,Silty Sandy GRAVELS,20,,GRSISA
C-2009,Muddy SANDSTONE to Sandy MUDSTONE down unit,59.1,,MS
C-2046,Bedded MUDSTONE and coarse quartzose SAND to fine GRAVELS on scale 0.5 to 1.5m,199.6,,MS
G42/0800,SOIL,0.5,,SOIL
G42/0785,Green-brown fine medium SAND with occassional rounded fragments (2-3mm); water bearing,36,,FSA
G42/0788,Green FRESH ALTERED SCHIST,13.5,,SCHIST
I41/0039,Orange-Brown SILTSTONE,198,,SS
H43/0190,Orange GRAVEL,7.5,,GR
F40/0385C,Silty fine SAND with some Gravel,10.6,,GRSISA
G41/0319,Grey CLAY,42,,CL
I44/0761,Tight GRAVEL,18.9,,CEGR
H46/0157,Claybound GRAVELS,20,,GRCL
E41/0167,GRAVEL DRY THEN Silty SEAMS,18,,GRSI
G40/0131,Fine SAND,18.3,,FSA
F40/0384,"SILT, some Gravel",4.3,,GRSISA
H41/0160,Loose GRAVEL,3,,GR
I44/0780,Brown Claybound GRAVEL,18.3,,GRCL
F42/0141,Yellow SILT,1.6,,SI
I43/0040,Brown SILT,0.8,,SI
G40/0156,Fractured SCHIST,78,,SCHIST
I44/1076,GRAVELS BROWN Silty,6.9,,GRSI
J41/0001,MUDSTONE,70.41,,MS
G42/0730,Mainly small very Sandy GRAVELS,29.8,,FGRSA
J41/0383,Grey white waxy MUDSTONE,31.6,,MS
F40/0243,Sandy GRAVELS,10.2,,GRSA
G42/0708,Sandy GRAVELS,5.5,,GRSA
G42/0571,Sandy SCHIST GRAVELS,31,,GRSA
I44/0938,Grey CLAY,6,,CL
G45/0160,MUDSTONE,6.6,,MS
C-2013,Fine quartzose muddy GRAVELS and SANDS,20.4,,FGRSA
G41/0228,"Sandy GRAVELS, COBBLES",16.5,,CGRSA
I44/0815,Red-brown clayey GRAVELS,8.1,,GRCL
G40/0356,FINE Sandy GRAVELS,2,,FGRSA
J42/0118,Yellow CLAY,47.5,,CL
J41/0131,Topsoil,0.3,,SOIL
I44/1098,Sandy CLAY,5,,CLSA
G40/0061,Yellow Silty Sandy small GRAVEL,18.7,,FGRSISA
J41/0520,GRAVEL,2,,GR
G41/0376,Yellow Silty CLAY,22.4,,CLSI
I44/0089,No sample,114.9,,NOLOG
G43/0213,TOPSOIL,0.8,,SOIL
ECL 2013-13,MEDIUM to coarse Sandy medium GRAVEL BROWNISH GREY,8,,GRSA
F40/0274,Silts,0.2,,SI
G40/0212,Sandy GRAVEL,33.4,,GRSA
G45/0195,ROCK,36.5,,TERT
I44/1022,Yellow CLAY,12.4,,CL
F41/0481B,GREY/BROWN SILT/SAND,8.1,,SISA
G42/0867,Silty coarse GRAVELS,21.7,,GRSI
I44/0773,CLAY,2.8,,CL
I44/1072,Sandy small GRAVEL,8.2,,FGRSA
J41/0765,TOPSOIL,0.3,,SOIL
C-2005,Silty MUDSTONE,59.8,,MS
I43/0027,Hard grey MUDSTONE,25,,MS
G41/0173,Silty Sandy GRAVELS and COBBLES,13.4,,CGRSISA
C-2010,Brown moderately carbonaceous MUDSTONE,106.7,,MS
F41/0338,White ROCK - hard and dry,55.2,,TERT
J41/0734,Small LARGE grey Sandy GRAVELS,11.1,,GRSA
I44/0974,Marine Silts,9.1,,SISH
C-2016,W carbonaceous Silty/Sandy MUDSTONE w bedded,190,,MS
F40/0108,Sandy COBBLES and GRAVEL,6.3,,CGRSA
G44/0190,Sandy GRAVELS,5.8,,GRSA
J42/0118,Soft Brown Weathered Rock,3,,TERT
G42/0676,CLAYS and Quartz GRAVELS,30.7,,GRCL
J41/0128,Sandy SHALE,195.1,,SHALE
G45/0175,ROCK,81.3,,TERT
I44/0089,CLAY,27.4,,CL
F40/0305,Very Sandy GRAVELS,19.7,,GRSA
G46/0146,SOFT BROKEN ROCK with GREY PUG,207,,TERT
F38/0006,Sandy small GRAVELS,13.2,,FGRSA
I44/0769,Pea GRAVELS,10.1,,FGR
F41/0455,BOULDER,40.6,,BO
G40/0138,Sandy GRAVEL,24.6,,GRSA
I44/1109,Grey SCHIST,142,,SCHIST
G41/0376,Loose Sandy small GRAVELS,17.4,,FGRSA
F41/0301,CLAY,30.56,,CL
G40/0176,Coarse Cobbly GRAVEL,33.1,,CGR
H44/0009,Grey Quartz/Schist GRAVEL; pebbly; Silt matrix,6.2,,GRSISA
J41/0253,Green SAND and SILT,15,,SISA
G42/0712,Sandy brown GRAVELS,12,,GRSA
E41/0150,SAND,4.8,,SA
F40/0324,Silts,0.7,,SI
G41/0376,Sandy Silty small GRAVELS,25.3,,FGRSISA
F41/0183,Topsoil,0.7,,SOIL
C-2070,Bedded CLAYSTONE,122.4,,CS
G43/0223,Clean Quartz GRAVEL,14.3,,GR
C-2019,MUDSTONE and LIGNITE,118.3,,LIMS
G40/0196,"Yellow SILT, Greywacke GRAVEL",12,,GRSI
F41/0270,SANDS,2.1,,SA
I44/0989,Yellow CLAY,21,,CL
E41/0099,Firm Silty Sandy GRAVELS,4.2,,GRSISA
F40/0283,Very Silty GRAVELS,26.7,,GRSI
F40/0355-1,CLAY,7,,CL
G42/0832,Coarse GRAVELS,5.1,,CGR
G40/0279,Very Silty Sandy GRAVELS,56.2,,GRSISA
G42/0106,Brown Claybound GRAVELS,26,,GRCL
J41/0489,"Light brown silt, Sandy small quartz GRAVELS",51.5,,GRSISA
G45/0248,GRAVEL,7.3,,GR
ECL 2013-7,"Medium Sandy medium GRAVEL and COBBLES, grey brown",21,,CGRSA
F40/0357-3,Grey SILT,50,,SI
F41/0330,SCHIST,30.4,,SCHIST
G40/0150,Cobble Silty GRAVEL,42.6,,CGRSI
G44/0230,Blue ROCK,50,,TERT
I44/1000,Brown river GRAVELS and SAND,16,,GRSA
J41/0281,Small to LARGE LIGHT Sandy grey and YELLOW Claybound BROWN GRAVELS,30,,GRCLSA
C-2033,Sandy Silty MUDSTONE,250.2,,MS
G40/0048,loose Sandy GRAVELS,21.1,,GRSA
G46/0100,Brown yellow TOPSOIL then CLAY,3,,SOIL
I44/0626,Blue Sandy PUG,7.8,,CLSA
I44/0780,Brown Claybound GRAVEL,9.9,,GRCL
G42/0630,BOULDERS,15,,BO
H45/0116,COAL,12.7,,COAL
G42/0246,Sandy GRAVEL,10.4,,GRSA
F41/0453,TOPSOIL,1.1,,SOIL
G41/0383,SAND,11.6,,SA
J41/0375,Yellow Silty SAND,17,,SISA
G40/0202,CLAY,25.5,,CL
G41/0099,Coarse Sandy GRAVEL,21.7,,CGRSA
I44/1040,Claybound GRAVEL,13.3,,GRCL
I44/0006,No sample,2,,NOLOG
G45/0113,CLAY,16.5,,CL
J41/0566,Rock SILTSTONE,68.3,,SS
I44/0062,CLAY,3.2,,CL
C-2020,W bedded MUDSTONE,136,,MS
I44/0965,CLAY,19,,CL
F40/0247,Yellow Silty coarse Gravel with small bits of CLAY,27,,CGRCL
I44/1005,"Dark grey organic Silty CLAY; highly plastic marine sediment, some Shells",25,,OMSICL
I44/1072,DIRTY GRAVEL,20.8,,GR
J41/0766,"Silty GRAVEL, grey, dry; GRAVEL is Greywacke with some Quartz",2.1,,GRSI
J41/0728,Rock green quartz,128,,TERT
ECL 2013-21,GRAVELLY SAND BROWN,2,,GRSA
G42/0775,SAND,12.5,,SA
J41/0504,TOTARA LIMESTONE,12,,LIME
G45/0226,ROCK,13.2,,TERT
I44/0860,Yellow CLAY,22.3,,CL
I40/0001,HARD BASALT,105,,VOLC
I44/0422,Sandy CLAY,4,,CLSA
I44/0761,Tight GRAVEL and large ROCKS,26.5,,CGR
F41/0365,Brown Silty SAND,17.3,,SISA
H42/0191,Blue CLAY,26.2,,CL
J41/0309,Water bearing GRAVEL,11,,GR
G40/0237,SAND,1.1,,SA
H45/0326,Claybound GRAVELS,7.6,,GRCL
I44/0919,"Gravelly coarse SAND, light grey",31.6,,CGRSA
F41/0247,Coarse SAND with some Gravel,21.2,,GRCSA
G44/0172,Brown weathered ROCK,22,,TERT
I44/0981,River GRAVELS,10.56,,GR
J41/0391,Brown CLAY,1.5,,CL
F41/0388,Very Sandy schist GRAVELS,10.1,,GRSA
G40/0258,Mainly small Silty Sandy GRAVELS,29.2,,FGRSISA
G43/0108,ROCK,9.8,,TERT
H45/0341,"SANDS, fine GRAVELS",23.6,,FGRSA
G41/0204,Yellow Silty SAND,28,,SISA
G41/0347,Silty SAND GRAVELS,19,,GRSISA
G42/0200,CLAY and SANDSTONE,27,,CLSS
J42/0158,Brown SANDSTONE,15.6,,SS
G43/0219,Sandy GRAVELS,4,,GRSA
F40/0220,Sandy Silt mainly small GRAVELS,71.4,,FGRSISA
G40/0159,SAND,24.8,,SA
G42/0690,Quartz Schist,9.1,,SCHIST
H43/0195,Fill,0.3,,FILL
J41/0593,Green-grey MUDSTONE,61.4,,MS
F40/0385D,Silty fine SAND with some Gravel,6,,GRSISA
I44/1049,CLAY,31,,CL
J41/0747,Blue water bearing SILTSTONE,28,,MS
F41/0119,"BEDROCK, big stray rock of SCHIST",18.5,,BASEROCK
G42/0789,"Grey Psammitic SCHIST, cohesive ",53.5,,SCHIST
C-2046,Sandy MUDSTONE and SILTSTONE,61.3,,MS
G41/0336,Yellow CLAY,39.7,,CL
H41/0176,Oxidised SCHIST,12.4,,SCHIST
G42/0766,VERY LIGHT Claybound GRAVEL,3.7,,GRCL
G45/0280,ROCK,19.2,,TERT
F41/0186,Silty Sandy GRAVEL,24.1,,GRSISA
I44/0702,Blue SILT,6,,SI
F41/0504,GRAVEL - WATER,57.8,,GR
C-2032,Interbedded Silty MUDSTONES and Sandy MUDSTONES,78.8,,MS
ECL 2013-10,MEDIUM Sandy GRAVEL grey brown,21,,GRSA
J41/0582,Oxidised LIMESTONE,12.6,,LIME
G43/0206,CLAY,24,,CL
G45/0267,Blue CLAY,10.2,,CL
H41/0024,"Green SCHIST facies, chlorite zone, well foliated, dark grey to light green in colour",90,,SCHIST
I44/0783,GRAVEL,25,,GR
H45/0302A,Grey Claybound GRAVEL,16,,GRCL
I44/1031,Yellow fine Sandy angular GRAVELS dirty,20.8,,GRSA
I44/0821,GRAVELS,48.9,,GR
F40/0098,"Silty Sandy GRAVELS, COBBLES",10.5,,CGRSISA
I44/0921,"Fine GRAVEL, grey, clean (no silts or sands), possibly a high groundwater flow zone",54,,FGR
F41/0480A,SCHIST Rock,78.85,,SCHIST
F40/0168,Silty SAND,17.6,,SISA
I44/0508,CLAY,12,,CL
G41/0411-1,"Silty coarse GRAVELS, lots of Schist GRAVELS",9.8,,CGRSI
F42/0100,Claybound GRAVEL and SILTS,6.5,,GRCLSI
F41/0359,SOIL,0.5,,SOIL
G40/0304,Sandy coarse GRAVELS with COBBLES,40.7,,CGRSA
J41/0351,Grey Brown SILTSTONE,17.9,,SS
G42/0619,SAND some Gravels,51.7,,SAGR
I44/1077,HEAVY Claybound GRAVEL,25.5,,GRCL
G41/0275,Silts,0.8,,SI
F41/0464,TOPSOIL,2.1,,SOIL
F40/0224,TOPSOIL,0.8,,SOIL
F40/0385A,Sandy SILT with some Gravel,4.9,,GRSISA
I45/0004,White Beach SAND,14.6,,SA
G40/0054,Sandy CLAY,2.8,,CLSA
G42/0740,Sandy GRAVELS,31.8,,GRSA
J41/0729,TOPSOIL,0.5,,SOIL
F45/0108,"Heavy Sandy Claybound GRAVELS, some damp layers",39.1,,GRCLSA
G42/0873,Yellow CLAY with medium to LARGE GRAVELS - DRY ,50,,GRCL
E41/0170,VERY Sandy coarse GRAVELS,15,,GRSA
G40/0348,Silts,4.6,,SI
F40/0300,TOPSOIL,0.2,,SOIL
F42/0145,Fine GRAVELS SANDS,15.6,,FGRSA
G40/0063,Sandy Silty coarse GRAVEL,19.5,,CGRSISA
C-2021,Sandy MUDSTONE,102.7,,MS
G41/0292,Coarse Sandy GRAVEL,17.1,,CGRSA
I44/0738,Black MUD,2.5,,CLSI
F40/0183,SILTS,6.2,,SI
H45/0101,Sandy CLAY,28.4,,CLSA
J41/0715,TUFF grey BLUE SPECKLED GROUNDWATER INFLOW APPROXIMATELY 2 L/S grey WATER COLOUR,60,,VOLC
G40/0371,Sandy GRAVELS,47.2,,GRSA
G40/0301,Brown Silty GRAVELS,1.5,,GRSI
F41/0379,Grey SILT,2.3,,SI
C-2005,Silty Sandy MUDSTONE,252.6,,MS
I44/0792,CLAY,39,,CL
G42/0131,Brown CLAY,24.6,,CL
J41/0399,Grey-white MUDSTONE with black specks,39,,MS
J41/0709,Topsoil,0.2,,SOIL
G41/0317,Sandy Loose GRAVELS - no water,6.3,,GRSA
J41/0176,Sandy BRECCIA,3.6,,BRECCIA
G42/0698,SAND some Gravels,36,,SAGR
H43/0184,TOPSOIL,0.2,,SOIL
G40/0120,TOPSOIL and CLAY,0.6,,SOIL
E40/0109,GRAVELS RIVER STONES,8,,GR
C-2049,MUDSTONE to Sandy Silty MUDSTONE,75.6,,MS
F40/0344-1,Grey SILT,30.8,,SI
G42/0786,Green Silty CLAY,33.2,,CLSI
I41/0042,Brown CLAY,100.5,,CL
I44/1056,SOIL CLAY,1.8,,CL
C-2034,SANDSTONE to Sandy MUDSTONE at base unit,205.2,,MS
I44/0751,Brown Clayey GRAVEL with COBBLES,42.1,,CGRCL
C-2008,W-bedded MUDSTONE to Silty MUDSTONE,93,,MS
I44/0090,Fine GRAVEL and CLAY,14,,FGRCL
I44/0900,CLAY,21.3,,CL
G45/0204,Claybound GRAVELS,22.5,,GRCL
F40/0204,Silty Sandy GRAVELS BOULDERS,47.2,,CGRSISA
I44/0988,Cream CLAY into river GRAVELS,9,,GRCL
I44/0991,Cream Quartz GRAVELS,27,,GR
G44/0215,"Fractured ROCK, some rounded",41.2,,TERT
G44/0221,Loose running Schisty Sandy Cobbly GRAVELS,9,,CGRSA
G41/0478,CLAY,29.2,,CL
C-2011,Weak bedded MUDSTONE Silty MUDSTONE,286.8,,MS
G44/0239,TOPSOIL,0.2,,SOIL
G40/0242,Silty Sandy GRAVELS,18,,GRSISA
J42/0125,Tapui greenSAND with minor CLAY MOIST,7,,CLSA
G42/0726,Mainly small Sandy GRAVELS,42.7,,FGRSA
G42/0239,SCHIST ROCK; water at 27.4 and 36.7m,44.55,,SCHIST
I44/1075,CLAY with Claybound GRAVEL layers,24.8,,GRCL
H45/0311,Yellow CLAY,1.1,,CL
J41/0386,Topsoil,0.7,,SOIL
J41/0006,Green SANDS Brown Quartz and White,11,,SA
G40/0181,Silts,5.7,,SI
H44/0012,Grey pebbly schistose GRAVEL,4.4,,GR
G41/0249,Very Silty Sandy GRAVELS,15.9,,GRSISA
I44/0680,CLAY,2.1,,CL
I44/0746,GRAVEL,4.3,,GR
F40/0357-10,Silty coarse GRIT,19.3,,SICSA
H42/0184,Quartz angular GRITS and white SAND,127,,CSA
J41/0552,Grey MUDSTONE,46.2,,MS
G41/0364,Sandy GRAVELS BOULDERS,28.4,,CGRSA
I44/0771,Gravel with interbeds of CLAY,38.7,,GRCL
F41/0153,SOIL,0.5,,SOIL
G43/0160,Cobbly GRAVELS and SILTS,6.8,,CGRSI
I44/1144,"Fine GRAVEL, grey, clean (no Silts or Sands); possible a high groundwater flow zone",58.5,,FGR
F41/0424,GREY SILTS,4,,SI
F40/0267,Tight Silty GRAVELS and COBBLES,24.8,,CGRSI
I44/1015,Sandy CLAY,13,,CLSA
G40/0221,Sandy Claybound GRAVELS,50.5,,GRCLSA
J42/0018,Pug and blue metal,31.1,,CL
G40/0058,Grey SCHIST rock,21,,SCHIST
G44/0104,GRAVELS and small Rocks,3.3,,FGR
G40/0393,SAND with GRAVEL,23,,GRSA
F40/0128,Fine SAND,31,,FSA
G42/0594,Silty Schist GRAVELS,3.1,,GRSI
I44/0953,Brown CLAY,6,,CL
F41/1350,Green SCHIST rock,15.1,,SCHIST
G45/0167,CLAY,3,,CL
J41/0389,Small soft bands of MUDSTONE predominantly hard MUDSTONE,68,,MS
G41/0207,Fine quartz GRAVELS and SANDS,29.1,,FGRSA
F42/0143,Sandy GRAVEL,2.2,,GRSA
I44/0966,Grey Quartz GRAVELS,25.8,,GR
I44/0990,Yellow brown CLAY,22.8,,CL
F41/0370,Sandy SCHIST GRAVEL,2.5,,GRSA
I44/1006,"CLAY, yellow, firm, wet, low plasticity",26.6,,CL
J41/0271,Small to LARGE grey and BROWN GRAVELS SAND with Silty CLAY LAYERS,11.2,,CGRSISA
F40/0284,Silts,8.3,,SI
I44/0726,CLAY,40,,CL
G41/0100,BOULDER,3.6,,BO
G42/0232,GRAVELS silts and CLAY,36,,GRCLSI
H41/0156,Brown CLAY,8,,CL
G40/0137,SCHIST,11,,SCHIST
G42/0118,Greyish Silty Sandy GRAVELS,53,,GRSISA
J42/0072,Sandy BECCIA BROWN WEATHERED,5.2,,SA
F41/0498,Sandy GRAVEL,34,,GRSA
G41/0443,Silty SAND some Gravels,6,,GRSISA
F40/0326,Yellow SILT,1.4,,SI
C-2004,"Coarse Schist and Greywacke GRAVELS, well graded",12,,CGR
I44/0744,Yellow CLAY,33.8,,CL
G41/0434,Large Sandy GRAVELS,13,,CGRSA
G43/0150,Sandy GRAVELS and COBBLES,18.8,,CGRSA
I43/0057-2,Yellow CLAYS,1.6,,CL
I44/0684,Sandy GRAVELS,30.9,,GRSA
J41/0753,LIMESTONE,22,,LIME
I44/0768,Angular GRAVEL,10.1,,GR
G44/0222,CLAY,36,,CL
G40/0187,TOPSOIL,1.2,,SOIL
G45/0273,ROCK,26,,BASEROCK
G44/0117,CLAY,23.3,,CL
J41/0121,Siltstone or light SANDSTONE,97.57,,SS
F41/0245,BOULDER,12.1,,BO
G40/0149,Sandy GRAVELS,24.6,,GRSA
E41/0112,SCHIST Boulder,1.4,,BO
I44/1016,White Quartz GRAVELS,7,,GR
F41/0333,SANDS Silty GRAVELS,4.9,,GRSISA
G40/0063,Sandy Silty GRAVEL,21.6,,GRSISA
G40/0238,Silty Sandy GRAVELS,19,,GRSISA
F40/0361,Silty GRAVELS,6,,GRSI
C-2034,Bedded MUDSTONE to Silty MUDSTONE,220,,MS
G41/0225,SANDS and fine GRAVEL,42.6,,FGRSA
F41/0391,"Sandy, silt gravel-beach deposits and fill",4.7,,FILL
J41/0394,Blue green SILTSTONE,85.2,,MS
I44/0953,Yellow CLAY,12.1,,CL
H42/0191,Quartz GRIT,65.6,,CSA
C-2051,Light green MUDSTONE,66,,MS
G41/0127,Sandy GRAVELS,26,,GRSA
H44/0011,Grey Silts/soil,2.2,,SI
I44/0865,Marine Silts Vegetation,14.7,,SISH
G41/0430,Coarse Sandy GRAVELS,16.3,,CGRSA
J42/0158,Green MUDSTONE,49.6,,MS
G42/0615,Blue Sandy CLAY,29.6,,CLSA
F41/0406,CLAY,41.5,,CL
G43/0199,Coarse Sandy GRAVELS,29.2,,CGRSA
F40/0307,Blue grey SILT,23,,SI
I44/1040,Yellow CLAY,28.5,,CL
F40/0390,Grey SILT,7.7,,SI
F41/0357,TOPSOIL,0.4,,SOIL
J41/0380,Fresh Blue SILTSTONE,31.2,,SS
G42/0730,Very Sandy GRAVELS,47.5,,GRSA
F40/0174,GRAVELS,13,,GR
I41/0042,Grey SANDSTONE,18.5,,SS
H41/0007,"Green SCHIST facies, chlorite zone, well foliated, dark grey to light green in colour",104.5,,SCHIST
H41/0180,Grey SILT,21.8,,SI
G42/0282,Outwash GRAVELS and SAND,6,,GRSA
G44/0232,GRAVELS,3.5,,GR
I44/0786,Hard yellow CLAY,19.5,,CL
G43/0107,SAND,12.1,,SA
G44/0240/1,Weathered SCHIST,9,,SCHIST
I44/1102,SOIL,0.7,,SOIL
I44/0624,Grey PUG,15.1,,CL
F40/0357-4,Grey Silty GRAVELS,20.6,,GRSI
C-2007,Sandy MUDSTONE,99,,MS
C-2034,Mod to w carbonaceous MUDSTONE,10.8,,MS
G40/0196,Silty coarse SAND,51.3,,SISA
G40/0226,Silty Sandy GRAVELS,18.3,,GRSISA
I44/0982,Yellow CLAY,26.8,,CL
I44/1047,CLAY,31,,CL
J41/0728,Rock/quartz (green),89,,TERT
H45/0289A,Claybound GRAVELS,21.4,,GRCL
I44/0063,CLAY,2,,CL
F41/0329,SILTS GRAVELS Schists,12,,GRSISA
G40/0043,Small Sandy GRAVELS,87.4,,FGRSA
J41/0232,"BRECCIA, brown",20.2,,BRECCIA
J41/0499,Waiareka Volcanic,79.8,Waiareka Volcanics,VOLC
F40/0221,Loose Sandy COBBLES,53.8,,CGRSA
I44/0995,Yellow CLAY,22.8,,CL
F39/0001,"Dark grey/black Sandy SILTS, traces of Vegetation",16.9,,SISAOM
I44/1061,Heavy Claybound GRAVELS,14.6,,GRCL
G42/0403,Small GRAVELS,4.3,,FGR
I44/1101,"CLAY, yellow orange",20.5,,CL
H42/0200,Sandy Quartz GRIT,47,,CSA
J41/0429,Small to LARGE grey GRAVELS and Silty SAND,11,,GRSISA
F40/0168,SAND,29,,SA
F41/0348,Silty Sandy GRAVEL,53.7,,GRSISA
J41/0709,Yellow CLAY,6,,CL
I44/0007,"Loose medium to coarse orange brown SAND, clasts well rounded to subrounded, interlayed with fine, loose Silty SAND",5,,CSASI
F41/0159,Sandy SCHIST GRAVELS,11.8,,GRSA
F40/0250,GRAVELS,35.8,,GR
F45/0110,MUDSTONE with GRAVELS,106,,GR
G40/0305,MUDSTONE with GRIT,97,,MSCSA
C-2076,Carbonaceous MUDSTONE with rare thin Muddy LIGNITE,198,Manuherikia Group,MS
G42/0787,Dark brown Quartz PEBBLES in CLAY matrix; water bearing,1.8,,FGRCL
J42/0139,Brown Silty SAND,8.6,,SISA
G42/0659,Grey SCHIST ROCK with Quartz,81.3,,SCHIST
J41/0566,Soft CLAY,7,,CL
I44/0749,Brown Silty SAND,24.4,,SISA
I44/0847,CLAY,22,,CL
G41/0269,"Sandy GRAVELS, large COBBLES",31.7,,CGRSA
G42/0689,Loose GRAVEL tailings,17.5,,GR
F40/0095,"Small Sandy GRAVELS, some Cobbles",10.8,,GRSA
I44/0892,Brown Silty TOPSOIL,0.3,,SOIL
I44/0089,Brown CLAY,134.4,,CL
G41/0291,TOPSOIL,0.1,,SOIL
H45/0312,Blue SILT,21,,SI
I44/0762,Loose GRAVEL,46.6,,GR
F40/0385B,Silty fine SAND with trace Gravel,0.3,,GRSISA
G40/0205,SAND,23,,SA
F41/0209,Moist GRAVELS,14,,GR
I44/1056,QUARTZ GRAVEL 10-20MM,11.6,,GR
J41/0128,SANDSTONE,106.7,,SS
J41/0580,Blue ROCK,12,,TERT
I44/1079,SCHIST GRAVELS,16.3,,GR
J41/0748,"Soft ROCK, some Clay, grey",147,,TERT
J41/0524,FINE GRAVEL and SAND,11.28,,FGRSA
G41/0318,Yellow CLAY,15.7,,CL
I44/0780,Firm yellow CLAY,25.8,,CL
I44/1039,CLAY,1.5,,CL
H46/0103,Sandy GRAVELS,19,,GRSA
F41/0340,VERY Sandy small GRAVELS,11.5,,FGRSA
I44/1098,WATER BOUND RIVER GRAVELS,14.6,,GR
G45/0148,Quartz PEBBLES,6,,FGR
F40/0184,Sandy GRAVELS,22.8,,GRSA
ECL 2013-19,MEDIUM Sandy GRAVEL grey BROWN,21,,GRSA
I44/1084,SOFTER BASALT,12,,VOLC
C-2031,Blue green grey MUDSTONE CLAYS with relatively abundant traces of Schistose and Quartzose Gravels,76.2,,MS
F40/0246,Silts,27.9,,SI
G40/0146,BOULDER,19.2,,BO
G45/0216,ROCK,75.5,,TERT
G41/0348,Silty SAND some Gravels,16.2,,GRSISA
I44/0498,Hard grey MUDSTONE,38,,MS
C-2017,Muddy SANDS - GRAVELS,132.4,,GRSA
F41/0303,Sandy GRAVELS,15.4,,GRSA
G40/0244,"Blue SAND some Gravels, dry",23.9,,GRSA
G41/0476,Coarse Sandy GRAVELS,6.6,,CGRSA
G42/0735,Yellow CLAY,11,,CL
G45/0169,Soft to Firm grey CLAY,19,,CL
F45/0107,TOPSOIL,1,,SOIL
G45/0239,"GRAVELS (FILL), loose, angular",0.3,,FILL
J41/0387,Grey-green Silty fine SAND,59,,SISA
F41/0378,"BOULDERS and Schist GRAVELS, Silty; GRAVELS angular",84.7,,BOGRSI
G44/0237,CLAY,3.5,,CL
I44/1032,Angular GRAVELS,16,,GR
J41/0152,Hard LIMESTONE,14.6,,LIME
G45/0205,Blue ROCK,61,,TERT
I42/0088,Brown broken ROCK,1.5,,TERT
G40/0164,Silty Sandy GRAVELS,65.7,,GRSISA
ECL 2013-11,MEDIUM Sandy coarse GRAVEL grey BROWN,10,,GRSA
G44/0239,Claybound Quartz with LIGNITE,16,,LICL
I43/0036,Fine SAND,90.2,,FSA
F40/0154,Sandy GRAVELS,4,,GRSA
G40/0223,"Silts, Clay and Claybound GRAVEL",72,,GRCLSI
G42/0713,"Sandy GRAVELS, COBBLES",8.7,,CGRSA
I44/0774,Sandy gravel with yellow CLAY lenses,47.25,,GRCLSA
H46/0164,HARD ROCK,224,,TERT
G40/0416,Sandy SILT GRAVEL,23.2,,GRSISA
C-2009,Sandy MUDSTONE to coarse quartzose sands,68.8,,MS
G40/0262,Coarse Sandy GRAVEL,19.5,,CGRSA
E40/0105,TOPSOIL SILTS,2.5,,SOIL
C-2014,MUDSTONE,150.6,,MS
G42/0763,Tight Silty Sandy GRAVELS and boulders,29.5,,BO
G40/0132,SAND,5.2,,SA
J41/0001,CLAY,9.14,,CL
J41/0556,Orange-Silty CLAY,1,,CLSI
H42/0186,GRIT,40.4,,CSA
F41/0417,SANDS LOOSE GRAVELS,9.3,,GRSA
H45/0340,Quartz GRAVELS,35.2,,GR
H45/0325,Blue GRAVELS,35.4,,GR
