,datetime,lake,total_rch,dryland_rch,irr_rch,hill_maungawera,hill_flat_west,hill_flat_east,hill_terrace_east,hill_south_east,hill_total
0,2002-07-06 12:00:00,339.93335,0.0003794184929164609,0.00030177027358829485,0.0004443539263355894,1081.1698,375.45,1867.4805,3926.3242,3437.6719,10688.097
1,2001-01-10 00:00:00,340.90018,0.0003794184929164609,0.00030177027358829485,0.0004443539263355894,1081.1698,375.45,1867.4805,3926.3242,3437.6719,10688.097
2,2001-01-17 00:00:00,341.10815,0.0003794184929164609,0.00030177027358829485,0.0004443539263355894,1081.1698,375.45,1867.4805,3926.3242,3437.6719,10688.097
3,2001-01-24 00:00:00,341.29922,0.0003794184929164609,0.00030177027358829485,0.0004443539263355894,1081.1698,375.45,1867.4805,3926.3242,3437.6719,10688.097
4,2001-01-31 00:00:00,341.4702,0.0003794184929164609,0.00030177027358829485,0.0004443539263355894,1081.1698,375.45,1867.4805,3926.3242,3437.6719,10688.097
5,2001-02-07 00:00:00,341.61887,0.0003794184929164609,0.00030177027358829485,0.0004443539263355894,1081.1698,375.45,1867.4805,3926.3242,3437.6719,10688.097
6,2001-02-14 00:00:00,341.7429,0.0003794184929164609,0.00030177027358829485,0.0004443539263355894,1081.1698,375.45,1867.4805,3926.3242,3437.6719,10688.097
7,2001-02-21 00:00:00,341.8406,0.0003794184929164609,0.00030177027358829485,0.0004443539263355894,1081.1698,375.45,1867.4805,3926.3242,3437.6719,10688.097
8,2001-02-28 00:00:00,341.91043,0.0003794184929164609,0.00030177027358829485,0.0004443539263355894,1081.1698,375.45,1867.4805,3926.3242,3437.6719,10688.097
9,2001-03-07 00:00:00,341.95145,0.0003794184929164609,0.00030177027358829485,0.0004443539263355894,1081.1698,375.45,1867.4805,3926.3242,3437.6719,10688.097
10,2001-03-14 00:00:00,341.9631,0.0003794184929164609,0.00030177027358829485,0.0004443539263355894,1081.1698,375.45,1867.4805,3926.3242,3437.6719,10688.097
11,2001-03-21 00:00:00,341.94504,0.0003794184929164609,0.00030177027358829485,0.0004443539263355894,1081.1698,375.45,1867.4805,3926.3242,3437.6719,10688.097
12,2001-03-28 00:00:00,341.89767,0.0003794184929164609,0.00030177027358829485,0.0004443539263355894,1081.1698,375.45,1867.4805,3926.3242,3437.6719,10688.097
13,2001-04-04 00:00:00,341.82178,0.0003794184929164609,0.00030177027358829485,0.0004443539263355894,1081.1698,375.45,1867.4805,3926.3242,3437.6719,10688.097
14,2001-04-11 00:00:00,341.71823,0.0003794184929164609,0.00030177027358829485,0.0004443539263355894,1081.1698,375.45,1867.4805,3926.3242,3437.6719,10688.097
15,2001-04-18 00:00:00,341.58865,0.0003794184929164609,0.00030177027358829485,0.0004443539263355894,1081.1698,375.45,1867.4805,3926.3242,3437.6719,10688.097
16,2001-04-25 00:00:00,341.43503,0.0003794184929164609,0.00030177027358829485,0.0004443539263355894,1081.1698,375.45,1867.4805,3926.3242,3437.6719,10688.097
17,2001-05-02 00:00:00,341.25937,0.0003794184929164609,0.00030177027358829485,0.0004443539263355894,1081.1698,375.45,1867.4805,3926.3242,3437.6719,10688.097
18,2001-05-09 00:00:00,341.06445,0.0003794184929164609,0.00030177027358829485,0.0004443539263355894,1081.1698,375.45,1867.4805,3926.3242,3437.6719,10688.097
19,2001-05-16 00:00:00,340.85306,0.0003794184929164609,0.00030177027358829485,0.0004443539263355894,1081.1698,375.45,1867.4805,3926.3242,3437.6719,10688.097
20,2001-05-23 00:00:00,340.62827,0.0003794184929164609,0.00030177027358829485,0.0004443539263355894,1081.1698,375.45,1867.4805,3926.3242,3437.6719,10688.097
21,2001-05-30 00:00:00,340.3933,0.0003794184929164609,0.00030177027358829485,0.0004443539263355894,1081.1698,375.45,1867.4805,3926.3242,3437.6719,10688.097
22,2001-06-06 00:00:00,340.15164,0.0003794184929164609,0.00030177027358829485,0.0004443539263355894,1081.1698,375.45,1867.4805,3926.3242,3437.6719,10688.097
23,2001-06-13 00:00:00,339.90677,0.0003794184929164609,0.00030177027358829485,0.0004443539263355894,1081.1698,375.45,1867.4805,3926.3242,3437.6719,10688.097
24,2001-06-20 00:00:00,339.66232,0.0003794184929164609,0.00030177027358829485,0.0004443539263355894,1081.1698,375.45,1867.4805,3926.3242,3437.6719,10688.097
25,2001-06-27 00:00:00,339.42184,0.0003794184929164609,0.00030177027358829485,0.0004443539263355894,1081.1698,375.45,1867.4805,3926.3242,3437.6719,10688.097
26,2001-07-04 00:00:00,339.1888,0.0003794184929164609,0.00030177027358829485,0.0004443539263355894,1081.1698,375.45,1867.4805,3926.3242,3437.6719,10688.097
27,2001-07-11 00:00:00,338.96655,0.0003794184929164609,0.00030177027358829485,0.0004443539263355894,1081.1698,375.45,1867.4805,3926.3242,3437.6719,10688.097
28,2001-07-18 00:00:00,338.75858,0.0003794184929164609,0.00030177027358829485,0.0004443539263355894,1081.1698,375.45,1867.4805,3926.3242,3437.6719,10688.097
29,2001-07-25 00:00:00,338.5676,0.0003794184929164609,0.00030177027358829485,0.0004443539263355894,1081.1698,375.45,1867.4805,3926.3242,3437.6719,10688.097
30,2001-08-01 00:00:00,338.3965,0.0003794184929164609,0.00030177027358829485,0.0004443539263355894,1081.1698,375.45,1867.4805,3926.3242,3437.6719,10688.097
31,2001-08-08 00:00:00,338.24796,0.0003794184929164609,0.00030177027358829485,0.0004443539263355894,1081.1698,375.45,1867.4805,3926.3242,3437.6719,10688.097
32,2001-08-15 00:00:00,338.12384,0.0003794184929164609,0.00030177027358829485,0.0004443539263355894,1081.1698,375.45,1867.4805,3926.3242,3437.6719,10688.097
33,2001-08-22 00:00:00,338.02615,0.0003794184929164609,0.00030177027358829485,0.0004443539263355894,1081.1698,375.45,1867.4805,3926.3242,3437.6719,10688.097
34,2001-08-29 00:00:00,337.95633,0.0003794184929164609,0.00030177027358829485,0.0004443539263355894,1081.1698,375.45,1867.4805,3926.3242,3437.6719,10688.097
35,2001-09-05 00:00:00,337.9153,0.0003794184929164609,0.00030177027358829485,0.0004443539263355894,1081.1698,375.45,1867.4805,3926.3242,3437.6719,10688.097
36,2001-09-12 00:00:00,337.90372,0.0003794184929164609,0.00030177027358829485,0.0004443539263355894,1081.1698,375.45,1867.4805,3926.3242,3437.6719,10688.097
37,2001-09-19 00:00:00,337.9217,0.0003794184929164609,0.00030177027358829485,0.0004443539263355894,1081.1698,375.45,1867.4805,3926.3242,3437.6719,10688.097
38,2001-09-26 00:00:00,337.96902,0.0003794184929164609,0.00030177027358829485,0.0004443539263355894,1081.1698,375.45,1867.4805,3926.3242,3437.6719,10688.097
39,2001-10-03 00:00:00,338.045,0.0003794184929164609,0.00030177027358829485,0.0004443539263355894,1081.1698,375.45,1867.4805,3926.3242,3437.6719,10688.097
40,2001-10-10 00:00:00,338.14853,0.0003794184929164609,0.00030177027358829485,0.0004443539263355894,1081.1698,375.45,1867.4805,3926.3242,3437.6719,10688.097
41,2001-10-17 00:00:00,338.2781,0.0003794184929164609,0.00030177027358829485,0.0004443539263355894,1081.1698,375.45,1867.4805,3926.3242,3437.6719,10688.097
42,2001-10-24 00:00:00,338.43185,0.0003794184929164609,0.00030177027358829485,0.0004443539263355894,1081.1698,375.45,1867.4805,3926.3242,3437.6719,10688.097
43,2001-10-31 00:00:00,338.60742,0.0003794184929164609,0.00030177027358829485,0.0004443539263355894,1081.1698,375.45,1867.4805,3926.3242,3437.6719,10688.097
44,2001-11-07 00:00:00,338.80225,0.0003794184929164609,0.00030177027358829485,0.0004443539263355894,1081.1698,375.45,1867.4805,3926.3242,3437.6719,10688.097
45,2001-11-14 00:00:00,339.0137,0.0003794184929164609,0.00030177027358829485,0.0004443539263355894,1081.1698,375.45,1867.4805,3926.3242,3437.6719,10688.097
46,2001-11-21 00:00:00,339.23853,0.0003794184929164609,0.00030177027358829485,0.0004443539263355894,1081.1698,375.45,1867.4805,3926.3242,3437.6719,10688.097
47,2001-11-28 00:00:00,339.47342,0.0003794184929164609,0.00030177027358829485,0.0004443539263355894,1081.1698,375.45,1867.4805,3926.3242,3437.6719,10688.097
48,2001-12-05 00:00:00,339.71512,0.0003794184929164609,0.00030177027358829485,0.0004443539263355894,1081.1698,375.45,1867.4805,3926.3242,3437.6719,10688.097
49,2001-12-12 00:00:00,339.95996,0.0003794184929164609,0.00030177027358829485,0.0004443539263355894,1081.1698,375.45,1867.4805,3926.3242,3437.6719,10688.097
50,2001-12-19 00:00:00,340.20438,0.0003794184929164609,0.00030177027358829485,0.0004443539263355894,1081.1698,375.45,1867.4805,3926.3242,3437.6719,10688.097
51,2001-12-26 00:00:00,340.4449,0.0003794184929164609,0.00030177027358829485,0.0004443539263355894,1081.1698,375.45,1867.4805,3926.3242,3437.6719,10688.097
52,2002-01-02 00:00:00,340.67795,0.0003794184929164609,0.00030177027358829485,0.0004443539263355894,1081.1698,375.45,1867.4805,3926.3242,3437.6719,10688.097
53,2002-01-09 00:00:00,340.90018,0.0003794184929164609,0.00030177027358829485,0.0004443539263355894,1081.1698,375.45,1867.4805,3926.3242,3437.6719,10688.097
54,2002-01-16 00:00:00,341.10815,0.0003794184929164609,0.00030177027358829485,0.0004443539263355894,1081.1698,375.45,1867.4805,3926.3242,3437.6719,10688.097
55,2002-01-23 00:00:00,341.29922,0.0003794184929164609,0.00030177027358829485,0.0004443539263355894,1081.1698,375.45,1867.4805,3926.3242,3437.6719,10688.097
56,2002-01-30 00:00:00,341.4702,0.0003794184929164609,0.00030177027358829485,0.0004443539263355894,1081.1698,375.45,1867.4805,3926.3242,3437.6719,10688.097
57,2002-02-06 00:00:00,341.61887,0.0003794184929164609,0.00030177027358829485,0.0004443539263355894,1081.1698,375.45,1867.4805,3926.3242,3437.6719,10688.097
58,2002-02-13 00:00:00,341.7429,0.0003794184929164609,0.00030177027358829485,0.0004443539263355894,1081.1698,375.45,1867.4805,3926.3242,3437.6719,10688.097
59,2002-02-20 00:00:00,341.8406,0.0003794184929164609,0.00030177027358829485,0.0004443539263355894,1081.1698,375.45,1867.4805,3926.3242,3437.6719,10688.097
60,2002-02-27 00:00:00,341.91043,0.0003794184929164609,0.00030177027358829485,0.0004443539263355894,1081.1698,375.45,1867.4805,3926.3242,3437.6719,10688.097
61,2002-03-06 00:00:00,341.95145,0.0003794184929164609,0.00030177027358829485,0.0004443539263355894,1081.1698,375.45,1867.4805,3926.3242,3437.6719,10688.097
62,2002-03-13 00:00:00,341.9631,0.0003794184929164609,0.00030177027358829485,0.0004443539263355894,1081.1698,375.45,1867.4805,3926.3242,3437.6719,10688.097
63,2002-03-20 00:00:00,341.94504,0.0003794184929164609,0.00030177027358829485,0.0004443539263355894,1081.1698,375.45,1867.4805,3926.3242,3437.6719,10688.097
64,2002-03-27 00:00:00,341.89767,0.0003794184929164609,0.00030177027358829485,0.0004443539263355894,1081.1698,375.45,1867.4805,3926.3242,3437.6719,10688.097
65,2002-04-03 00:00:00,341.82178,0.0003794184929164609,0.00030177027358829485,0.0004443539263355894,1081.1698,375.45,1867.4805,3926.3242,3437.6719,10688.097
66,2002-04-10 00:00:00,341.71823,0.0003794184929164609,0.00030177027358829485,0.0004443539263355894,1081.1698,375.45,1867.4805,3926.3242,3437.6719,10688.097
67,2002-04-17 00:00:00,341.58865,0.0003794184929164609,0.00030177027358829485,0.0004443539263355894,1081.1698,375.45,1867.4805,3926.3242,3437.6719,10688.097
68,2002-04-24 00:00:00,341.43503,0.0003794184929164609,0.00030177027358829485,0.0004443539263355894,1081.1698,375.45,1867.4805,3926.3242,3437.6719,10688.097
69,2002-05-01 00:00:00,341.25937,0.0003794184929164609,0.00030177027358829485,0.0004443539263355894,1081.1698,375.45,1867.4805,3926.3242,3437.6719,10688.097
70,2002-05-08 00:00:00,341.06445,0.0003794184929164609,0.00030177027358829485,0.0004443539263355894,1081.1698,375.45,1867.4805,3926.3242,3437.6719,10688.097
71,2002-05-15 00:00:00,340.85306,0.0003794184929164609,0.00030177027358829485,0.0004443539263355894,1081.1698,375.45,1867.4805,3926.3242,3437.6719,10688.097
72,2002-05-22 00:00:00,340.62827,0.0003794184929164609,0.00030177027358829485,0.0004443539263355894,1081.1698,375.45,1867.4805,3926.3242,3437.6719,10688.097
73,2002-05-29 00:00:00,340.3933,0.0003794184929164609,0.00030177027358829485,0.0004443539263355894,1081.1698,375.45,1867.4805,3926.3242,3437.6719,10688.097
74,2002-06-05 00:00:00,340.15164,0.0003794184929164609,0.00030177027358829485,0.0004443539263355894,1081.1698,375.45,1867.4805,3926.3242,3437.6719,10688.097
75,2002-06-12 00:00:00,339.90677,0.0003794184929164609,0.00030177027358829485,0.0004443539263355894,1081.1698,375.45,1867.4805,3926.3242,3437.6719,10688.097
76,2002-06-19 00:00:00,339.66232,0.0003794184929164609,0.00030177027358829485,0.0004443539263355894,1081.1698,375.45,1867.4805,3926.3242,3437.6719,10688.097
77,2002-06-26 00:00:00,339.42184,0.0003794184929164609,0.00030177027358829485,0.0004443539263355894,1081.1698,375.45,1867.4805,3926.3242,3437.6719,10688.097
78,2002-07-03 00:00:00,339.1888,0.0003794184929164609,0.00030177027358829485,0.0004443539263355894,1081.1698,375.45,1867.4805,3926.3242,3437.6719,10688.097
79,2002-07-10 00:00:00,338.96655,0.0003794184929164609,0.00030177027358829485,0.0004443539263355894,1081.1698,375.45,1867.4805,3926.3242,3437.6719,10688.097
80,2002-07-17 00:00:00,338.75858,0.0003794184929164609,0.00030177027358829485,0.0004443539263355894,1081.1698,375.45,1867.4805,3926.3242,3437.6719,10688.097
81,2002-07-24 00:00:00,338.5676,0.0003794184929164609,0.00030177027358829485,0.0004443539263355894,1081.1698,375.45,1867.4805,3926.3242,3437.6719,10688.097
82,2002-07-31 00:00:00,338.3965,0.0003794184929164609,0.00030177027358829485,0.0004443539263355894,1081.1698,375.45,1867.4805,3926.3242,3437.6719,10688.097
83,2002-08-07 00:00:00,338.24796,0.0003794184929164609,0.00030177027358829485,0.0004443539263355894,1081.1698,375.45,1867.4805,3926.3242,3437.6719,10688.097
84,2002-08-14 00:00:00,338.12384,0.0003794184929164609,0.00030177027358829485,0.0004443539263355894,1081.1698,375.45,1867.4805,3926.3242,3437.6719,10688.097
85,2002-08-21 00:00:00,338.02615,0.0003794184929164609,0.00030177027358829485,0.0004443539263355894,1081.1698,375.45,1867.4805,3926.3242,3437.6719,10688.097
86,2002-08-28 00:00:00,337.95633,0.0003794184929164609,0.00030177027358829485,0.0004443539263355894,1081.1698,375.45,1867.4805,3926.3242,3437.6719,10688.097
87,2002-09-04 00:00:00,337.9153,0.0003794184929164609,0.00030177027358829485,0.0004443539263355894,1081.1698,375.45,1867.4805,3926.3242,3437.6719,10688.097
88,2002-09-11 00:00:00,337.90372,0.0003794184929164609,0.00030177027358829485,0.0004443539263355894,1081.1698,375.45,1867.4805,3926.3242,3437.6719,10688.097
89,2002-09-18 00:00:00,337.9217,0.0003794184929164609,0.00030177027358829485,0.0004443539263355894,1081.1698,375.45,1867.4805,3926.3242,3437.6719,10688.097
90,2002-09-25 00:00:00,337.96902,0.0003794184929164609,0.00030177027358829485,0.0004443539263355894,1081.1698,375.45,1867.4805,3926.3242,3437.6719,10688.097
91,2002-10-02 00:00:00,338.045,0.0003794184929164609,0.00030177027358829485,0.0004443539263355894,1081.1698,375.45,1867.4805,3926.3242,3437.6719,10688.097
92,2002-10-09 00:00:00,338.14853,0.0003794184929164609,0.00030177027358829485,0.0004443539263355894,1081.1698,375.45,1867.4805,3926.3242,3437.6719,10688.097
93,2002-10-16 00:00:00,338.2781,0.0003794184929164609,0.00030177027358829485,0.0004443539263355894,1081.1698,375.45,1867.4805,3926.3242,3437.6719,10688.097
94,2002-10-23 00:00:00,338.43185,0.0003794184929164609,0.00030177027358829485,0.0004443539263355894,1081.1698,375.45,1867.4805,3926.3242,3437.6719,10688.097
95,2002-10-30 00:00:00,338.60742,0.0003794184929164609,0.00030177027358829485,0.0004443539263355894,1081.1698,375.45,1867.4805,3926.3242,3437.6719,10688.097
96,2002-11-06 00:00:00,338.80225,0.0003794184929164609,0.00030177027358829485,0.0004443539263355894,1081.1698,375.45,1867.4805,3926.3242,3437.6719,10688.097
97,2002-11-13 00:00:00,339.0137,0.0003794184929164609,0.00030177027358829485,0.0004443539263355894,1081.1698,375.45,1867.4805,3926.3242,3437.6719,10688.097
98,2002-11-20 00:00:00,339.23853,0.0003794184929164609,0.00030177027358829485,0.0004443539263355894,1081.1698,375.45,1867.4805,3926.3242,3437.6719,10688.097
99,2002-11-27 00:00:00,339.47342,0.0003794184929164609,0.00030177027358829485,0.0004443539263355894,1081.1698,375.45,1867.4805,3926.3242,3437.6719,10688.097
100,2002-12-04 00:00:00,339.71512,0.0003794184929164609,0.00030177027358829485,0.0004443539263355894,1081.1698,375.45,1867.4805,3926.3242,3437.6719,10688.097
101,2002-12-11 00:00:00,339.95996,0.0003794184929164609,0.00030177027358829485,0.0004443539263355894,1081.1698,375.45,1867.4805,3926.3242,3437.6719,10688.097
102,2002-12-18 00:00:00,340.20438,0.0003794184929164609,0.00030177027358829485,0.0004443539263355894,1081.1698,375.45,1867.4805,3926.3242,3437.6719,10688.097
103,2002-12-25 00:00:00,340.4449,0.0003794184929164609,0.00030177027358829485,0.0004443539263355894,1081.1698,375.45,1867.4805,3926.3242,3437.6719,10688.097
104,2003-01-01 00:00:00,340.67795,0.0003794184929164609,0.00030177027358829485,0.0004443539263355894,1081.1698,375.45,1867.4805,3926.3242,3437.6719,10688.097
105,2003-01-08 00:00:00,340.90018,0.0003794184929164609,0.00030177027358829485,0.0004443539263355894,1081.1698,375.45,1867.4805,3926.3242,3437.6719,10688.097
106,2003-01-15 00:00:00,341.10815,0.0003794184929164609,0.00030177027358829485,0.0004443539263355894,1081.1698,375.45,1867.4805,3926.3242,3437.6719,10688.097
107,2003-01-22 00:00:00,341.29922,0.0003794184929164609,0.00030177027358829485,0.0004443539263355894,1081.1698,375.45,1867.4805,3926.3242,3437.6719,10688.097
108,2003-01-29 00:00:00,341.4702,0.0003794184929164609,0.00030177027358829485,0.0004443539263355894,1081.1698,375.45,1867.4805,3926.3242,3437.6719,10688.097
109,2003-02-05 00:00:00,341.61887,0.0003794184929164609,0.00030177027358829485,0.0004443539263355894,1081.1698,375.45,1867.4805,3926.3242,3437.6719,10688.097
110,2003-02-12 00:00:00,341.7429,0.0003794184929164609,0.00030177027358829485,0.0004443539263355894,1081.1698,375.45,1867.4805,3926.3242,3437.6719,10688.097
111,2003-02-19 00:00:00,341.8406,0.0003794184929164609,0.00030177027358829485,0.0004443539263355894,1081.1698,375.45,1867.4805,3926.3242,3437.6719,10688.097
112,2003-02-26 00:00:00,341.91043,0.0003794184929164609,0.00030177027358829485,0.0004443539263355894,1081.1698,375.45,1867.4805,3926.3242,3437.6719,10688.097
113,2003-03-05 00:00:00,341.95145,0.0003794184929164609,0.00030177027358829485,0.0004443539263355894,1081.1698,375.45,1867.4805,3926.3242,3437.6719,10688.097
114,2003-03-12 00:00:00,341.9631,0.0003794184929164609,0.00030177027358829485,0.0004443539263355894,1081.1698,375.45,1867.4805,3926.3242,3437.6719,10688.097
115,2003-03-19 00:00:00,341.94504,0.0003794184929164609,0.00030177027358829485,0.0004443539263355894,1081.1698,375.45,1867.4805,3926.3242,3437.6719,10688.097
116,2003-03-26 00:00:00,341.89767,0.0003794184929164609,0.00030177027358829485,0.0004443539263355894,1081.1698,375.45,1867.4805,3926.3242,3437.6719,10688.097
117,2003-04-02 00:00:00,341.82178,0.0003794184929164609,0.00030177027358829485,0.0004443539263355894,1081.1698,375.45,1867.4805,3926.3242,3437.6719,10688.097
118,2003-04-09 00:00:00,341.71823,0.0003794184929164609,0.00030177027358829485,0.0004443539263355894,1081.1698,375.45,1867.4805,3926.3242,3437.6719,10688.097
119,2003-04-16 00:00:00,341.58865,0.0003794184929164609,0.00030177027358829485,0.0004443539263355894,1081.1698,375.45,1867.4805,3926.3242,3437.6719,10688.097
120,2003-04-23 00:00:00,341.43503,0.0003794184929164609,0.00030177027358829485,0.0004443539263355894,1081.1698,375.45,1867.4805,3926.3242,3437.6719,10688.097
121,2003-04-30 00:00:00,341.25937,0.0003794184929164609,0.00030177027358829485,0.0004443539263355894,1081.1698,375.45,1867.4805,3926.3242,3437.6719,10688.097
122,2003-05-07 00:00:00,341.06445,0.0003794184929164609,0.00030177027358829485,0.0004443539263355894,1081.1698,375.45,1867.4805,3926.3242,3437.6719,10688.097
123,2003-05-14 00:00:00,340.85306,0.0003794184929164609,0.00030177027358829485,0.0004443539263355894,1081.1698,375.45,1867.4805,3926.3242,3437.6719,10688.097
124,2003-05-21 00:00:00,340.62827,0.0003794184929164609,0.00030177027358829485,0.0004443539263355894,1081.1698,375.45,1867.4805,3926.3242,3437.6719,10688.097
125,2003-05-28 00:00:00,340.3933,0.0003794184929164609,0.00030177027358829485,0.0004443539263355894,1081.1698,375.45,1867.4805,3926.3242,3437.6719,10688.097
126,2003-06-04 00:00:00,340.15164,0.0003794184929164609,0.00030177027358829485,0.0004443539263355894,1081.1698,375.45,1867.4805,3926.3242,3437.6719,10688.097
127,2003-06-11 00:00:00,339.90677,0.0003794184929164609,0.00030177027358829485,0.0004443539263355894,1081.1698,375.45,1867.4805,3926.3242,3437.6719,10688.097
128,2003-06-18 00:00:00,339.66232,0.0003794184929164609,0.00030177027358829485,0.0004443539263355894,1081.1698,375.45,1867.4805,3926.3242,3437.6719,10688.097
129,2003-06-25 00:00:00,339.42184,0.0003794184929164609,0.00030177027358829485,0.0004443539263355894,1081.1698,375.45,1867.4805,3926.3242,3437.6719,10688.097
130,2003-07-02 00:00:00,339.1888,0.0003794184929164609,0.00030177027358829485,0.0004443539263355894,1081.1698,375.45,1867.4805,3926.3242,3437.6719,10688.097
131,2003-07-09 00:00:00,338.96655,0.0003794184929164609,0.00030177027358829485,0.0004443539263355894,1081.1698,375.45,1867.4805,3926.3242,3437.6719,10688.097
132,2003-07-16 00:00:00,338.75858,0.0003794184929164609,0.00030177027358829485,0.0004443539263355894,1081.1698,375.45,1867.4805,3926.3242,3437.6719,10688.097
133,2003-07-23 00:00:00,338.5676,0.0003794184929164609,0.00030177027358829485,0.0004443539263355894,1081.1698,375.45,1867.4805,3926.3242,3437.6719,10688.097
134,2003-07-30 00:00:00,338.3965,0.0003794184929164609,0.00030177027358829485,0.0004443539263355894,1081.1698,375.45,1867.4805,3926.3242,3437.6719,10688.097
135,2003-08-06 00:00:00,338.24796,0.0003794184929164609,0.00030177027358829485,0.0004443539263355894,1081.1698,375.45,1867.4805,3926.3242,3437.6719,10688.097
136,2003-08-13 00:00:00,338.12384,0.0003794184929164609,0.00030177027358829485,0.0004443539263355894,1081.1698,375.45,1867.4805,3926.3242,3437.6719,10688.097
137,2003-08-20 00:00:00,338.02615,0.0003794184929164609,0.00030177027358829485,0.0004443539263355894,1081.1698,375.45,1867.4805,3926.3242,3437.6719,10688.097
138,2003-08-27 00:00:00,337.95633,0.0003794184929164609,0.00030177027358829485,0.0004443539263355894,1081.1698,375.45,1867.4805,3926.3242,3437.6719,10688.097
139,2003-09-03 00:00:00,337.9153,0.0003794184929164609,0.00030177027358829485,0.0004443539263355894,1081.1698,375.45,1867.4805,3926.3242,3437.6719,10688.097
140,2003-09-10 00:00:00,337.90372,0.0003794184929164609,0.00030177027358829485,0.0004443539263355894,1081.1698,375.45,1867.4805,3926.3242,3437.6719,10688.097
141,2003-09-17 00:00:00,337.9217,0.0003794184929164609,0.00030177027358829485,0.0004443539263355894,1081.1698,375.45,1867.4805,3926.3242,3437.6719,10688.097
142,2003-09-24 00:00:00,337.96902,0.0003794184929164609,0.00030177027358829485,0.0004443539263355894,1081.1698,375.45,1867.4805,3926.3242,3437.6719,10688.097
143,2003-10-01 00:00:00,338.045,0.0003794184929164609,0.00030177027358829485,0.0004443539263355894,1081.1698,375.45,1867.4805,3926.3242,3437.6719,10688.097
144,2003-10-08 00:00:00,338.14853,0.0003794184929164609,0.00030177027358829485,0.0004443539263355894,1081.1698,375.45,1867.4805,3926.3242,3437.6719,10688.097
145,2003-10-15 00:00:00,338.2781,0.0003794184929164609,0.00030177027358829485,0.0004443539263355894,1081.1698,375.45,1867.4805,3926.3242,3437.6719,10688.097
146,2003-10-22 00:00:00,338.43185,0.0003794184929164609,0.00030177027358829485,0.0004443539263355894,1081.1698,375.45,1867.4805,3926.3242,3437.6719,10688.097
147,2003-10-29 00:00:00,338.60742,0.0003794184929164609,0.00030177027358829485,0.0004443539263355894,1081.1698,375.45,1867.4805,3926.3242,3437.6719,10688.097
148,2003-11-05 00:00:00,338.80225,0.0003794184929164609,0.00030177027358829485,0.0004443539263355894,1081.1698,375.45,1867.4805,3926.3242,3437.6719,10688.097
149,2003-11-12 00:00:00,339.0137,0.0003794184929164609,0.00030177027358829485,0.0004443539263355894,1081.1698,375.45,1867.4805,3926.3242,3437.6719,10688.097
150,2003-11-19 00:00:00,339.23853,0.0003794184929164609,0.00030177027358829485,0.0004443539263355894,1081.1698,375.45,1867.4805,3926.3242,3437.6719,10688.097
151,2003-11-26 00:00:00,339.47342,0.0003794184929164609,0.00030177027358829485,0.0004443539263355894,1081.1698,375.45,1867.4805,3926.3242,3437.6719,10688.097
152,2003-12-03 00:00:00,339.71512,0.0003794184929164609,0.00030177027358829485,0.0004443539263355894,1081.1698,375.45,1867.4805,3926.3242,3437.6719,10688.097
153,2003-12-10 00:00:00,339.95996,0.0003794184929164609,0.00030177027358829485,0.0004443539263355894,1081.1698,375.45,1867.4805,3926.3242,3437.6719,10688.097
154,2003-12-17 00:00:00,340.20438,0.0003794184929164609,0.00030177027358829485,0.0004443539263355894,1081.1698,375.45,1867.4805,3926.3242,3437.6719,10688.097
155,2003-12-24 00:00:00,340.4449,0.0003794184929164609,0.00030177027358829485,0.0004443539263355894,1081.1698,375.45,1867.4805,3926.3242,3437.6719,10688.097
156,2003-12-31 00:00:00,340.67795,0.0003794184929164609,0.00030177027358829485,0.0004443539263355894,1081.1698,375.45,1867.4805,3926.3242,3437.6719,10688.097
