Date,Rainfall,PET
1/01/2012,0,6.1
2/01/2012,0,6.2
3/01/2012,0,5.5
4/01/2012,0,3.7
5/01/2012,0,3.9
6/01/2012,0,5.8
7/01/2012,5.2,4.4
8/01/2012,0,5.9
9/01/2012,0,5.9
10/01/2012,0,6.1
11/01/2012,0,4
12/01/2012,0,4.6
13/01/2012,22.6,3.2
14/01/2012,16.4,1.1
15/01/2012,6.3,3.3
16/01/2012,0,3
17/01/2012,0,4.9
18/01/2012,0,5.4
19/01/2012,0,5.1
20/01/2012,0,4.3
21/01/2012,0,4.9
22/01/2012,0,4.4
23/01/2012,0,2.6
24/01/2012,0,2.3
25/01/2012,0,5.5
26/01/2012,0,6
27/01/2012,24.1,3.6
28/01/2012,0,4.4
29/01/2012,0,3.8
30/01/2012,0,4.5
31/01/2012,0,4.8
1/02/2012,3.2,4.5
2/02/2012,0,5
3/02/2012,0,4.2
4/02/2012,0,3.7
5/02/2012,0,4.5
6/02/2012,0,5.3
7/02/2012,0,5.8
8/02/2012,0,3.5
9/02/2012,0,2.4
10/02/2012,0,2.1
11/02/2012,0,3.2
12/02/2012,0,3
13/02/2012,0,3.1
14/02/2012,0,2.2
15/02/2012,0.5,1.4
16/02/2012,0,3.3
17/02/2012,0,3.8
18/02/2012,0,3.7
19/02/2012,0,0.9
20/02/2012,0,3.5
21/02/2012,0,3
22/02/2012,0,2.8
23/02/2012,57.7,2.6
24/02/2012,8.3,0.5
25/02/2012,0,2.6
26/02/2012,0.6,3.5
27/02/2012,0,3.4
28/02/2012,0,3.6
29/02/2012,0,2.9
1/03/2012,21.2,1.1
2/03/2012,0,2.1
3/03/2012,12.1,1.3
4/03/2012,0,2.3
5/03/2012,0,3.1
6/03/2012,0,1.8
7/03/2012,2.7,2
8/03/2012,3.3,1.9
9/03/2012,0,3
10/03/2012,0,2.9
11/03/2012,4.6,1.3
12/03/2012,16.8,0.4
13/03/2012,0,2.8
14/03/2012,0,1.3
15/03/2012,0,1
16/03/2012,3.8,1.8
17/03/2012,0,2.5
18/03/2012,0,2.5
19/03/2012,4.1,0.8
20/03/2012,0,2
21/03/2012,0,2.2
22/03/2012,0,2.2
23/03/2012,0,1
24/03/2012,0,1.4
25/03/2012,12.9,1.2
26/03/2012,0,1
27/03/2012,0,1.8
28/03/2012,0,1.9
29/03/2012,0,1.5
30/03/2012,0,1.8
31/03/2012,0,1.8
1/04/2012,0,1.4
2/04/2012,0,1.5
3/04/2012,0,1.4
4/04/2012,0,1.3
5/04/2012,0,1.2
6/04/2012,0,1.2
7/04/2012,0,1.3
8/04/2012,0,1.4
9/04/2012,0,1
10/04/2012,6.4,1.2
11/04/2012,0,0.9
12/04/2012,0,0.6
13/04/2012,0,0.6
14/04/2012,0,1
15/04/2012,0,0.9
16/04/2012,0,0.5
17/04/2012,0,1
18/04/2012,0,0.9
19/04/2012,0,0.8
20/04/2012,0,0.7
21/04/2012,0,0.7
22/04/2012,0,0.5
23/04/2012,0,0.6
24/04/2012,0,0.5
25/04/2012,0,0.4
26/04/2012,0,0.5
27/04/2012,0,0.4
28/04/2012,6.6,0.1
29/04/2012,0,0.4
30/04/2012,10.2,0.2
1/05/2012,0,0.1
2/05/2012,0,0.2
3/05/2012,0,0.2
4/05/2012,0,0.2
5/05/2012,0,0.2
6/05/2012,0,0.2
7/05/2012,0,0.2
8/05/2012,0,0.1
9/05/2012,1.2,0.1
10/05/2012,4.1,0.1
11/05/2012,0,0.2
12/05/2012,2.8,0.1
13/05/2012,7.3,0
14/05/2012,7.6,0.1
15/05/2012,0,0
16/05/2012,0,0
17/05/2012,0,0
18/05/2012,0,0
19/05/2012,0,0
20/05/2012,0,0
21/05/2012,0,0
22/05/2012,0,0
23/05/2012,0,0
24/05/2012,0,0
25/05/2012,0,0
26/05/2012,0,0
27/05/2012,6.6,0
28/05/2012,11.3,0
29/05/2012,0,0
30/05/2012,0,0
31/05/2012,0,0
1/06/2012,0,0
2/06/2012,0,0
3/06/2012,0.6,0
4/06/2012,0,0
5/06/2012,0,0
6/06/2012,4.5,0
7/06/2012,0,0
8/06/2012,2.4,0
9/06/2012,0,0
10/06/2012,0,0
11/06/2012,0,0
12/06/2012,0,0
13/06/2012,0,0
14/06/2012,0,0
15/06/2012,0,0
16/06/2012,0,0
17/06/2012,0,0
18/06/2012,0,0
19/06/2012,0.8,0
20/06/2012,0,0
21/06/2012,0,0
22/06/2012,0,0
23/06/2012,19.9,0
24/06/2012,12.8,0
25/06/2012,0,0
26/06/2012,13.6,0
27/06/2012,1.4,0
28/06/2012,0,0
29/06/2012,0,0
30/06/2012,0,0
1/07/2012,0,0
2/07/2012,0,0
3/07/2012,0,0
4/07/2012,0,0
5/07/2012,0,0
6/07/2012,0,0
7/07/2012,0,0
8/07/2012,0,0
9/07/2012,0,0
10/07/2012,0,0
11/07/2012,0,0
12/07/2012,0,0
13/07/2012,0.2,0
14/07/2012,13.8,0
15/07/2012,12.3,0
16/07/2012,0,0
17/07/2012,1.1,0
18/07/2012,0,0
19/07/2012,0,0
20/07/2012,0,0
21/07/2012,0,0
22/07/2012,0,0
23/07/2012,0,0
24/07/2012,0,0
25/07/2012,0,0
26/07/2012,0,0
27/07/2012,0,0
28/07/2012,0,0
29/07/2012,0,0
30/07/2012,0.6,0
31/07/2012,12.7,0
1/08/2012,1.2,0.1
2/08/2012,0,0
3/08/2012,0,0
4/08/2012,0,0
5/08/2012,0.3,0.1
6/08/2012,4.2,0.1
7/08/2012,0,0.2
8/08/2012,1.1,0.1
9/08/2012,0,0.2
10/08/2012,0,0.2
11/08/2012,0,0.2
12/08/2012,0,0.2
13/08/2012,5.7,0.1
14/08/2012,0,0.2
15/08/2012,0,0.2
16/08/2012,0,0.3
17/08/2012,0,0.4
18/08/2012,0,0.4
19/08/2012,0,0.4
20/08/2012,0,0.2
21/08/2012,0,0.5
22/08/2012,0,0.5
23/08/2012,0,0.6
24/08/2012,0,0.5
25/08/2012,0,0.4
26/08/2012,13.3,0.4
27/08/2012,0,0.9
28/08/2012,0,0.6
29/08/2012,0,0.6
30/08/2012,0,0.8
31/08/2012,0,0.9
1/09/2012,0,0.6
2/09/2012,9.5,0.4
3/09/2012,22.9,0.2
4/09/2012,1,0.5
5/09/2012,0,0.9
6/09/2012,0,1
7/09/2012,16.9,0.8
8/09/2012,21.8,1.1
9/09/2012,6.9,0.6
10/09/2012,0,1
11/09/2012,0,0.6
12/09/2012,0,0.4
13/09/2012,0,1.3
14/09/2012,0,1.2
15/09/2012,0.6,0.9
16/09/2012,2.2,0.4
17/09/2012,0,1.5
18/09/2012,1.7,0.7
19/09/2012,0,1.5
20/09/2012,0,1.7
21/09/2012,0,1.4
22/09/2012,0,1.9
23/09/2012,0,1.9
24/09/2012,0,1.8
25/09/2012,0.8,1.4
26/09/2012,8.2,1.7
27/09/2012,7.3,0.9
28/09/2012,0,2.2
29/09/2012,0,2.3
30/09/2012,0,1.9
1/10/2012,4.5,0.9
2/10/2012,5.2,2
3/10/2012,0,2
4/10/2012,0,1.3
5/10/2012,0,2.4
6/10/2012,1.7,0.8
7/10/2012,0,1.8
8/10/2012,0,2.4
9/10/2012,7.4,0.8
10/10/2012,0,1.6
11/10/2012,0,1.6
12/10/2012,0,2.7
13/10/2012,20.5,0.9
14/10/2012,6,0.5
15/10/2012,0,2.7
16/10/2012,0,2.9
17/10/2012,0,1.1
18/10/2012,3.1,1.4
19/10/2012,0.8,1
20/10/2012,0,2.1
21/10/2012,9.2,2.3
22/10/2012,3.9,3.3
23/10/2012,0,2.2
24/10/2012,0,2.8
25/10/2012,0,1.9
26/10/2012,2.9,3
27/10/2012,0,1.2
28/10/2012,9.9,1.8
29/10/2012,0,3.9
30/10/2012,0,4
31/10/2012,0,3.8
1/11/2012,0,3.1
2/11/2012,0,2.7
3/11/2012,25.6,3.8
4/11/2012,0,3.3
5/11/2012,0,3.6
6/11/2012,0,3.4
7/11/2012,0,3.7
8/11/2012,0,4.1
9/11/2012,0,4.3
10/11/2012,0,2.6
11/11/2012,2.2,2.1
12/11/2012,1.7,2.7
13/11/2012,0,4
14/11/2012,0,4
15/11/2012,0,2.3
16/11/2012,0,4.5
17/11/2012,3.1,3.2
18/11/2012,29.3,1.7
19/11/2012,0,3.8
20/11/2012,0,4.1
21/11/2012,0,4.6
22/11/2012,0,4.7
23/11/2012,0,4.4
24/11/2012,0,3.6
25/11/2012,0,3.3
26/11/2012,0,4
27/11/2012,0,4.2
28/11/2012,0,4.2
29/11/2012,0,5.2
30/11/2012,0,2.7
1/12/2012,0,3.4
2/12/2012,2.5,1.9
3/12/2012,0,4.2
4/12/2012,0,5.3
5/12/2012,10.2,4.2
6/12/2012,0.9,4.3
7/12/2012,12.2,2.2
8/12/2012,2.7,2.6
9/12/2012,0,3.3
10/12/2012,0,5.8
11/12/2012,0,3.8
12/12/2012,0,5.5
13/12/2012,0,5.6
14/12/2012,0,5.2
15/12/2012,0,3.6
16/12/2012,0,3.4
17/12/2012,0,3.8
18/12/2012,0.8,2.5
19/12/2012,0,3.7
20/12/2012,0,5.8
21/12/2012,0,5.6
22/12/2012,0,4.1
23/12/2012,0,5.4
24/12/2012,0,5.6
25/12/2012,0,6
26/12/2012,0,6.3
27/12/2012,0,4.3
28/12/2012,0,5.9
29/12/2012,0,4.8
30/12/2012,6.1,3.1
31/12/2012,1.6,2.8
1/01/2013,2,4.1
2/01/2013,8.2,1.7
3/01/2013,34.5,1.3
4/01/2013,0,3.4
5/01/2013,0,4.5
6/01/2013,0,5.6
7/01/2013,0,5.9
8/01/2013,0,3.9
9/01/2013,0.6,4.7
10/01/2013,32.4,1.4
11/01/2013,1.1,3.3
12/01/2013,0,5.1
13/01/2013,12.3,5.4
14/01/2013,0,5.9
15/01/2013,0,4.7
16/01/2013,0,3.3
17/01/2013,1.5,3.6
18/01/2013,0,3.1
19/01/2013,0,3.9
20/01/2013,0,3.9
21/01/2013,0,4
22/01/2013,0,5
23/01/2013,0,5.6
24/01/2013,0,2.5
25/01/2013,0,4
26/01/2013,0,5.2
27/01/2013,0,5.5
28/01/2013,0,5.6
29/01/2013,0,5.4
30/01/2013,0,5.4
31/01/2013,0,5.5
1/02/2013,0,3.5
2/02/2013,0,5.5
3/02/2013,0,4.3
4/02/2013,20.1,3.8
5/02/2013,22,1.2
6/02/2013,0,4.2
7/02/2013,0,3.9
8/02/2013,0,4.7
9/02/2013,0,4.7
10/02/2013,0,4.4
11/02/2013,0,4
12/02/2013,5.2,3.3
13/02/2013,0,3.2
14/02/2013,0,3.4
15/02/2013,0,2.6
16/02/2013,0,3.3
17/02/2013,0,3.3
18/02/2013,0,4.3
19/02/2013,0,4.4
20/02/2013,0,4.5
21/02/2013,0,4.3
22/02/2013,0,4.1
23/02/2013,0,3.9
24/02/2013,0,3.9
25/02/2013,0,4
26/02/2013,0,3.7
27/02/2013,0,2.9
28/02/2013,0,3.5
1/03/2013,0,3.7
2/03/2013,0,2.5
3/03/2013,0,1.9
4/03/2013,0,2.7
5/03/2013,0,3.1
6/03/2013,0,3.1
7/03/2013,0,1.5
8/03/2013,0,3
9/03/2013,0,3.2
10/03/2013,0,2.9
11/03/2013,0,3.2
12/03/2013,0,3.5
13/03/2013,0,2.8
14/03/2013,0,3
15/03/2013,0,2.5
16/03/2013,0,2
17/03/2013,0,2.6
18/03/2013,29.4,0.3
19/03/2013,0,0.7
20/03/2013,0,1.9
21/03/2013,0,2.2
22/03/2013,0,2.2
23/03/2013,0,2.4
24/03/2013,0,1.1
25/03/2013,0,1.1
26/03/2013,5.5,1.8
27/03/2013,0,2
28/03/2013,0,2.2
29/03/2013,0,2.1
30/03/2013,0,1.8
31/03/2013,0,1.4
1/04/2013,1.2,1.4
2/04/2013,0,1.5
3/04/2013,0,1.5
4/04/2013,2.1,1.5
5/04/2013,0,1.3
6/04/2013,0.7,1.2
7/04/2013,0,1.2
8/04/2013,0,1
9/04/2013,0,0.8
10/04/2013,0,1
11/04/2013,0,1.1
12/04/2013,0.9,0.8
13/04/2013,0,1.1
14/04/2013,0,1.1
15/04/2013,0,0.7
16/04/2013,0,0.8
17/04/2013,0,0.8
18/04/2013,0,0.4
19/04/2013,0,0.5
20/04/2013,4.8,0.6
21/04/2013,0,0.3
22/04/2013,0,0.4
23/04/2013,0.3,0.4
24/04/2013,1,0.3
25/04/2013,0,0.4
26/04/2013,0,0.5
27/04/2013,4.1,0.2
28/04/2013,0,0.7
29/04/2013,4.4,0.4
30/04/2013,0,0.5
1/05/2013,0,0.5
2/05/2013,0,0.2
3/05/2013,10.5,0
4/05/2013,0,0.3
5/05/2013,11.2,0.2
6/05/2013,9,0.1
7/05/2013,0,0.1
8/05/2013,0,0.1
9/05/2013,0,0.1
10/05/2013,29.7,0.1
11/05/2013,0,0.1
12/05/2013,0,0
13/05/2013,0,0
14/05/2013,0,0
15/05/2013,0,0
16/05/2013,0,0
17/05/2013,0,0
18/05/2013,0,0
19/05/2013,0,0
20/05/2013,0,0.1
21/05/2013,0,0
22/05/2013,0.3,0
23/05/2013,0,0
24/05/2013,0,0
25/05/2013,0,0
26/05/2013,12.2,0
27/05/2013,3.7,0
28/05/2013,0,0
29/05/2013,0,0
30/05/2013,0,0
31/05/2013,0,0
1/06/2013,0,0
2/06/2013,0.7,0
3/06/2013,76.2,0
4/06/2013,1.8,0
5/06/2013,0,0
6/06/2013,0,0
7/06/2013,0,0
8/06/2013,0,0
9/06/2013,0.3,0
10/06/2013,0,0
11/06/2013,0,0
12/06/2013,0,0
13/06/2013,0,0
14/06/2013,0,0
15/06/2013,2.4,0
16/06/2013,17.3,0
17/06/2013,9.6,0
18/06/2013,2.4,0
19/06/2013,0.7,0
20/06/2013,17.2,0
21/06/2013,5.9,0
22/06/2013,1.7,0
23/06/2013,0.6,0
24/06/2013,0,0
25/06/2013,0,0
26/06/2013,0,0
27/06/2013,0,0
28/06/2013,0,0
29/06/2013,0,0
30/06/2013,0,0
1/07/2013,0,0
2/07/2013,4.3,0
3/07/2013,20.9,0
4/07/2013,6.2,0
5/07/2013,0,0
6/07/2013,35.6,0
7/07/2013,17.3,0
8/07/2013,0.9,0
9/07/2013,0,0
10/07/2013,0,0
11/07/2013,0,0
12/07/2013,0,0
13/07/2013,0,0
14/07/2013,1.6,0
15/07/2013,0,0
16/07/2013,0,0
17/07/2013,0,0
18/07/2013,0,0
19/07/2013,0,0
20/07/2013,0,0
21/07/2013,0,0
22/07/2013,0,0
23/07/2013,0,0
24/07/2013,0.6,0
25/07/2013,0,0
26/07/2013,0,0
27/07/2013,0,0
28/07/2013,0,0
29/07/2013,0,0
30/07/2013,0,0
31/07/2013,0,0
1/08/2013,0,0
2/08/2013,0,0
3/08/2013,0,0
4/08/2013,0,0
5/08/2013,0,0.1
6/08/2013,0,0.1
7/08/2013,0,0.1
8/08/2013,9.5,0.1
9/08/2013,0,0.1
10/08/2013,0.6,0.1
11/08/2013,0,0.2
12/08/2013,8.8,0.1
13/08/2013,0,0.2
14/08/2013,3.7,0.2
15/08/2013,0,0.3
16/08/2013,1.8,0.4
17/08/2013,0,0.2
18/08/2013,0,0.3
19/08/2013,0,0.4
20/08/2013,0.6,0.4
21/08/2013,0,0.4
22/08/2013,3.1,0.5
23/08/2013,1.5,0.6
24/08/2013,0,0.6
25/08/2013,0,0.3
26/08/2013,0,0.6
27/08/2013,0,0.8
28/08/2013,0,0.6
29/08/2013,12.2,0.4
30/08/2013,0,0.7
31/08/2013,0,0.9
1/09/2013,0,0.9
2/09/2013,0,0.9
3/09/2013,0,0.9
4/09/2013,2.2,0.9
5/09/2013,2.4,0.5
6/09/2013,0,1.1
7/09/2013,0,0.5
8/09/2013,4.4,1.2
9/09/2013,3.9,1.2
10/09/2013,27.8,1.2
11/09/2013,1.5,0.2
12/09/2013,0,1.1
13/09/2013,0,1.4
14/09/2013,0,0.8
15/09/2013,0,1.2
16/09/2013,0,1.4
17/09/2013,0,1.5
18/09/2013,0,1.6
19/09/2013,0,1.4
20/09/2013,0,0.5
21/09/2013,0,0.7
22/09/2013,0,1.2
23/09/2013,0,1.3
24/09/2013,0,1.5
25/09/2013,0,1.6
26/09/2013,0,1.7
27/09/2013,6.5,1.6
28/09/2013,2.6,1.3
29/09/2013,0,1.4
30/09/2013,0,1.6
1/10/2013,0,2.5
2/10/2013,0.3,2.2
3/10/2013,0,1.2
4/10/2013,0,2.4
5/10/2013,4.2,1
6/10/2013,0,2.7
7/10/2013,2.7,2.6
8/10/2013,0,2.6
9/10/2013,0,1.2
10/10/2013,0,2.5
11/10/2013,0,1.4
12/10/2013,0,1.9
13/10/2013,0,1.7
14/10/2013,10.5,2.9
15/10/2013,5.1,0.7
16/10/2013,0,1.7
17/10/2013,0,2.4
18/10/2013,8.1,2.9
19/10/2013,2.8,1.5
20/10/2013,0,3.2
21/10/2013,0,2.4
22/10/2013,11,0.9
23/10/2013,0,3.6
24/10/2013,23,2.4
25/10/2013,2.2,3.6
26/10/2013,8.2,2.4
27/10/2013,13.6,1.1
28/10/2013,1.5,1.3
29/10/2013,0,3.3
30/10/2013,0,3.5
31/10/2013,0,3.6
1/11/2013,0,3.3
2/11/2013,0,2.5
3/11/2013,0,3.9
4/11/2013,0,3.7
5/11/2013,0,2.2
6/11/2013,0,2.2
7/11/2013,0,4.6
8/11/2013,0,4.9
9/11/2013,0,2.7
10/11/2013,0,3.2
11/11/2013,0,3.2
12/11/2013,0,4.2
13/11/2013,0,4.5
14/11/2013,0,5.1
15/11/2013,0,3.9
16/11/2013,0,3
17/11/2013,0,3.8
18/11/2013,0,4.8
19/11/2013,0,5.4
20/11/2013,0,5.6
21/11/2013,0.2,4.1
22/11/2013,0.8,4.2
23/11/2013,0,4.1
24/11/2013,0,4.8
25/11/2013,2.7,2.8
26/11/2013,1,1.2
27/11/2013,0,4.4
28/11/2013,0,5
29/11/2013,0,5.6
30/11/2013,17.4,1.9
1/12/2013,0,3.7
2/12/2013,0,5
3/12/2013,0,5.1
4/12/2013,0,5.8
5/12/2013,0,5.9
6/12/2013,0,5.1
7/12/2013,0,2.3
8/12/2013,2,3.9
9/12/2013,3.4,1.7
10/12/2013,0,4.3
11/12/2013,0,4.1
12/12/2013,0,3.5
13/12/2013,1.3,2.5
14/12/2013,0,5.2
15/12/2013,1.7,3.7
16/12/2013,6.4,2.4
17/12/2013,0,5.4
18/12/2013,0,4.8
19/12/2013,0,4.8
20/12/2013,0,5.3
21/12/2013,1.7,3.3
22/12/2013,8.8,3.3
23/12/2013,0,5.1
24/12/2013,0,3
25/12/2013,3.5,2.7
26/12/2013,2.8,2.1
27/12/2013,0,2.4
28/12/2013,0,6.2
29/12/2013,0,6.1
30/12/2013,3.3,5.5
31/12/2013,8.3,4.2
1/01/2014,0.4,4.9
2/01/2014,3.6,2.1
3/01/2014,25.4,2.9
4/01/2014,1.2,2.6
5/01/2014,6.1,5.2
6/01/2014,0,4.1
7/01/2014,0,4.4
8/01/2014,9.2,1.9
9/01/2014,7.5,4.3
10/01/2014,0,5.2
11/01/2014,0,5.7
12/01/2014,1.1,5.8
13/01/2014,4.3,2.4
14/01/2014,0,3.6
15/01/2014,0,5.1
16/01/2014,0,4.6
17/01/2014,0,4.4
18/01/2014,0,3.9
19/01/2014,0,2.4
20/01/2014,1.7,2.9
21/01/2014,0,5.4
22/01/2014,0,5.3
23/01/2014,1.6,3.4
24/01/2014,0,1.9
25/01/2014,0,4.9
26/01/2014,3.5,3.5
27/01/2014,0.7,1.9
28/01/2014,0,4.8
29/01/2014,0,4.4
30/01/2014,0,3.4
31/01/2014,0,5.2
1/02/2014,0,4.8
2/02/2014,0,5.2
3/02/2014,0,4.8
4/02/2014,0,5.4
5/02/2014,0,5.3
6/02/2014,0,2.3
7/02/2014,0,4.6
8/02/2014,0,4.6
9/02/2014,0,4.7
10/02/2014,0,4.3
11/02/2014,0,4.3
12/02/2014,0,3.2
13/02/2014,2,1.7
14/02/2014,1.8,2
15/02/2014,0,3.6
16/02/2014,0,2.4
17/02/2014,0,4.5
18/02/2014,0,1.4
19/02/2014,0,4.6
20/02/2014,0,3.9
21/02/2014,0,4.3
22/02/2014,0,2.2
23/02/2014,1.2,4.1
24/02/2014,0,2.1
25/02/2014,0,3.1
26/02/2014,0,3.4
27/02/2014,0,3.6
28/02/2014,0,2.8
1/03/2014,1.2,1.4
2/03/2014,0,2
3/03/2014,0.8,1.7
4/03/2014,0,2
5/03/2014,0,2.9
6/03/2014,0,2.8
7/03/2014,0,2.9
8/03/2014,1.1,2.4
9/03/2014,0,3.1
10/03/2014,0,3.2
11/03/2014,0,2.4
12/03/2014,0,2.8
13/03/2014,0,3.1
14/03/2014,2.8,1.6
15/03/2014,0,2.9
16/03/2014,0,2
17/03/2014,1.2,1.3
18/03/2014,9.2,1.5
19/03/2014,0,3
20/03/2014,0,1
21/03/2014,0,2.6
22/03/2014,0,2.3
23/03/2014,0,2.3
24/03/2014,0,2.3
25/03/2014,1,1
26/03/2014,0.5,1.3
27/03/2014,0,1.8
28/03/2014,0,2
29/03/2014,0,1.6
30/03/2014,0,1.4
31/03/2014,0,0.9
1/04/2014,0,1.2
2/04/2014,0,1.1
3/04/2014,0,1.7
4/04/2014,0,1.4
5/04/2014,5.5,1.5
6/04/2014,0.5,1.1
7/04/2014,4.8,0.9
8/04/2014,0,0.8
9/04/2014,0,1.4
10/04/2014,0,1
11/04/2014,0,0.8
12/04/2014,5.7,1.1
13/04/2014,0,0.5
14/04/2014,0,0.9
15/04/2014,2.2,0.7
16/04/2014,0.9,0.5
17/04/2014,0,0.3
18/04/2014,1.2,0.3
19/04/2014,0,0.5
20/04/2014,0,0.5
21/04/2014,0,0.6
22/04/2014,0,0.7
23/04/2014,0,0.7
24/04/2014,0,0.4
25/04/2014,10.6,0.5
26/04/2014,0,0.6
27/04/2014,0,0.5
28/04/2014,18.7,0.2
29/04/2014,7.1,0.2
30/04/2014,0,0.5
1/05/2014,0,0.3
2/05/2014,0,0.3
3/05/2014,0,0.2
4/05/2014,0,0.4
5/05/2014,6.6,0.2
6/05/2014,8.8,0.3
7/05/2014,29.2,0.2
8/05/2014,12.7,0
9/05/2014,0.4,0.1
10/05/2014,0,0.2
11/05/2014,0,0.1
12/05/2014,0,0
13/05/2014,18.2,0
14/05/2014,2.4,0.1
15/05/2014,0,0.1
16/05/2014,0,0.1
17/05/2014,0,0
18/05/2014,0,0.2
19/05/2014,0.7,0.1
20/05/2014,0,0
21/05/2014,8,0.1
22/05/2014,0,0.1
23/05/2014,14.3,0
24/05/2014,6.7,0
25/05/2014,3.8,0
26/05/2014,20.7,0
27/05/2014,0,0
28/05/2014,0,0
29/05/2014,12.2,0
30/05/2014,0,0
31/05/2014,0,0
1/06/2014,0,0
2/06/2014,0,0
3/06/2014,0,0
4/06/2014,0,0
5/06/2014,0,0
6/06/2014,0.6,0
7/06/2014,7.7,0
8/06/2014,0,0
9/06/2014,0,0
10/06/2014,15.5,0
11/06/2014,0,0
12/06/2014,0,0
13/06/2014,0,0
14/06/2014,0,0
15/06/2014,0,0
16/06/2014,0,0
17/06/2014,14.6,0
18/06/2014,0.7,0
19/06/2014,0,0
20/06/2014,0,0
21/06/2014,8.5,0
22/06/2014,0,0
23/06/2014,0,0
24/06/2014,0,0
25/06/2014,34.7,0
26/06/2014,11.3,0
27/06/2014,0,0
28/06/2014,0.3,0
29/06/2014,0,0
30/06/2014,15,0
1/07/2014,18.4,0
2/07/2014,0.7,0
3/07/2014,0,0
4/07/2014,0,0
5/07/2014,0,0
6/07/2014,0,0
7/07/2014,0,0
8/07/2014,0,0
9/07/2014,0,0
10/07/2014,0,0
11/07/2014,3.3,0
12/07/2014,4.4,0
13/07/2014,7.1,0
14/07/2014,9.5,0
15/07/2014,0,0
16/07/2014,0,0
17/07/2014,10.5,0
18/07/2014,0,0
19/07/2014,0,0
20/07/2014,0,0
21/07/2014,0,0
22/07/2014,0,0
23/07/2014,0,0
24/07/2014,0,0
25/07/2014,0,0
26/07/2014,0,0
27/07/2014,0,0
28/07/2014,0,0
29/07/2014,2.7,0
30/07/2014,0,0.1
31/07/2014,14.6,0
1/08/2014,3,0
2/08/2014,7.2,0
3/08/2014,25,0
4/08/2014,0,0
5/08/2014,0,0
6/08/2014,5.4,0
7/08/2014,0.4,0
8/08/2014,4.8,0.1
9/08/2014,0,0
10/08/2014,0,0.1
11/08/2014,13.3,0.1
12/08/2014,13.7,0.1
13/08/2014,0.4,0.2
14/08/2014,0,0.2
15/08/2014,0,0.1
16/08/2014,0,0.3
17/08/2014,0,0.4
18/08/2014,0,0.3
19/08/2014,0,0.4
20/08/2014,0,0.4
21/08/2014,0,0.4
22/08/2014,0,0.4
23/08/2014,0,0.3
24/08/2014,0,0.6
25/08/2014,0,0.6
26/08/2014,0,0.6
27/08/2014,0,0.7
28/08/2014,0,0.7
29/08/2014,0,0.7
30/08/2014,0,0.7
31/08/2014,0,0.7
1/09/2014,0,0.8
2/09/2014,0,0.8
3/09/2014,0,0.9
4/09/2014,0,0.8
5/09/2014,0,0.9
6/09/2014,0,1
7/09/2014,0,1.1
8/09/2014,0,1.2
9/09/2014,0,1.2
10/09/2014,0,1.3
11/09/2014,0,1.2
12/09/2014,0,1.3
13/09/2014,19.4,0.7
14/09/2014,0,1.1
15/09/2014,1.1,1.6
16/09/2014,1.1,0.6
17/09/2014,0,1.3
18/09/2014,0,1.7
19/09/2014,2.5,1
20/09/2014,3.3,1.4
21/09/2014,0,1.5
22/09/2014,0,1
23/09/2014,0,1.5
24/09/2014,0,1.2
25/09/2014,0,1.9
26/09/2014,0,1.7
27/09/2014,0,1.9
28/09/2014,0,2.1
29/09/2014,0,2
30/09/2014,0,2.1
1/10/2014,0,2.3
2/10/2014,0,2.4
3/10/2014,1.6,1.4
4/10/2014,0,1.5
5/10/2014,0,1.9
6/10/2014,11.2,1.4
7/10/2014,0,2
8/10/2014,7.7,1.7
9/10/2014,0,2
10/10/2014,0,2.9
11/10/2014,0,1.9
12/10/2014,0,2.5
13/10/2014,0,2.3
14/10/2014,0,3.1
15/10/2014,0,1.7
16/10/2014,0,2.5
17/10/2014,8.5,2.4
18/10/2014,0,2.3
19/10/2014,0,1.2
20/10/2014,0,3.4
21/10/2014,1,1.2
22/10/2014,0,2.6
23/10/2014,0,3.5
24/10/2014,0,2.6
25/10/2014,0,2.5
26/10/2014,0,3.2
27/10/2014,0,2.8
28/10/2014,0,3.5
29/10/2014,14.7,2.1
30/10/2014,0,3.2
31/10/2014,3.7,3
1/11/2014,0,2.9
2/11/2014,0,3
3/11/2014,13.6,1.9
4/11/2014,6.8,1.9
5/11/2014,0,3.2
6/11/2014,0,4
7/11/2014,0,4.1
8/11/2014,0,4.2
9/11/2014,0,3.7
10/11/2014,0,3.2
11/11/2014,0,2.5
12/11/2014,0,2.9
13/11/2014,0,3.1
14/11/2014,0,3.8
15/11/2014,11.9,2.7
16/11/2014,0,2.5
17/11/2014,0,4.4
18/11/2014,0,3
19/11/2014,7.9,2.7
20/11/2014,0,3.6
21/11/2014,0,2.2
22/11/2014,0.9,2.7
23/11/2014,5.5,2.3
24/11/2014,0,4.3
25/11/2014,0,4.4
26/11/2014,2.2,1.6
27/11/2014,6.3,4.2
28/11/2014,0,3.5
29/11/2014,0,4.4
30/11/2014,0,3.9
1/12/2014,0,3.9
2/12/2014,0,4.3
3/12/2014,0,4.8
4/12/2014,0,2.5
5/12/2014,0,3.2
6/12/2014,0,4.7
7/12/2014,0,2.3
8/12/2014,0,5.2
9/12/2014,0,3.4
10/12/2014,0.2,4.4
11/12/2014,0,2.3
12/12/2014,0,3.9
13/12/2014,0,5.7
14/12/2014,0,5.3
15/12/2014,0,5.2
16/12/2014,0,5.7
17/12/2014,0,6.3
18/12/2014,0,3.6
19/12/2014,6.1,3.2
20/12/2014,1.2,3.1
21/12/2014,1.3,3.2
22/12/2014,0,3.8
23/12/2014,0,5.3
24/12/2014,0,5.8
25/12/2014,0,6
26/12/2014,0,5.3
27/12/2014,0,5.2
28/12/2014,0,2.2
29/12/2014,0,6.4
30/12/2014,0,5.9
31/12/2014,0,2
1/01/2015,9.9,3.4
2/01/2015,0,5
3/01/2015,0,3.8
4/01/2015,0,5.4
5/01/2015,0,4.1
6/01/2015,0,3.3
7/01/2015,0,6
8/01/2015,0,5.7
9/01/2015,0,5.5
10/01/2015,0,5.9
11/01/2015,0,2.5
12/01/2015,14.6,2.4
13/01/2015,0,5.4
14/01/2015,0,5.7
15/01/2015,0,4.2
16/01/2015,0,4.1
17/01/2015,0,6.5
18/01/2015,9.2,4.7
19/01/2015,3.1,3.4
20/01/2015,9.4,2.3
21/01/2015,0,4.9
22/01/2015,0,5
23/01/2015,0,5.3
24/01/2015,0,5.5
25/01/2015,0,5.7
26/01/2015,0,5.8
27/01/2015,0,1.4
28/01/2015,0,2.5
29/01/2015,0.3,4.9
30/01/2015,0,5.4
31/01/2015,1.5,2.4
1/02/2015,6.1,3.7
2/02/2015,0.8,2.8
3/02/2015,5.8,2.2
4/02/2015,3.3,4.4
5/02/2015,3.3,3.9
6/02/2015,0.8,2
7/02/2015,0,2.9
8/02/2015,0,4.3
9/02/2015,9.5,4.8
10/02/2015,1.6,3.8
11/02/2015,0,4.2
12/02/2015,0,4.7
13/02/2015,0,4.8
14/02/2015,0,4
15/02/2015,0,3.4
16/02/2015,0,4.1
17/02/2015,0,4.4
18/02/2015,0,4.6
19/02/2015,0,3.6
20/02/2015,0,3.9
21/02/2015,0,4.2
22/02/2015,0.7,2
23/02/2015,0,4.2
24/02/2015,0,3.7
25/02/2015,0,3.2
26/02/2015,0,2.4
27/02/2015,0,3.4
28/02/2015,0,3.2
1/03/2015,13.7,1.6
2/03/2015,0,3
3/03/2015,14.6,1.6
4/03/2015,0,2.8
5/03/2015,0,3.4
6/03/2015,0.6,3.1
7/03/2015,15.6,2.4
8/03/2015,2.3,1.7
9/03/2015,0,2.5
10/03/2015,0,3
11/03/2015,0,2.3
12/03/2015,0,2.8
13/03/2015,0,2.8
14/03/2015,0,1.4
15/03/2015,0,2.8
16/03/2015,0,2.6
17/03/2015,0,0.6
18/03/2015,0,2.2
19/03/2015,0,2.4
20/03/2015,0,2.1
21/03/2015,0,2.3
22/03/2015,4.4,0.5
23/03/2015,0,1.3
24/03/2015,0,2.5
25/03/2015,0,1
26/03/2015,0,1
27/03/2015,0,2.1
28/03/2015,0,1.6
29/03/2015,3.9,1.5
30/03/2015,0.6,1.5
31/03/2015,0,1.9
1/04/2015,0,1.6
2/04/2015,0,1.7
3/04/2015,0,0.6
4/04/2015,3.7,1.7
5/04/2015,0,1.4
6/04/2015,0,1.2
7/04/2015,6.3,0.8
8/04/2015,0,1.6
9/04/2015,0,0.9
10/04/2015,0,0.8
11/04/2015,0,1
12/04/2015,2.1,1.1
13/04/2015,7.9,0.7
14/04/2015,0.8,0.3
15/04/2015,0,0.4
16/04/2015,0,0.8
17/04/2015,0,0.8
18/04/2015,5.4,0.3
19/04/2015,0,0.9
20/04/2015,0,0.3
21/04/2015,0.5,0.3
22/04/2015,10.7,0.1
23/04/2015,0,0.8
24/04/2015,0,0.6
25/04/2015,0,0.7
26/04/2015,16.4,0.2
27/04/2015,7.6,0.4
28/04/2015,20.4,0.3
29/04/2015,0,0.4
30/04/2015,0,0.4
1/05/2015,0,0.1
2/05/2015,0,0.3
3/05/2015,0,0.2
4/05/2015,0,0.2
5/05/2015,0,0.1
6/05/2015,3.3,0.2
7/05/2015,15.7,0.1
8/05/2015,6.9,0.2
9/05/2015,0,0.2
10/05/2015,1.7,0.1
11/05/2015,0,0
12/05/2015,27.9,0
13/05/2015,13.1,0.1
14/05/2015,11.8,0
15/05/2015,5.5,0
16/05/2015,0,0
17/05/2015,0,0
18/05/2015,0,0
19/05/2015,0,0
20/05/2015,0,0
21/05/2015,2.7,0
22/05/2015,0,0
23/05/2015,0,0
24/05/2015,0,0
25/05/2015,5.3,0
26/05/2015,0,0
27/05/2015,0,0
28/05/2015,0,0
29/05/2015,0,0
30/05/2015,0,0
31/05/2015,2,0
1/06/2015,0,0
2/06/2015,1.1,0
3/06/2015,8.7,0
4/06/2015,22.3,0
5/06/2015,0,0
6/06/2015,0,0
7/06/2015,0,0
8/06/2015,0,0
9/06/2015,1.5,0
10/06/2015,4.5,0
11/06/2015,3.7,0
12/06/2015,0,0
13/06/2015,0,0
14/06/2015,0,0
15/06/2015,0,0
16/06/2015,0,0
17/06/2015,0,0
18/06/2015,20.5,0
19/06/2015,36.2,0
20/06/2015,0.9,0
21/06/2015,0,0
22/06/2015,0,0
23/06/2015,0,0
24/06/2015,0,0
25/06/2015,0,0
26/06/2015,0,0
27/06/2015,3,0
28/06/2015,0,0
29/06/2015,0.3,0
30/06/2015,0,0
1/07/2015,0,0
2/07/2015,0,0
3/07/2015,14.2,0
4/07/2015,0,0
5/07/2015,0,0
6/07/2015,1.5,0
7/07/2015,1.3,0
8/07/2015,0,0
9/07/2015,0,0
10/07/2015,0,0
11/07/2015,0,0
12/07/2015,0,0
13/07/2015,0,0
14/07/2015,0,0
15/07/2015,2.7,0
16/07/2015,0.5,0
17/07/2015,0,0
18/07/2015,0,0
19/07/2015,0.6,0
20/07/2015,0,0
21/07/2015,1.6,0
22/07/2015,0,0
23/07/2015,0,0
24/07/2015,0,0
25/07/2015,0,0
26/07/2015,7.4,0
27/07/2015,0,0
28/07/2015,1.2,0
29/07/2015,0,0
30/07/2015,0,0
31/07/2015,0,0
1/08/2015,3.3,0
2/08/2015,0,0.1
3/08/2015,2.5,0.1
4/08/2015,10.4,0.2
5/08/2015,3.2,0.1
6/08/2015,0,0
7/08/2015,5.2,0.1
8/08/2015,8.9,0.1
9/08/2015,0,0.1
10/08/2015,0,0.1
11/08/2015,0,0.2
12/08/2015,0,0.1
13/08/2015,0,0.1
14/08/2015,9.6,0.2
15/08/2015,0.2,0.3
16/08/2015,2.7,0.3
17/08/2015,0,0.4
18/08/2015,1,0.3
19/08/2015,9.3,0.3
20/08/2015,0,0.4
21/08/2015,0,0.5
22/08/2015,0,0.5
23/08/2015,0,0.5
24/08/2015,0,0.2
25/08/2015,4.5,0.3
26/08/2015,0,0.6
27/08/2015,0,0.7
28/08/2015,0,0.7
29/08/2015,1.3,0.3
30/08/2015,0.7,0.7
31/08/2015,0,0.9
1/09/2015,0,1
2/09/2015,3.6,0.3
3/09/2015,0,0.6
4/09/2015,3.4,1
5/09/2015,0.5,0.9
6/09/2015,0.2,0.8
7/09/2015,0,0.7
8/09/2015,0,1
9/09/2015,0,1.1
10/09/2015,0,0.8
11/09/2015,0.3,0.6
12/09/2015,0,0.4
13/09/2015,0,1.2
14/09/2015,0,1.4
15/09/2015,0,1.2
16/09/2015,0,1.3
17/09/2015,0,1.6
18/09/2015,0,1
19/09/2015,0.5,0.9
20/09/2015,0,0.9
21/09/2015,0,1.6
22/09/2015,0,1.7
23/09/2015,0,1.7
24/09/2015,0,1.1
25/09/2015,0,2.1
26/09/2015,0,1.7
27/09/2015,0,2
28/09/2015,0,2
29/09/2015,0,2.3
30/09/2015,0,2.3
1/10/2015,2.5,1.6
2/10/2015,1.4,1.3
3/10/2015,0,1.8
4/10/2015,0,2.1
5/10/2015,5.6,0.8
6/10/2015,0,2.3
7/10/2015,0,2.2
8/10/2015,2.8,1.4
9/10/2015,0,2.6
10/10/2015,0,2.7
11/10/2015,0,2.9
12/10/2015,0,2.5
13/10/2015,2.7,1.5
14/10/2015,0,3.1
15/10/2015,0,2.5
16/10/2015,0,3.1
17/10/2015,2.5,1.8
18/10/2015,7.5,3.3
19/10/2015,0,2.6
20/10/2015,0,1.9
21/10/2015,0,3.2
22/10/2015,0,1.9
23/10/2015,0,3.3
24/10/2015,0,3
25/10/2015,0,2.8
26/10/2015,0,3.9
27/10/2015,7.5,2.2
28/10/2015,0.8,3
29/10/2015,0,3.7
30/10/2015,0,2.1
31/10/2015,0,3.1
1/11/2015,0,3.9
2/11/2015,0,4.1
3/11/2015,0,4
4/11/2015,6.3,1.3
5/11/2015,0,2.7
6/11/2015,0,3.9
7/11/2015,0,3
8/11/2015,0,1.7
9/11/2015,0,2.2
10/11/2015,0,4.8
11/11/2015,0,2.3
12/11/2015,0,4.5
13/11/2015,0,3.8
14/11/2015,0,4.2
15/11/2015,2.6,2.1
16/11/2015,0,2.7
17/11/2015,0,4.2
18/11/2015,0,3.9
19/11/2015,0,4.3
20/11/2015,0.7,3.6
21/11/2015,0,4.3
22/11/2015,0,3.7
23/11/2015,0,4.2
24/11/2015,2,3.4
25/11/2015,0,4.2
26/11/2015,0,3.5
27/11/2015,23.3,4.7
28/11/2015,1.9,3.7
29/11/2015,0,2.8
30/11/2015,0,4.8
1/12/2015,0,5.3
2/12/2015,0.4,4.4
3/12/2015,3.8,5.9
4/12/2015,3.2,3.5
5/12/2015,0,4.1
6/12/2015,0,3.4
7/12/2015,0,4.8
8/12/2015,0,3.9
9/12/2015,0,5.1
10/12/2015,0,5.5
11/12/2015,0,5.8
12/12/2015,0,5.5
13/12/2015,0.4,2.1
14/12/2015,0.2,3.2
15/12/2015,0,4.7
16/12/2015,0,3.4
17/12/2015,0,3.5
18/12/2015,0,4.8
19/12/2015,0,5.1
20/12/2015,0,5.1
21/12/2015,0,4.6
22/12/2015,0.4,4.3
23/12/2015,0,5.8
24/12/2015,0,5.4
25/12/2015,0,4.6
26/12/2015,0,5.7
27/12/2015,0,6.3
28/12/2015,0,6.4
29/12/2015,0,5.7
30/12/2015,0,5.8
31/12/2015,0,1.7
1/01/2016,0,5.6
2/01/2016,0,6.2
3/01/2016,0,5.6
4/01/2016,3.6,2
5/01/2016,0,5.1
6/01/2016,0,5.7
7/01/2016,0,4.9
8/01/2016,0,3.1
9/01/2016,0,4.9
10/01/2016,0,5.7
11/01/2016,0,5.3
12/01/2016,0,5.4
13/01/2016,0,3.9
14/01/2016,0,3.6
15/01/2016,0,4.5
16/01/2016,8.4,0.7
17/01/2016,0,3.4
18/01/2016,0,4.6
19/01/2016,6,2.5
20/01/2016,0,2.7
21/01/2016,0,4
22/01/2016,0,4.1
23/01/2016,0,3.55
24/01/2016,2.4,3
25/01/2016,0,3.3
26/01/2016,0,2.8
27/01/2016,0,2.2
28/01/2016,0,1.8
29/01/2016,0,5.2
30/01/2016,0,4.6
31/01/2016,0,5.2
1/02/2016,0,5.3
2/02/2016,0,5.4
3/02/2016,0,5.7
4/02/2016,0,5.8
5/02/2016,0,2.3
6/02/2016,0,5.7
7/02/2016,0,5
8/02/2016,0,5.1
9/02/2016,0,5.1
10/02/2016,0,4.5
11/02/2016,0,4.4
12/02/2016,0,4
13/02/2016,0,4.3
14/02/2016,0,4.9
15/02/2016,0,4.7
16/02/2016,0,2.3
17/02/2016,0.4,3.3
18/02/2016,26.4,2
19/02/2016,15.8,1.5
20/02/2016,0,3.3
21/02/2016,4.4,2.5
22/02/2016,0,3.9
23/02/2016,0,3.6
24/02/2016,0,3.7
25/02/2016,0,2.4
26/02/2016,0,1.3
27/02/2016,1.6,1.3
28/02/2016,0,2
29/02/2016,0,3.7
1/03/2016,0,3.3
2/03/2016,0,3
3/03/2016,0,3.2
4/03/2016,0,2.9
5/03/2016,0,2.7
6/03/2016,0,2.7
7/03/2016,0,3.9
8/03/2016,0,1.2
9/03/2016,0,2.8
10/03/2016,0,2.4
11/03/2016,0.8,2.9
12/03/2016,0,2.4
13/03/2016,0,1.9
14/03/2016,0,1.9
15/03/2016,4.2,2.1
16/03/2016,12.4,1.3
17/03/2016,0,2.2
18/03/2016,0,2.5
19/03/2016,1.4,1.6
20/03/2016,0.8,1.6
21/03/2016,0,1.3
22/03/2016,0,1.1
23/03/2016,0,2.8
24/03/2016,4.8,0.6
25/03/2016,4,1.1
26/03/2016,0,1.9
27/03/2016,0,2.2
28/03/2016,0,1.2
29/03/2016,0,2.1
30/03/2016,0,0.9
31/03/2016,0,1.8
1/04/2016,2.8,1.1
2/04/2016,2.8,0.6
3/04/2016,0,1.8
4/04/2016,3.2,1.4
5/04/2016,0,1.4
6/04/2016,0,0.9
7/04/2016,0,1
8/04/2016,11.8,0.8
9/04/2016,0,1.3
10/04/2016,0,1.3
11/04/2016,0,1.1
12/04/2016,4.8,0.7
13/04/2016,0,1.1
14/04/2016,0,1
15/04/2016,0,1
16/04/2016,0,1
17/04/2016,0,0.7
18/04/2016,0.2,0.7
19/04/2016,0,0.8
20/04/2016,0,0.7
21/04/2016,0,0.6
22/04/2016,0,0.8
23/04/2016,3.2,0.6
24/04/2016,0,0.6
25/04/2016,0,0.4
26/04/2016,0,0.4
27/04/2016,0,0.5
28/04/2016,0,0.4
29/04/2016,0,0.3
30/04/2016,0,0.2
1/05/2016,0,0.4
2/05/2016,0,0.2
3/05/2016,5,0.2
4/05/2016,0,0.3
5/05/2016,4.2,0.2
6/05/2016,0,0.3
7/05/2016,0,0.1
8/05/2016,0,0.4
9/05/2016,0.4,0.2
10/05/2016,1.8,0.2
11/05/2016,8.8,0.1
12/05/2016,8.4,0.2
13/05/2016,19.8,0
14/05/2016,1.2,0
15/05/2016,2.6,0
16/05/2016,23.6,0
17/05/2016,4.6,0
18/05/2016,1.4,0
19/05/2016,0,0
20/05/2016,4,0
21/05/2016,2.8,0
22/05/2016,0,0
23/05/2016,0.4,0
24/05/2016,1.6,0
25/05/2016,0,0
26/05/2016,0.4,0
27/05/2016,0,0
28/05/2016,4.8,0
29/05/2016,2.8,0
30/05/2016,0.2,0
31/05/2016,1.2,0
1/06/2016,0.4,0
2/06/2016,0.2,0
3/06/2016,0,0
4/06/2016,0,0
5/06/2016,0,0
6/06/2016,0,0
7/06/2016,0,0
8/06/2016,0,0
9/06/2016,0,0
10/06/2016,8.4,0
11/06/2016,2.6,0
12/06/2016,13,0
13/06/2016,0,0
14/06/2016,0,0
15/06/2016,5.6,0
16/06/2016,0,0
17/06/2016,0,0
18/06/2016,0,0
19/06/2016,0,0
20/06/2016,0,0
21/06/2016,0,0
22/06/2016,1.4,0
23/06/2016,2,0
24/06/2016,0.4,0
25/06/2016,0,0
26/06/2016,0.2,0
27/06/2016,1.8,0
28/06/2016,0,0
29/06/2016,0,0
30/06/2016,0,0
1/07/2016,0,0
2/07/2016,0,0
3/07/2016,0,0
4/07/2016,0,0
5/07/2016,0,0
6/07/2016,0,0
7/07/2016,0,0
8/07/2016,0,0
9/07/2016,0,0
10/07/2016,0,0
11/07/2016,0,0
12/07/2016,0,0
13/07/2016,6.8,0
14/07/2016,37.8,0
15/07/2016,11,0
16/07/2016,0,0
17/07/2016,0,0
18/07/2016,0,0
19/07/2016,3.6,0
20/07/2016,1.4,0
21/07/2016,0,0
22/07/2016,0,0
23/07/2016,0,0
24/07/2016,24,0
25/07/2016,0,0
26/07/2016,0,0
27/07/2016,0,0
28/07/2016,14.6,0
29/07/2016,0,0
30/07/2016,3.4,0
31/07/2016,1.8,0
1/08/2016,0,0
2/08/2016,0,0
3/08/2016,4,0.1
4/08/2016,1.8,0.1
5/08/2016,0,0.1
6/08/2016,0,0
7/08/2016,0,0.1
8/08/2016,0,0.1
9/08/2016,0,0.1
10/08/2016,0,0.1
11/08/2016,0,0.1
12/08/2016,0,0
13/08/2016,0,0.3
14/08/2016,0,0.3
15/08/2016,0.2,0.2
16/08/2016,0,0.4
17/08/2016,0,0.3
18/08/2016,0,0.4
19/08/2016,0,0.4
20/08/2016,0.2,0.5
21/08/2016,0,0.4
22/08/2016,0.6,0.5
23/08/2016,0,0.7
24/08/2016,0,0.4
25/08/2016,4,0.2
26/08/2016,0,0.8
27/08/2016,1.4,0.3
28/08/2016,0,0.8
29/08/2016,0,0.6
30/08/2016,0,0.9
31/08/2016,0,0.9
1/09/2016,0,0.8
2/09/2016,0,0.8
3/09/2016,0,1
4/09/2016,0,1.1
5/09/2016,10.2,0.6
6/09/2016,0,1.1
7/09/2016,6.8,1.3
8/09/2016,0,0.4
9/09/2016,0,0.9
10/09/2016,0,1.2
11/09/2016,0,1.3
12/09/2016,0,1.2
13/09/2016,0,1
14/09/2016,0,1.7
15/09/2016,0,1.1
16/09/2016,0.8,1.6
17/09/2016,2.8,1.3
18/09/2016,0,1.5
19/09/2016,0,1.4
20/09/2016,0,2
21/09/2016,0,2
22/09/2016,0,1.9
23/09/2016,0,1.8
24/09/2016,0,2
25/09/2016,0,2
26/09/2016,0,1.5
27/09/2016,0.2,1.3
28/09/2016,1.2,2.1
29/09/2016,0,2.3
30/09/2016,0,1.9
1/10/2016,0,1.7
2/10/2016,0.6,2.6
3/10/2016,0,1.6
4/10/2016,0,2.3
5/10/2016,5.8,1.7
6/10/2016,0,2.1
7/10/2016,0,2.9
8/10/2016,1.8,2.6
9/10/2016,0,2.5
10/10/2016,0,2.7
11/10/2016,2,1.8
12/10/2016,49.6,0.3
13/10/2016,0,2.5
14/10/2016,7,2.1
15/10/2016,0.2,2.4
16/10/2016,0,3.1
17/10/2016,0,1.9
18/10/2016,0,3.1
19/10/2016,0,3.4
20/10/2016,3.2,1.7
21/10/2016,9.4,2.9
22/10/2016,0,3.5
23/10/2016,0,2.8
24/10/2016,0,1.4
25/10/2016,0.6,1.2
26/10/2016,0,2.5
27/10/2016,2.6,2.8
28/10/2016,0,1.7
29/10/2016,12,1
30/10/2016,0,3.5
31/10/2016,0,3.8
1/11/2016,0,3.7
2/11/2016,0,1.9
3/11/2016,2.4,3.4
4/11/2016,0,3.4
5/11/2016,0.6,2.4
6/11/2016,0,3.8
7/11/2016,2.6,1.7
8/11/2016,0,4.2
9/11/2016,5.2,2
10/11/2016,0,4.5
11/11/2016,0,4.6
12/11/2016,0.2,3
13/11/2016,0.2,3
14/11/2016,0,3.6
15/11/2016,26.2,2.4
16/11/2016,0.2,2.3
17/11/2016,0,3.5
18/11/2016,2.6,3.5
19/11/2016,0,3.3
20/11/2016,0,4.3
21/11/2016,0,4.2
22/11/2016,0,2.9
23/11/2016,0,5.1
24/11/2016,0.2,1.9
25/11/2016,0,2.4
26/11/2016,6.2,4.5
27/11/2016,6.4,2.8
28/11/2016,0,3.4
29/11/2016,0,3.8
30/11/2016,0,4
1/12/2016,0,4.9
2/12/2016,0,4.8
3/12/2016,0,5.1
4/12/2016,0,3
5/12/2016,0,5
6/12/2016,0,5.5
7/12/2016,3.6,4.9
8/12/2016,12.6,2.7
9/12/2016,0,5.2
10/12/2016,0,5.3
11/12/2016,0,5.9
12/12/2016,0,4
13/12/2016,0,4.8
14/12/2016,0,2.5
15/12/2016,0.4,2.8
16/12/2016,4.6,2.7
17/12/2016,0,4.1
18/12/2016,0,4.5
19/12/2016,0,4.3
20/12/2016,0,4.9
21/12/2016,0,5
22/12/2016,30.6,2.5
23/12/2016,0,4.7
24/12/2016,0,5.4
25/12/2016,0,4.7
26/12/2016,0,5.2
27/12/2016,0,4.5
28/12/2016,0.2,5.3
29/12/2016,0,5.2
30/12/2016,0,5.2
31/12/2016,0,5.8
1/01/2017,0.4,3.2
2/01/2017,0,5.9
3/01/2017,1.4,3.5
4/01/2017,0,2.4
5/01/2017,0,2.9
6/01/2017,0,5.1
7/01/2017,0,4.3
8/01/2017,0,2.2
9/01/2017,0,4.3
10/01/2017,0,3.8
11/01/2017,0,5.8
12/01/2017,0,5.3
13/01/2017,0,3.6
14/01/2017,0,4.2
15/01/2017,0,2.6
16/01/2017,0.2,3.5
17/01/2017,0,2.8
18/01/2017,0,3.8
19/01/2017,0.2,1.4
20/01/2017,0,1.5
21/01/2017,0,4.5
22/01/2017,5.8,1.4
23/01/2017,13.2,1
24/01/2017,0,5.1
25/01/2017,0,2.9
26/01/2017,0,3.9
27/01/2017,0,2.8
28/01/2017,0,4.9
29/01/2017,0,4.7
30/01/2017,0,4.4
31/01/2017,0,4.8
1/02/2017,0.2,1.5
2/02/2017,0,4.9
3/02/2017,0,2.3
4/02/2017,0,3.7
5/02/2017,0,3.5
6/02/2017,0,3.9
7/02/2017,0,2
8/02/2017,0,4
9/02/2017,0,4.1
10/02/2017,0.2,3.8
11/02/2017,0,3.2
12/02/2017,0,3.3
13/02/2017,5.8,3.4
14/02/2017,13.2,1.8
15/02/2017,0,3.8
16/02/2017,0,3.9
17/02/2017,0,4
18/02/2017,0,4.4
19/02/2017,0,4.3
20/02/2017,0,3.4
21/02/2017,0,4.4
22/02/2017,0,2.7
23/02/2017,0.2,4.1
24/02/2017,0,3.85
25/02/2017,0,3.6
26/02/2017,0,1.1
27/02/2017,0,2.9
28/02/2017,0,3
1/03/2017,0,3.2
2/03/2017,0,3.2
3/03/2017,0,2.6
4/03/2017,0,2.5
5/03/2017,0,2.1
6/03/2017,0,2.9
7/03/2017,1,2.5
8/03/2017,0,2.3
9/03/2017,0,2.3
10/03/2017,0,2.5
11/03/2017,0,2.3
12/03/2017,0.8,1.7
13/03/2017,1.6,0.8
14/03/2017,0,0.9
15/03/2017,0,2.1
16/03/2017,0,2.3
17/03/2017,0,2.4
18/03/2017,1.2,2.3
19/03/2017,0,1.9
20/03/2017,0,1.8
21/03/2017,0,1.6
22/03/2017,0,1.3
23/03/2017,0,1.3
24/03/2017,0,1.5
25/03/2017,0,1.8
26/03/2017,0.6,1.5
27/03/2017,2.8,0.8
28/03/2017,0,1.5
29/03/2017,0,1.4
30/03/2017,0,1.7
31/03/2017,0,1.7
1/04/2017,0,0.7
2/04/2017,0,1.2
3/04/2017,0,1.3
4/04/2017,0,1.1
5/04/2017,0,0.6
6/04/2017,0,0.6
7/04/2017,0.2,0.8
8/04/2017,0,0.8
9/04/2017,0,1.2
10/04/2017,0,1
11/04/2017,0,0.3
12/04/2017,36,0.5
13/04/2017,5,0.3
14/04/2017,8.8,0.5
15/04/2017,0.4,0.5
16/04/2017,0,1
17/04/2017,0,0.8
18/04/2017,0,0.7
19/04/2017,0,0.8
20/04/2017,0,0.4
21/04/2017,0,0.4
22/04/2017,0,0.6
23/04/2017,0,0.6
24/04/2017,0,0.5
25/04/2017,0,0.4
26/04/2017,0,0.6
27/04/2017,0,0.3
28/04/2017,0.2,0.2
29/04/2017,0,0.7
30/04/2017,8,0.2
1/05/2017,0.2,0.2
2/05/2017,0,0.2
3/05/2017,18.6,0.2
4/05/2017,5.8,0.2
5/05/2017,0,0.2
6/05/2017,0,0.2
7/05/2017,0,0.1
8/05/2017,0,0.1
9/05/2017,0,0.1
10/05/2017,0,0.1
11/05/2017,2.2,0.1
12/05/2017,0.2,0.1
13/05/2017,0,0.2
14/05/2017,0,0
15/05/2017,0,0.1
16/05/2017,0,0
17/05/2017,1.2,0
18/05/2017,0.4,0
19/05/2017,0.4,0
20/05/2017,0.2,0
21/05/2017,0,0
22/05/2017,0,0
23/05/2017,5.4,0
24/05/2017,0.2,0
25/05/2017,0,0
26/05/2017,0,0
27/05/2017,9.8,0
28/05/2017,0.6,0
29/05/2017,0,0
30/05/2017,0,0
31/05/2017,0,0
1/06/2017,0,0
2/06/2017,0,0
3/06/2017,0,0
4/06/2017,0,0
5/06/2017,0,0
6/06/2017,0,0
7/06/2017,0,0
8/06/2017,0,0
9/06/2017,0,0
10/06/2017,0,0
11/06/2017,0,0
12/06/2017,0,0
13/06/2017,0.2,0
14/06/2017,4.4,0
15/06/2017,0,0
16/06/2017,0,0
17/06/2017,0,0
18/06/2017,0,0
19/06/2017,0.2,0
20/06/2017,0,0
21/06/2017,0,0
22/06/2017,2.8,0
23/06/2017,0,0
24/06/2017,0,0
25/06/2017,1.2,0
26/06/2017,0,0
27/06/2017,0,0
28/06/2017,0,0
29/06/2017,0,0
30/06/2017,0,0
1/07/2017,7.8,0
2/07/2017,16,0
3/07/2017,2.6,0
4/07/2017,0.2,0
5/07/2017,0,0
6/07/2017,0,0
7/07/2017,0,0
8/07/2017,0,0
9/07/2017,0,0
10/07/2017,0,0
11/07/2017,0,0
12/07/2017,0.6,0
13/07/2017,0.2,0
14/07/2017,0,0
15/07/2017,0,0
16/07/2017,0,0
17/07/2017,16.4,0
18/07/2017,13.4,0
19/07/2017,0,0
20/07/2017,0,0
21/07/2017,0,0
22/07/2017,20,0
23/07/2017,0,0
24/07/2017,5,0
25/07/2017,0.2,0
26/07/2017,0,0
27/07/2017,0.6,0
28/07/2017,0,0
29/07/2017,0,0
30/07/2017,0,0
31/07/2017,0,0
1/08/2017,15.2,0
2/08/2017,0,0
3/08/2017,0,0.1
4/08/2017,0,0
5/08/2017,0,0
6/08/2017,5.4,0
7/08/2017,7.6,0.1
8/08/2017,0,0.1
9/08/2017,1.6,0
10/08/2017,0,0.2
11/08/2017,0,0.2
12/08/2017,7,0.2
13/08/2017,15.2,0.2
14/08/2017,1.4,0.2
15/08/2017,0,0.2
16/08/2017,0,0.2
17/08/2017,19.4,0.2
18/08/2017,12.4,0.3
19/08/2017,0.2,0.3
20/08/2017,0,0.5
21/08/2017,0.4,0.2
22/08/2017,0,0.4
23/08/2017,0,0.4
24/08/2017,0,0.4
25/08/2017,0,0.5
26/08/2017,0,0.2
27/08/2017,0.2,0.4
28/08/2017,0,0.3
29/08/2017,0,0.4
30/08/2017,0,0.7
31/08/2017,0,0.7
1/09/2017,0,0.4
2/09/2017,0,0.8
3/09/2017,0,0.6
4/09/2017,0,0.7
5/09/2017,0,0.8
6/09/2017,10.6,0.9
7/09/2017,6.2,0.5
8/09/2017,0,0.8
9/09/2017,6.2,0.4
10/09/2017,6.6,0.3
11/09/2017,0,0.3
12/09/2017,0,0.7
13/09/2017,0,0.9
14/09/2017,0,0.7
15/09/2017,3.2,0.9
16/09/2017,7.8,0.7
17/09/2017,0,1.4
18/09/2017,8,0.7
19/09/2017,0,0.7
20/09/2017,0,1.6
21/09/2017,0,1.5
22/09/2017,0,0.9
23/09/2017,0,1.5
24/09/2017,0,1
25/09/2017,9.6,1.2
26/09/2017,1.4,1.7
27/09/2017,0,1.7
28/09/2017,0,1.9
29/09/2017,0,1.9
30/09/2017,0,1.6
1/10/2017,0,1.8
2/10/2017,0,1.8
3/10/2017,0,1.4
4/10/2017,0,2.2
5/10/2017,0,1.8
6/10/2017,0,2
7/10/2017,0,1
8/10/2017,0,0.7
9/10/2017,0,2.4
10/10/2017,0,2
11/10/2017,0.4,1.5
12/10/2017,0,2.2
13/10/2017,0,2.3
14/10/2017,0,2.7
15/10/2017,0,2.2
16/10/2017,0,1.6
17/10/2017,0,2.6
18/10/2017,0,2.7
19/10/2017,0,2.5
20/10/2017,0,3.2
21/10/2017,0,2.9
22/10/2017,0,3.1
23/10/2017,0,2.4
24/10/2017,0,1.6
25/10/2017,0,2.9
26/10/2017,2.2,1.2
27/10/2017,0,2.9
28/10/2017,0,3.3
29/10/2017,0,3.4
30/10/2017,0,3.1
31/10/2017,0,2.9
1/11/2017,0,3.7
2/11/2017,0,3.8
3/11/2017,4.8,3
4/11/2017,0.4,1.9
5/11/2017,1.4,2.1
6/11/2017,10.4,1.4
7/11/2017,0,2.6
8/11/2017,25.8,1.8
9/11/2017,0,3
10/11/2017,0,2.7
11/11/2017,0,2.9
12/11/2017,0,3.6
13/11/2017,0,2.4
14/11/2017,0,3.8
15/11/2017,0,4
16/11/2017,0,4.2
17/11/2017,0,4.4
18/11/2017,0,4
19/11/2017,0,4.2
20/11/2017,0,4.5
21/11/2017,0,3.3
22/11/2017,0,4.5
23/11/2017,0,4.7
24/11/2017,0,5
25/11/2017,0,3.8
26/11/2017,0.2,4.2
27/11/2017,0.2,4
28/11/2017,0.2,4.9
29/11/2017,0,5.2
30/11/2017,0.6,4.6
1/12/2017,0,3.6
2/12/2017,0,4.5
3/12/2017,0,4.6
4/12/2017,0,4.1
5/12/2017,0,4
6/12/2017,0,2.4
7/12/2017,0,5.3
8/12/2017,0,5.6
9/12/2017,12.4,1.8
10/12/2017,4.6,2.6
11/12/2017,0,3.6
12/12/2017,0.6,2.8
13/12/2017,0,3.9
14/12/2017,2.6,3.4
15/12/2017,0,4.4
16/12/2017,0,3.8
17/12/2017,0,4.5
18/12/2017,0,2.3
19/12/2017,0,4.4
20/12/2017,0,3.6
21/12/2017,0,4
22/12/2017,0,2.9
23/12/2017,0,5.2
24/12/2017,0,4.6
25/12/2017,0,3.9
26/12/2017,0.6,3.1
27/12/2017,0,3.6
28/12/2017,0,4.3
29/12/2017,0,4.6
30/12/2017,0,4.2
31/12/2017,0,2.5
1/01/2018,0,3
2/01/2018,0,5
3/01/2018,0,5.2
4/01/2018,0,5.3
5/01/2018,0,3.8
6/01/2018,0,1.2
7/01/2018,0,4.3
8/01/2018,0,2.1
9/01/2018,0,4.5
10/01/2018,0,3.4
11/01/2018,0,2.6
12/01/2018,0,2.3
13/01/2018,0,4.5
14/01/2018,0,3.8
15/01/2018,0,4
16/01/2018,0,4.9
17/01/2018,0,3.9
18/01/2018,2.4,2.6
19/01/2018,0,3.8
20/01/2018,0,5.1
21/01/2018,0,4.7
22/01/2018,0,5.1
23/01/2018,0,4.2
24/01/2018,0,4.7
25/01/2018,0,3.7
26/01/2018,0.4,3.7
27/01/2018,0,5
28/01/2018,0,5
29/01/2018,0,4.9
30/01/2018,0,5.4
31/01/2018,0,4.8
1/02/2018,45.6,3.4
2/02/2018,51.4,0.7
3/02/2018,0,3.6
4/02/2018,0,3.6
5/02/2018,0,2.3
6/02/2018,0,2.5
7/02/2018,0,3.8
8/02/2018,0,3.8
9/02/2018,0,4.1
10/02/2018,0,3.4
11/02/2018,0.4,3.7
12/02/2018,5.6,2
13/02/2018,0,2.7
14/02/2018,0,3.5
15/02/2018,0,4
16/02/2018,0,2.8
17/02/2018,0,2.9
18/02/2018,3.2,3.5
19/02/2018,5,3
20/02/2018,2.6,1
21/02/2018,21.4,0.7
22/02/2018,6.4,0.8
23/02/2018,0,3
24/02/2018,0,3.2
25/02/2018,0,2.7
26/02/2018,9,1.5
27/02/2018,0,1.65
28/02/2018,0,1.8
1/03/2018,0.2,3.6
2/03/2018,1.6,1.4
3/03/2018,4,2.7
4/03/2018,0,2.6
5/03/2018,0,2.1
6/03/2018,1.2,3.6
7/03/2018,3.8,0.8
8/03/2018,0,2.9
9/03/2018,0,2.7
10/03/2018,0,2.1
11/03/2018,0,2.7
12/03/2018,0,2.9
13/03/2018,0,1.8
14/03/2018,0,1.8
15/03/2018,0,2.4
16/03/2018,3.6,2.1
17/03/2018,0,2.1
18/03/2018,0,2.2
19/03/2018,0,2.4
20/03/2018,0,1.4
21/03/2018,3.4,1.3
22/03/2018,33,0.6
23/03/2018,6,0.2
24/03/2018,0,1.4
25/03/2018,0,1.6
26/03/2018,0.2,1.7
27/03/2018,0,0.8
28/03/2018,9.6,1.1
29/03/2018,0,1.5
30/03/2018,0,1.6
31/03/2018,3,2
1/04/2018,0,1.8
2/04/2018,0,1.3
3/04/2018,0,0.7
4/04/2018,0,2.1
5/04/2018,0,1.3
6/04/2018,0,1.4
7/04/2018,8,0.8
8/04/2018,0,1.4
9/04/2018,0,0.7
10/04/2018,1.4,0.6
11/04/2018,0.4,0.7
12/04/2018,0,0.9
13/04/2018,0.6,0.7
14/04/2018,0,0.9
15/04/2018,0,0.8
16/04/2018,13,0.4
17/04/2018,9.4,0.8
18/04/2018,1.8,0.7
19/04/2018,0,0.6
20/04/2018,0,0.7
21/04/2018,0,0.6
22/04/2018,0,0.5
23/04/2018,0,0.6
24/04/2018,0,0.6
25/04/2018,0,0.6
26/04/2018,0,0.4
27/04/2018,0,0.3
28/04/2018,29.8,0.3
29/04/2018,20.2,0.1
30/04/2018,2.2,0.2
1/05/2018,0,0.5
2/05/2018,0,0.3
3/05/2018,0,0.4
4/05/2018,0,0.2
5/05/2018,0,0.3
6/05/2018,5.2,0.1
7/05/2018,5.8,0.1
8/05/2018,0,0.2
9/05/2018,0,0.1
10/05/2018,0,0
11/05/2018,0,0
12/05/2018,8.6,0.1
13/05/2018,0,0.2
14/05/2018,0,0
15/05/2018,0,0
16/05/2018,0,0
17/05/2018,2,0
18/05/2018,0.2,0
19/05/2018,0,0
20/05/2018,2.4,0
21/05/2018,14.6,0
22/05/2018,7.6,0
23/05/2018,32.2,0
24/05/2018,3.2,0
25/05/2018,1.8,0
26/05/2018,0,0
27/05/2018,0,0
28/05/2018,0,0
29/05/2018,0,0
30/05/2018,0,0
31/05/2018,0,0
1/06/2018,0,0
2/06/2018,0,0
3/06/2018,0,0
4/06/2018,0,0
5/06/2018,0,0
6/06/2018,0.6,0
7/06/2018,0.2,0
8/06/2018,0,0
9/06/2018,0,0
10/06/2018,2.8,0
11/06/2018,0.6,0
12/06/2018,0,0
13/06/2018,0,0
14/06/2018,0,0
15/06/2018,0,0
16/06/2018,0.8,0
17/06/2018,0.8,0
18/06/2018,0,0
19/06/2018,0,0
20/06/2018,0,0
21/06/2018,0,0
22/06/2018,0,0
23/06/2018,0,0
24/06/2018,7,0
25/06/2018,3.4,0
26/06/2018,0,0
27/06/2018,0,0
28/06/2018,0,0
29/06/2018,0,0
30/06/2018,0,0
1/07/2018,0.4,0
2/07/2018,0.4,0
3/07/2018,0,0
4/07/2018,0,0
5/07/2018,0,0
6/07/2018,0,0
7/07/2018,29.4,0
8/07/2018,0,0
9/07/2018,15.4,0
10/07/2018,2.6,0
11/07/2018,0.2,0
12/07/2018,0.2,0
13/07/2018,0,0
14/07/2018,0,0
15/07/2018,0,0
16/07/2018,0,0
17/07/2018,0,0
18/07/2018,0,0
19/07/2018,0,0
20/07/2018,0,0
21/07/2018,0,0
22/07/2018,16.4,0
23/07/2018,0,0
24/07/2018,0.2,0
25/07/2018,0,0
26/07/2018,0,0
27/07/2018,0.2,0
28/07/2018,4.4,0
29/07/2018,5.6,0
30/07/2018,0,0
31/07/2018,1.4,0
1/08/2018,3.2,0
2/08/2018,2.2,0.1
3/08/2018,0.6,0
4/08/2018,0.4,0.1
5/08/2018,0,0.1
6/08/2018,0,0.1
7/08/2018,0,0.1
8/08/2018,4.4,0
9/08/2018,0.2,0.1
10/08/2018,0,0.1
11/08/2018,0,0.2
12/08/2018,0,0.2
13/08/2018,0,0.1
14/08/2018,0,0.2
15/08/2018,0.8,0.2
16/08/2018,6.6,0.3
17/08/2018,3.6,0.2
18/08/2018,1,0.2
19/08/2018,0,0.4
20/08/2018,0,0.3
21/08/2018,0.4,0.3
22/08/2018,0,0.4
23/08/2018,0,0.5
24/08/2018,0.2,0.5
25/08/2018,0,0.6
26/08/2018,0,0.6
27/08/2018,0,0.7
28/08/2018,0,0.8
29/08/2018,0,0.3
30/08/2018,0.6,0.6
31/08/2018,0,0.9
1/09/2018,0,0.9
2/09/2018,0,0.9
3/09/2018,3.2,0.4
4/09/2018,0,0.8
5/09/2018,0,1
6/09/2018,0,1
7/09/2018,0,1
8/09/2018,0,1
9/09/2018,0,1.1
10/09/2018,0.2,0.9
11/09/2018,0.2,0.7
12/09/2018,0,1.4
13/09/2018,0,1.2
14/09/2018,6.2,0.5
15/09/2018,0,1.6
16/09/2018,0,1.2
17/09/2018,28,1.5
18/09/2018,17.2,0.3
19/09/2018,0,1.5
20/09/2018,0,1.6
21/09/2018,0,1.3
22/09/2018,0,1.6
23/09/2018,0.2,1.9
24/09/2018,5.8,1.3
25/09/2018,5.2,0.5
26/09/2018,0,1.8
27/09/2018,0,1.5
28/09/2018,0,1.6
29/09/2018,0,1.9
30/09/2018,30.8,1.4
1/10/2018,5,1.4
2/10/2018,0.8,2
3/10/2018,0,1.7
4/10/2018,0,2.3
5/10/2018,0,1.5
6/10/2018,0,2.5
7/10/2018,0,2.5
8/10/2018,0,2.1
9/10/2018,0,2.7
10/10/2018,0,2.5
11/10/2018,4.8,0.9
12/10/2018,0.2,1.4
13/10/2018,0,1.6
14/10/2018,0,1.7
15/10/2018,0,2.7
16/10/2018,0,2.9
17/10/2018,0,3.1
18/10/2018,0,2.2
19/10/2018,0,3.8
20/10/2018,0,3.2
21/10/2018,0,2.4
22/10/2018,0,3.6
23/10/2018,0,3.6
24/10/2018,0,3.5
25/10/2018,10.8,2.1
26/10/2018,8.8,1.6
27/10/2018,0,2.7
28/10/2018,0,2.3
29/10/2018,3.4,1.6
30/10/2018,2.2,3.2
31/10/2018,1,2.8
1/11/2018,0.2,2.6
2/11/2018,0,3.7
3/11/2018,0,1.7
4/11/2018,4,1.5
5/11/2018,0.2,3.4
6/11/2018,0,3.3
7/11/2018,0,3.5
8/11/2018,5.8,2.7
9/11/2018,35.2,0.6
10/11/2018,0.6,1.5
11/11/2018,0,3.6
12/11/2018,0,3.9
13/11/2018,0,3.3
14/11/2018,0,4.5
15/11/2018,0,4.2
16/11/2018,0,1.8
17/11/2018,1,1.3
18/11/2018,0,4.4
19/11/2018,4.4,2.6
20/11/2018,6.8,1
21/11/2018,19.2,0.9
22/11/2018,0.4,3
23/11/2018,0,4.1
24/11/2018,0,4.6
25/11/2018,5,2.5
26/11/2018,0,1.1
27/11/2018,0,3.4
28/11/2018,0,5.5
29/11/2018,0.6,5.2
30/11/2018,0,4.3
1/12/2018,0,4
2/12/2018,0,3.2
3/12/2018,0.2,4.8
4/12/2018,10.6,5
5/12/2018,3.6,3.6
6/12/2018,0,2.9
7/12/2018,0,4.8
8/12/2018,0,4.5
9/12/2018,0,2.2
10/12/2018,0,1.6
11/12/2018,0.2,5
12/12/2018,4.4,1.8
13/12/2018,0,3.2
14/12/2018,0,4.5
15/12/2018,4.4,5.1
16/12/2018,0,6.1
17/12/2018,0,5.6
18/12/2018,0,4.3
19/12/2018,0,3.5
20/12/2018,0.2,1.2
21/12/2018,0,5.1
22/12/2018,5.4,2.9
23/12/2018,3.2,3.5
24/12/2018,0,5.4
25/12/2018,0,5.7
26/12/2018,0,6.3
27/12/2018,0,4.8
28/12/2018,0,4.6
29/12/2018,0,5.4
30/12/2018,0,5.5
31/12/2018,1,3.1
1/01/2019,0,5.7
2/01/2019,0,2.9
3/01/2019,0,5.4
4/01/2019,0,5.3
5/01/2019,0,4.1
6/01/2019,0,4.4
7/01/2019,17.4,1.2
8/01/2019,0,5.5
9/01/2019,0,5.7
10/01/2019,1.6,3
11/01/2019,0,5.7
12/01/2019,0,5.5
13/01/2019,0,5.3
14/01/2019,2.8,2.1
15/01/2019,0,5.3
16/01/2019,0,5.1
17/01/2019,0,4.7
18/01/2019,0,4.2
19/01/2019,0,5.5
20/01/2019,9.2,2.1
21/01/2019,0,2.6
22/01/2019,0,3.9
23/01/2019,0,4.3
24/01/2019,2.2,1.7
25/01/2019,0,4.7
26/01/2019,0,2.5
27/01/2019,0,2.5
28/01/2019,13.4,3.9
29/01/2019,0,6.1
30/01/2019,0,2.9
31/01/2019,0,3.6
1/02/2019,3.6,4.2
2/02/2019,4.8,4.8
3/02/2019,0,4.5
4/02/2019,0,4.8
5/02/2019,0,4.4
6/02/2019,0,3.9
7/02/2019,0,4.3
8/02/2019,0,4.4
9/02/2019,0,4.7
10/02/2019,0,3.5
11/02/2019,0,4.5
12/02/2019,5.2,1.9
13/02/2019,0,3.6
14/02/2019,0,4.4
15/02/2019,3.6,2.3
16/02/2019,0,3.9
17/02/2019,0,4
18/02/2019,0,4.1
19/02/2019,0,2.6
20/02/2019,4.2,3.5
21/02/2019,0,5
22/02/2019,0.2,3.7
23/02/2019,0,4.1
24/02/2019,3.4,2.9
25/02/2019,0,1.9
26/02/2019,0,3.4
27/02/2019,0,2.6
28/02/2019,4.6,2.3
1/03/2019,0,2.4
2/03/2019,0,3.4
3/03/2019,0,3.7
4/03/2019,0,3.9
5/03/2019,0,3.1
6/03/2019,0.8,2.9
7/03/2019,0,3.7
8/03/2019,32.6,0.8
9/03/2019,0,3.2
10/03/2019,0,2
11/03/2019,0,3
12/03/2019,0.2,2.3
13/03/2019,0,3.3
14/03/2019,1.2,1.1
15/03/2019,0,1.8
16/03/2019,15.2,2.1
17/03/2019,0,2.5
18/03/2019,0,2.9
19/03/2019,0,3
20/03/2019,0,3.2
21/03/2019,0,2.8
22/03/2019,0,2.6
23/03/2019,0,2.8
24/03/2019,0,2.2
25/03/2019,3.4,1.1
26/03/2019,17.4,1.5
27/03/2019,25.4,0.5
28/03/2019,0,1.7
29/03/2019,0,1.8
30/03/2019,0,1.9
31/03/2019,0,1.6
1/04/2019,4,1.9
2/04/2019,0.2,1.6
3/04/2019,0,1.4
4/04/2019,0,1.4
5/04/2019,3,0.7
6/04/2019,0,1
7/04/2019,0,1.2
8/04/2019,0,1.2
9/04/2019,0,1.1
10/04/2019,4.8,1.1
11/04/2019,35,0.3
12/04/2019,0,1.1
13/04/2019,0,1.2
14/04/2019,0,1
15/04/2019,0,1.2
16/04/2019,0,1
17/04/2019,0,0.9
18/04/2019,0,0.9
19/04/2019,0,0.8
20/04/2019,8.4,0.6
21/04/2019,1.2,0.3
22/04/2019,0,0.4
23/04/2019,0,0.7
24/04/2019,0,0.6
25/04/2019,0,0.6
26/04/2019,0,0.5
27/04/2019,18,0.5
28/04/2019,0.6,0.5
29/04/2019,16.6,0.3
30/04/2019,0.8,0.3
1/05/2019,0,0.4
2/05/2019,0,0.3
3/05/2019,0,0.4
4/05/2019,0,0.3
5/05/2019,0,0.2
6/05/2019,0,0.2
7/05/2019,0,0.3
8/05/2019,0,0.2
9/05/2019,0.2,0.1
10/05/2019,1.8,0.1
11/05/2019,0,0.2
12/05/2019,0.4,0.1
13/05/2019,20.2,0
14/05/2019,0,0
15/05/2019,8.8,0
16/05/2019,0.2,0
17/05/2019,0,0
18/05/2019,0,0
19/05/2019,0,0.1
20/05/2019,0,0
21/05/2019,0,0
22/05/2019,0,0
23/05/2019,0,0
24/05/2019,0,0
25/05/2019,0,0
26/05/2019,4,0
27/05/2019,16.6,0
28/05/2019,20.2,0
29/05/2019,0.8,0
30/05/2019,28.4,0
31/05/2019,7.8,0
1/06/2019,3,0
2/06/2019,0.4,0
3/06/2019,0,0
4/06/2019,0,0
5/06/2019,0,0
6/06/2019,3.2,0
7/06/2019,2,0
8/06/2019,0,0
9/06/2019,0,0
10/06/2019,0,0
11/06/2019,0,0
12/06/2019,4,0
13/06/2019,5.6,0
14/06/2019,0,0
15/06/2019,0,0
16/06/2019,0,0
17/06/2019,0,0
18/06/2019,0,0
19/06/2019,0,0
20/06/2019,0,0
21/06/2019,2.8,0
22/06/2019,0,0
23/06/2019,0,0
24/06/2019,0,0
25/06/2019,0,0
26/06/2019,0,0
27/06/2019,0,0
28/06/2019,0,0
29/06/2019,0,0
30/06/2019,0,0
1/07/2019,0,0
2/07/2019,0,0
3/07/2019,1.6,0
4/07/2019,1.4,0
5/07/2019,1,0
6/07/2019,0,0
7/07/2019,0,0
8/07/2019,0,0
9/07/2019,0,0
10/07/2019,0,0
11/07/2019,0,0
12/07/2019,0,0
13/07/2019,5,0
14/07/2019,28.2,0
15/07/2019,0.2,0
16/07/2019,0.4,0
17/07/2019,0,0
18/07/2019,0.2,0
19/07/2019,0.2,0
20/07/2019,0,0
21/07/2019,1.4,0
22/07/2019,0,0
23/07/2019,0,0
24/07/2019,0,0
25/07/2019,0,0
26/07/2019,0,0
27/07/2019,0,0
28/07/2019,0,0
29/07/2019,0,0
30/07/2019,0,0
31/07/2019,10,0
1/08/2019,0,0
2/08/2019,0,0.1
3/08/2019,0.2,0
4/08/2019,3.4,0
5/08/2019,0,0
6/08/2019,0,0
7/08/2019,0,0.1
8/08/2019,0,0.1
9/08/2019,2,0.1
10/08/2019,0.4,0.2
11/08/2019,1.4,0.1
12/08/2019,1.2,0.1
13/08/2019,0,0.3
14/08/2019,0,0.2
15/08/2019,0,0.2
16/08/2019,0,0.3
17/08/2019,1,0.3
18/08/2019,0,0.3
19/08/2019,0,0.4
20/08/2019,0,0.3
21/08/2019,12.6,0.2
22/08/2019,0.4,0.4
23/08/2019,0,0.4
24/08/2019,0,0.6
25/08/2019,0,0.6
26/08/2019,0.2,0.5
27/08/2019,0,0.6
28/08/2019,0,0.6
29/08/2019,0,0.8
30/08/2019,1.6,0.6
31/08/2019,0,0.7
1/09/2019,0,0.8
2/09/2019,0,1
3/09/2019,0,1
4/09/2019,0,1
5/09/2019,0,0.7
6/09/2019,0,1.1
7/09/2019,0.4,0.9
8/09/2019,0,1
9/09/2019,0,0.7
10/09/2019,0,1.2
11/09/2019,0,1.2
12/09/2019,0,1.3
13/09/2019,10.6,1.1
14/09/2019,0.8,0.8
15/09/2019,0,1.6
16/09/2019,0,1.5
17/09/2019,2.2,1.1
18/09/2019,0,1.2
19/09/2019,0,1.1
20/09/2019,0,1.6
21/09/2019,0,1.8
22/09/2019,0,2
23/09/2019,0,1.9
24/09/2019,0,2.1
25/09/2019,0,1.7
26/09/2019,0,1.2
27/09/2019,0,1.5
28/09/2019,0,1.6
29/09/2019,0,1.9
30/09/2019,0.2,1.9
1/10/2019,0,1.5
2/10/2019,0.8,2
3/10/2019,0,1.3
4/10/2019,0,1.6
5/10/2019,5.6,2
6/10/2019,0,2.2
7/10/2019,0,2.3
8/10/2019,0,2.1
9/10/2019,0.2,1.1
10/10/2019,15.8,1.1
11/10/2019,2.8,1.6
12/10/2019,1.6,1
13/10/2019,0,2.3
14/10/2019,0,1.7
15/10/2019,0,2.4
16/10/2019,0,3.3
17/10/2019,0,3.1
18/10/2019,0,3.1
19/10/2019,8.8,1.3
20/10/2019,0,3
21/10/2019,3.4,2.2
22/10/2019,0,2.3
23/10/2019,2.8,1
24/10/2019,0,2.7
25/10/2019,0,2.2
26/10/2019,0.2,2.7
27/10/2019,0.2,3
28/10/2019,13.4,1.8
29/10/2019,0.2,3.3
30/10/2019,0,2.9
31/10/2019,0.8,2.5
1/11/2019,0.4,3
2/11/2019,0.8,3.5
3/11/2019,0.8,4.2
4/11/2019,0.2,4.2
5/11/2019,0,4
6/11/2019,0.6,1.8
7/11/2019,1.8,3.9
8/11/2019,3,4.3
9/11/2019,6,3.5
10/11/2019,15.2,2.1
11/11/2019,3.8,2.5
12/11/2019,0.8,2.8
13/11/2019,0,3.8
14/11/2019,16.2,1.8
15/11/2019,0,4
16/11/2019,7.2,3.5
17/11/2019,5,3.1
18/11/2019,4.8,4.3
19/11/2019,1.8,3.5
20/11/2019,2.8,3
21/11/2019,0,3.6
22/11/2019,0,3.4
23/11/2019,0.4,4.5
24/11/2019,1,2.4
25/11/2019,0,5.3
26/11/2019,0.2,4.8
27/11/2019,0.2,2.6
28/11/2019,6.2,2.6
29/11/2019,0,4.6
30/11/2019,0.2,5.6
1/12/2019,0.4,5.1
2/12/2019,5.8,2.2
3/12/2019,33.8,3.3
4/12/2019,33,3.1
5/12/2019,17.8,2.5
6/12/2019,8,3.7
7/12/2019,7.8,2.9
8/12/2019,22.6,2.9
9/12/2019,1.8,3
10/12/2019,0,5.1
11/12/2019,0,2.8
12/12/2019,0,3
13/12/2019,0,4.2
14/12/2019,0.4,4.7
15/12/2019,0,2.7
16/12/2019,9.4,1.9
17/12/2019,9.6,3.7
18/12/2019,22.2,0.8
19/12/2019,0,4.8
20/12/2019,5.6,2.2
21/12/2019,0,2.2
22/12/2019,0,3.5
23/12/2019,0,3.9
24/12/2019,0.2,4.9
25/12/2019,0.4,3.9
26/12/2019,5.4,2.4
27/12/2019,0,4.2
28/12/2019,0.6,3.2
29/12/2019,0.2,3.5
30/12/2019,0.2,2.3
31/12/2019,0.4,5.5
1/01/2020,0,5.2
2/01/2020,22.4,2
3/01/2020,0,3.9
4/01/2020,0,3.9
5/01/2020,0.4,4.3
6/01/2020,0.4,3.8
7/01/2020,0,2.2
8/01/2020,0,2.7
9/01/2020,0,3.5
10/01/2020,0.2,4.9
11/01/2020,0.2,2
12/01/2020,0.6,2.8
13/01/2020,0,5.4
14/01/2020,0,5.2
15/01/2020,0,5.3
16/01/2020,0.6,5.7
17/01/2020,0.4,5.7
18/01/2020,0,6.2
19/01/2020,0,5.3
20/01/2020,0.2,5.6
21/01/2020,0,6
22/01/2020,0.4,4.4
23/01/2020,0,3.4
24/01/2020,0,6
25/01/2020,0.2,5.1
26/01/2020,0,4.3
27/01/2020,0,5.6
28/01/2020,0,3.6
29/01/2020,0.4,4.8
30/01/2020,0,3.3
31/01/2020,0.4,3.3
1/02/2020,0.2,2.7
2/02/2020,0,1.8
3/02/2020,1,1.3
4/02/2020,14.8,1.3
5/02/2020,45.2,0.5
6/02/2020,0,4.1
7/02/2020,0,4.3
8/02/2020,0.2,4.5
9/02/2020,0,3.7
10/02/2020,0.2,4.1
11/02/2020,0,4.8
12/02/2020,0,4.6
13/02/2020,1,4
14/02/2020,0.2,4.5
15/02/2020,0,4.3
16/02/2020,0,3.4
17/02/2020,0,2.1
18/02/2020,2,3.1
19/02/2020,0.2,3.3
20/02/2020,0.2,4.7
21/02/2020,7.8,3.7
22/02/2020,0.2,4.6
23/02/2020,0,3.3
24/02/2020,0.2,3.7
25/02/2020,0.4,3.65
26/02/2020,0,3.6
27/02/2020,0,3.6
28/02/2020,7.4,2.8
29/02/2020,7,3.5
1/03/2020,0,3.4
2/03/2020,0.2,3.4
3/03/2020,2.4,3.3
4/03/2020,2.2,3
5/03/2020,0,2.9
6/03/2020,0,3
7/03/2020,0,2.5
8/03/2020,5.8,1.1
9/03/2020,4,0.9
10/03/2020,0.2,3.5
11/03/2020,4,1.8
12/03/2020,0,2.7
13/03/2020,0,2.6
14/03/2020,0,2.6
15/03/2020,0,2.7
16/03/2020,0.8,2.2
17/03/2020,0,2.1
18/03/2020,0,2.2
19/03/2020,0,2.2
20/03/2020,0,2
21/03/2020,0.6,2.1
22/03/2020,3.4,0.9
23/03/2020,0,2.3
24/03/2020,0.6,1.4
25/03/2020,0,0.7
26/03/2020,0,1
27/03/2020,4.4,0.9
28/03/2020,0,1.7
29/03/2020,0,1.7
30/03/2020,0,1.7
31/03/2020,0.4,1.7
1/04/2020,0,1.7
2/04/2020,0,1.6
3/04/2020,0.4,1.6
4/04/2020,0,1.5
5/04/2020,0,1.5
6/04/2020,0,0.6
7/04/2020,3,0.3
8/04/2020,0,1.8
9/04/2020,0,0.9
10/04/2020,0,1
11/04/2020,0,1.1
12/04/2020,0,1
13/04/2020,18.2,1
14/04/2020,0,0.7
15/04/2020,0,0.5
16/04/2020,0,0.3
17/04/2020,1.6,0.9
18/04/2020,9,0.7
19/04/2020,8.4,0.8
20/04/2020,0,0.6
21/04/2020,0,0.7
22/04/2020,0,0.3
23/04/2020,0,0.6
24/04/2020,0,0.4
25/04/2020,2.4,0.4
26/04/2020,0,0.5
27/04/2020,6.4,0.2
28/04/2020,6,0.3
29/04/2020,0,0.4
30/04/2020,0,0.3
1/05/2020,0,0.1
2/05/2020,0,0.4
3/05/2020,14.4,0.2
4/05/2020,2.8,0.2
5/05/2020,2.6,0.2
6/05/2020,0,0.2
7/05/2020,0,0.1
8/05/2020,0,0.1
9/05/2020,0,0.3
10/05/2020,0,0.1
11/05/2020,0,0.1
12/05/2020,1.4,0.1
13/05/2020,0,0.1
14/05/2020,0,0
15/05/2020,0.2,0
16/05/2020,0,0
17/05/2020,0,0
18/05/2020,0,0
19/05/2020,0,0
20/05/2020,0,0
21/05/2020,0,0
22/05/2020,1,0
23/05/2020,1,0.1
24/05/2020,0,0
25/05/2020,0,0
26/05/2020,0,0
27/05/2020,0,0
28/05/2020,0,0
29/05/2020,0,0
30/05/2020,0,0
31/05/2020,0,0
1/06/2020,0,0
2/06/2020,0,0
3/06/2020,0,0
4/06/2020,0,0
5/06/2020,0.4,0
6/06/2020,5.6,0
7/06/2020,1.6,0
8/06/2020,0,0
9/06/2020,0,0
10/06/2020,0,0
11/06/2020,0,0
12/06/2020,1,0
13/06/2020,0,0
14/06/2020,0,0
15/06/2020,0,0
16/06/2020,0.8,0
17/06/2020,0,0
18/06/2020,29.8,0
19/06/2020,0,0
20/06/2020,0,0
21/06/2020,0,0
22/06/2020,0,0
23/06/2020,0,0
24/06/2020,0,0
25/06/2020,0,0
26/06/2020,0,0
27/06/2020,0,0
28/06/2020,0,0
29/06/2020,24.2,0
30/06/2020,0,0
1/07/2020,0,0
2/07/2020,0,0
3/07/2020,0,0
4/07/2020,0,0
5/07/2020,23.2,0
6/07/2020,5.2,0
7/07/2020,11,0
8/07/2020,0,0
9/07/2020,0,0
10/07/2020,0,0
11/07/2020,0,0
12/07/2020,6.4,0
13/07/2020,1,0
14/07/2020,0,0
15/07/2020,0,0
16/07/2020,0,0
17/07/2020,0,0
18/07/2020,0,0
19/07/2020,0,0
20/07/2020,0,0
21/07/2020,38.6,0
22/07/2020,0.2,0
23/07/2020,0,0
24/07/2020,0,0
25/07/2020,0,0
26/07/2020,0,0
27/07/2020,0,0
28/07/2020,0,0
29/07/2020,0.8,0
30/07/2020,0.4,0
31/07/2020,0,0
1/08/2020,0.2,0
2/08/2020,0,0.1
3/08/2020,0,0.1
4/08/2020,0,0.1
5/08/2020,0.2,0.2
6/08/2020,0,0.1
7/08/2020,0,0.1
8/08/2020,0.4,0.1
9/08/2020,0,0.1
10/08/2020,0,0.1
11/08/2020,0,0.2
12/08/2020,0,0.1
13/08/2020,0,0.2
14/08/2020,0,0.3
15/08/2020,0,0.3
16/08/2020,0,0.3
17/08/2020,0,0.3
18/08/2020,0,0.3
19/08/2020,4,0.2
20/08/2020,1.6,0.5
21/08/2020,0.4,0.4
22/08/2020,0.8,0.5
23/08/2020,0,0.7
24/08/2020,0,0.5
25/08/2020,0,0.5
26/08/2020,0,0.5
27/08/2020,0,0.6
28/08/2020,0,0.7
29/08/2020,3.4,0.6
30/08/2020,0,0.9
31/08/2020,0,0.8
1/09/2020,33.6,0.8
2/09/2020,2.6,0.4
3/09/2020,0,0.9
4/09/2020,0,0.9
5/09/2020,12.8,0.9
6/09/2020,0,0.9
7/09/2020,0,0.7
8/09/2020,0,1.1
9/09/2020,0,1.2
10/09/2020,3.2,0.8
11/09/2020,0,1.3
12/09/2020,0,1.3
13/09/2020,0,1
14/09/2020,1,0.8
15/09/2020,11,1.1
16/09/2020,1.6,0.7
17/09/2020,7.8,1.2
18/09/2020,2,0.6
19/09/2020,0,1.5
20/09/2020,0,1.4
21/09/2020,0,1.8
22/09/2020,0,1.9
23/09/2020,6.4,1.5
24/09/2020,0,2.1
25/09/2020,24.4,1.2
26/09/2020,0,1.8
27/09/2020,18.2,1.5
28/09/2020,2,1.2
29/09/2020,6.2,0.7
30/09/2020,0,1.5
1/10/2020,0,1.7
2/10/2020,0,2.1
3/10/2020,0,1.7
4/10/2020,0,1.7
5/10/2020,0,2.7
6/10/2020,6,2.7
7/10/2020,0.2,2.6
8/10/2020,0,2.4
9/10/2020,0,2.1
10/10/2020,0,2.6
11/10/2020,3.4,2.1
12/10/2020,8.6,2
13/10/2020,0,2.7
14/10/2020,0,3.2
15/10/2020,0,1.9
16/10/2020,0,2.7
17/10/2020,0.4,2.2
18/10/2020,0,2.6
19/10/2020,0.2,2.7
20/10/2020,2.8,1.8
21/10/2020,0,3.5
22/10/2020,0,3.5
23/10/2020,0,3
24/10/2020,0,2.5
25/10/2020,0,3
26/10/2020,18.2,2.7
27/10/2020,0.4,2.2
28/10/2020,0,3
29/10/2020,0.6,3.9
30/10/2020,0,3.8
31/10/2020,0,2.2
1/11/2020,1.2,2
2/11/2020,0.4,3.1
3/11/2020,0,4.2
4/11/2020,0,4
5/11/2020,0,4
6/11/2020,0.8,3.1
7/11/2020,0,3.8
8/11/2020,1.8,3.7
9/11/2020,0,2.7
10/11/2020,0.4,4
11/11/2020,0,4.6
12/11/2020,0,4.7
13/11/2020,0,4.2
14/11/2020,0,4.7
15/11/2020,0,1.8
16/11/2020,0,3.7
17/11/2020,1.4,4.2
18/11/2020,1.8,4.4
19/11/2020,0,4.8
20/11/2020,0,4.7
21/11/2020,0.2,1.8
22/11/2020,0,4.3
23/11/2020,0,4.5
24/11/2020,1.4,3.6
25/11/2020,0,3.6
26/11/2020,0,5.3
27/11/2020,0.2,4.2
28/11/2020,0,4.6
29/11/2020,0,2.2
30/11/2020,5.2,4.9
1/12/2020,2.2,2.8
2/12/2020,0,4.8
3/12/2020,7.2,2.8
4/12/2020,0.2,4.4
5/12/2020,0.4,3.1
6/12/2020,0.8,3
7/12/2020,0,2.4
8/12/2020,0,3.9
9/12/2020,0,5.7
10/12/2020,0.2,4.2
11/12/2020,11.4,5.5
12/12/2020,1.8,3
13/12/2020,0,5.1
14/12/2020,0,5.4
15/12/2020,0,5.5
16/12/2020,0,6.2
17/12/2020,0,3.4
18/12/2020,0.4,5.3
19/12/2020,0,2.9
20/12/2020,0,2.8
21/12/2020,0,4.5
22/12/2020,0.2,2.3
23/12/2020,0.4,5.7
24/12/2020,7,2.5
25/12/2020,0.4,4.4
26/12/2020,2.6,4.1
27/12/2020,3.6,4.1
28/12/2020,0,5.2
29/12/2020,0.8,5.4
30/12/2020,0,5.9
31/12/2020,0,2
1/01/2021,0,5
2/01/2021,25,1.7
3/01/2021,18.6,0.9
4/01/2021,0,1.8
5/01/2021,0.6,5.1
6/01/2021,14.8,1.1
7/01/2021,0,2.8
8/01/2021,4,2.8
9/01/2021,0.8,5.6
10/01/2021,0.2,5.6
11/01/2021,0,4.1
12/01/2021,0,5.5
13/01/2021,0,5.8
14/01/2021,0,5.8
15/01/2021,0,6.3
16/01/2021,0,6.5
17/01/2021,5.6,6
18/01/2021,11.4,3.2
19/01/2021,5.4,3.1
20/01/2021,16.4,1
21/01/2021,0.2,2.6
22/01/2021,0,3.6
23/01/2021,0,4
24/01/2021,0,3.5
25/01/2021,0,4.2
26/01/2021,0,5.1
27/01/2021,0,4.4
28/01/2021,2,3.7
29/01/2021,0,3.4
30/01/2021,0,3.9
31/01/2021,0,4.6
1/02/2021,0,4.9
2/02/2021,0,4.7
3/02/2021,0,5.2
4/02/2021,0,5.1
5/02/2021,0,4.1
6/02/2021,0.6,4.8
7/02/2021,0,5.4
8/02/2021,0,5.4
9/02/2021,3.8,1.7
10/02/2021,18.4,1.4
11/02/2021,1.6,2.4
12/02/2021,0,1.9
13/02/2021,0.2,4.2
14/02/2021,0.8,2.9
15/02/2021,0.6,3.5
16/02/2021,0,2.9
17/02/2021,0.2,3.8
18/02/2021,0.6,3.9
19/02/2021,0.6,4.2
20/02/2021,0.2,4.5
21/02/2021,0,4.4
22/02/2021,0.2,3.8
23/02/2021,0.2,1.7
24/02/2021,0,2.9
25/02/2021,0,3.4
26/02/2021,0,3.2
27/02/2021,0,3.2
28/02/2021,1,3.4
1/03/2021,1.2,3.3
2/03/2021,0,2.2
3/03/2021,3.6,2.2
4/03/2021,0.2,3
5/03/2021,0.8,3.3
6/03/2021,22.4,0.5
7/03/2021,0,2
8/03/2021,0,2
9/03/2021,0,2.2
10/03/2021,0,2.1
11/03/2021,3.4,1.3
12/03/2021,0.6,2.6
13/03/2021,0.4,3
14/03/2021,0,2.9
15/03/2021,0,2.6
16/03/2021,6.2,1.3
17/03/2021,0,2.4
18/03/2021,0,2.2
19/03/2021,0.6,2.3
20/03/2021,0.2,2
21/03/2021,0.4,2
22/03/2021,0,2
23/03/2021,0.6,2.1
24/03/2021,0.4,2.3
25/03/2021,0.2,1.5
26/03/2021,0.4,2.1
27/03/2021,0.4,1.3
28/03/2021,1.2,0.7
29/03/2021,0.4,1.8
30/03/2021,0.2,1.5
31/03/2021,0.4,1.7
1/04/2021,0,2.1
2/04/2021,0,1.4
3/04/2021,0,1.3
4/04/2021,0,1.3
5/04/2021,0.8,1
6/04/2021,0.2,1.2
7/04/2021,0.4,1.4
8/04/2021,0,1.3
9/04/2021,0,1.2
10/04/2021,1.2,1.1
11/04/2021,9.8,0.6
12/04/2021,0,0.8
13/04/2021,29.2,0.6
14/04/2021,0.6,0.7
15/04/2021,0,1
16/04/2021,2.2,0.7
17/04/2021,1.8,0.8
18/04/2021,0,0.8
19/04/2021,0,0.6
20/04/2021,0,0.7
21/04/2021,0,0.7
22/04/2021,0,0.7
23/04/2021,0.6,0.6
24/04/2021,1.4,0.5
25/04/2021,0.2,0.7
26/04/2021,0.4,0.4
27/04/2021,2.6,0.3
28/04/2021,0,0.3
29/04/2021,0,0.3
30/04/2021,0,0.4
1/05/2021,0,0.3
2/05/2021,0,0.4
3/05/2021,0,0.3
4/05/2021,0,0.2
5/05/2021,1.6,0.1
6/05/2021,0,0.3
7/05/2021,0,0.1
8/05/2021,0,0.1
9/05/2021,14.6,0
10/05/2021,3.8,0.5
11/05/2021,1.2,0.1
12/05/2021,6.2,0.1
13/05/2021,0,0
14/05/2021,0,0
15/05/2021,0.8,0
16/05/2021,2,0.1
17/05/2021,0,0
18/05/2021,6.2,0
19/05/2021,0,0
20/05/2021,0,0
21/05/2021,0.6,0
22/05/2021,4.2,0.1
23/05/2021,0,0
24/05/2021,0,0
25/05/2021,0,0
26/05/2021,0,0
27/05/2021,0,0
28/05/2021,0.8,0
29/05/2021,7,0
30/05/2021,0.2,0
31/05/2021,0,0
1/06/2021,0,0
2/06/2021,0,0
3/06/2021,0,0
4/06/2021,0,0
5/06/2021,0,0
6/06/2021,10,0
7/06/2021,0.2,0
8/06/2021,0,0
9/06/2021,0,0
10/06/2021,0,0
11/06/2021,0,0
12/06/2021,0,0
13/06/2021,0,0
14/06/2021,22.6,0
15/06/2021,6,0
16/06/2021,1.2,0
17/06/2021,0.8,0
18/06/2021,0.2,0
19/06/2021,0,0
20/06/2021,0,0
21/06/2021,0,0
22/06/2021,0,0
23/06/2021,0,0
24/06/2021,0,0
25/06/2021,0,0
26/06/2021,8.8,0
27/06/2021,0,0
28/06/2021,3.4,0
29/06/2021,0,0
30/06/2021,0,0
1/07/2021,0,0
2/07/2021,0.2,0
3/07/2021,0,0
4/07/2021,0,0
5/07/2021,0,0
6/07/2021,8.8,0
7/07/2021,51.6,0
8/07/2021,0,0
9/07/2021,0,0
10/07/2021,0,0
11/07/2021,0,0
12/07/2021,0,0
13/07/2021,0,0
14/07/2021,0,0
15/07/2021,11.4,0
16/07/2021,9.2,0
17/07/2021,15.4,0
18/07/2021,0,0
19/07/2021,0,0
20/07/2021,0,0
21/07/2021,0,0
22/07/2021,0.6,0
23/07/2021,0,0
24/07/2021,0,0
25/07/2021,0,0
26/07/2021,3.4,0
27/07/2021,4.4,0
28/07/2021,0,0
29/07/2021,0,0
30/07/2021,0,0
31/07/2021,0,0
1/08/2021,0,0.1
2/08/2021,0,0.1
3/08/2021,7.6,0
4/08/2021,0,0.1
5/08/2021,0,0
6/08/2021,0,0
7/08/2021,0.6,0.1
8/08/2021,0,0.1
9/08/2021,0.4,0.1
10/08/2021,0,0.1
11/08/2021,0,0.1
12/08/2021,0,0.2
13/08/2021,22.6,0.2
14/08/2021,5.6,0.4
15/08/2021,0,0.4
16/08/2021,0.2,0.3
17/08/2021,30.6,0.2
18/08/2021,4.8,0.2
19/08/2021,0,0.4
20/08/2021,0,0.4
21/08/2021,0,0.4
22/08/2021,0,0.4
23/08/2021,0,0.4
24/08/2021,0,0.3
25/08/2021,0.2,0.7
26/08/2021,0,0.7
27/08/2021,0,0.3
28/08/2021,0,0.6
29/08/2021,0,0.7
30/08/2021,0,0.5
31/08/2021,0,0.9
1/09/2021,0,0.8
2/09/2021,0,0.9
3/09/2021,0,1.2
4/09/2021,0,1
5/09/2021,0,0.8
6/09/2021,0,0.8
7/09/2021,6.4,0.5
8/09/2021,5.8,0.5
9/09/2021,0,1
10/09/2021,14,0.8
11/09/2021,0.2,0.9
12/09/2021,0,1.1
13/09/2021,18.2,0.4
14/09/2021,0,1.4
15/09/2021,0,1.2
16/09/2021,0,1.4
17/09/2021,0,1.3
18/09/2021,0,1.6
19/09/2021,0,1.2
20/09/2021,0,1
21/09/2021,5.8,1.2
22/09/2021,7.8,0.8
23/09/2021,0,1.9
24/09/2021,0,1.9
25/09/2021,13,1.7
26/09/2021,7.2,0.5
27/09/2021,0,2
28/09/2021,0,1.9
29/09/2021,0,2
30/09/2021,0,1.7
1/10/2021,0,2
2/10/2021,0,2.3
3/10/2021,0,1.6
4/10/2021,0,1.4
5/10/2021,0,1.6
6/10/2021,0,2.2
7/10/2021,0.4,1.7
8/10/2021,0,2.1
9/10/2021,0.8,1.3
10/10/2021,0,2.5
11/10/2021,0,2.6
12/10/2021,23.6,0.6
13/10/2021,0,1.9
14/10/2021,0,2.8
15/10/2021,0,2.7
16/10/2021,0,2.9
17/10/2021,0.8,2.3
18/10/2021,10.8,2
19/10/2021,3.6,2.8
20/10/2021,0.2,1.7
21/10/2021,0,3.1
22/10/2021,0,3
23/10/2021,0,3.6
24/10/2021,0.2,2.9
25/10/2021,0.6,2.1
26/10/2021,0,4
27/10/2021,0,2.7
28/10/2021,0.2,3
29/10/2021,0.4,3.9
30/10/2021,0.2,3.2
31/10/2021,0,3.2
1/11/2021,0.2,3.25
2/11/2021,0,3.3
3/11/2021,0,4.1
4/11/2021,0,4
5/11/2021,0,4.3
6/11/2021,0,4.5
7/11/2021,0,4.6
8/11/2021,0,4.6
9/11/2021,0,4.6
10/11/2021,0,3.3
11/11/2021,0,2.7
12/11/2021,0,3.7
13/11/2021,3.6,4.2
14/11/2021,13.2,1.3
15/11/2021,0.6,2.4
16/11/2021,14.8,3
17/11/2021,5.2,2.2
18/11/2021,0,3
19/11/2021,0.2,4.6
20/11/2021,0,3.8
21/11/2021,0.4,2.6
22/11/2021,15.2,1.1
23/11/2021,0,3.3
24/11/2021,0,5.1
25/11/2021,0,5
26/11/2021,0,3.8
27/11/2021,8.4,3.3
28/11/2021,4.8,2.1
29/11/2021,0,4.9
30/11/2021,0,5.7
1/12/2021,0,5.8
2/12/2021,2.8,5.9
3/12/2021,7.2,3.7
4/12/2021,0,4
5/12/2021,0.2,3.1
6/12/2021,14.6,2.5
7/12/2021,0,2.2
8/12/2021,0,5
9/12/2021,0,3.6
10/12/2021,0.2,2.6
11/12/2021,1,4.4
12/12/2021,1.8,2.9
13/12/2021,0.6,4.8
14/12/2021,1,2.5
15/12/2021,0,5.8
16/12/2021,12.4,2.7
17/12/2021,16,2.9
18/12/2021,0,4.2
19/12/2021,0,4.7
20/12/2021,0,3.6
21/12/2021,12.4,3.6
22/12/2021,0,3.1
23/12/2021,0,3.5
24/12/2021,0,4.2
25/12/2021,0,5.1
26/12/2021,0.2,5.7
27/12/2021,1.4,4.7
28/12/2021,5.2,3.5
29/12/2021,0,5.2
30/12/2021,0,5.5
31/12/2021,0,4.1
