{'station_id': 'f27f92130b0d37fb0c892c74', 'ref': 'Grandview Creek at Lake Hawea Station', 'name': 'Grandview Creek at Lake Hawea Station', 'geometry': {'type': 'Point', 'coordinates': [169.3269355, -44.6161382]}, 'dataset_id': '1aa6306007b308e124d9f0bc', 'dimensions': {'time': 1202, 'geometry': 1, 'height': 1}, 'time_range': {'from_date': '2017-08-21T12:00:00', 'to_date': '2021-02-09T12:00:00'}, 'heights': [0.0], 'modified_date': '2022-05-03T00:04:41'}
time,streamflow,quality_code
2017-08-21 12:00:00,0.2807,500.0
2017-08-22 12:00:00,0.2495,500.0
2017-08-23 12:00:00,0.2192,500.0
2017-08-24 12:00:00,0.196,500.0
2017-08-25 12:00:00,0.1819,500.0
2017-08-26 12:00:00,0.1821,500.0
2017-08-27 12:00:00,0.1821,500.0
2017-08-28 12:00:00,0.17500000000000002,500.0
2017-08-29 12:00:00,0.161,500.0
2017-08-30 12:00:00,0.1489,500.0
2017-08-31 12:00:00,0.14,500.0
2017-09-01 12:00:00,0.1317,500.0
2017-09-02 12:00:00,0.1241,500.0
2017-09-03 12:00:00,0.1153,500.0
2017-09-04 12:00:00,0.1092,500.0
2017-09-05 12:00:00,0.14730000000000001,500.0
2017-09-06 12:00:00,0.14750000000000002,500.0
2017-09-07 12:00:00,0.1398,500.0
2017-09-08 12:00:00,0.1403,500.0
2017-09-09 12:00:00,0.1388,500.0
2017-09-10 12:00:00,0.1366,500.0
2017-09-11 12:00:00,0.1391,500.0
2017-09-12 12:00:00,0.1419,500.0
2017-09-13 12:00:00,0.1452,500.0
2017-09-14 12:00:00,0.2446,500.0
2017-09-15 12:00:00,0.2787,500.0
2017-09-16 12:00:00,0.2452,500.0
2017-09-17 12:00:00,0.3005,500.0
2017-09-18 12:00:00,0.33790000000000003,500.0
2017-09-19 12:00:00,0.3124,500.0
2017-09-20 12:00:00,0.2822,500.0
2017-09-21 12:00:00,0.2545,500.0
2017-09-22 12:00:00,0.23450000000000001,500.0
2017-09-23 12:00:00,0.22030000000000002,500.0
2017-09-24 12:00:00,0.26730000000000004,500.0
2017-09-25 12:00:00,0.2283,500.0
2017-09-26 12:00:00,0.2039,500.0
2017-09-27 12:00:00,0.18860000000000002,500.0
2017-09-28 12:00:00,0.1801,500.0
2017-09-29 12:00:00,0.1673,500.0
2017-09-30 12:00:00,0.1613,500.0
2017-10-01 12:00:00,0.149,500.0
2017-10-02 12:00:00,0.1365,500.0
2017-10-03 12:00:00,0.1279,500.0
2017-10-04 12:00:00,0.12250000000000001,500.0
2017-10-05 12:00:00,0.11950000000000001,500.0
2017-10-06 12:00:00,0.117,500.0
2017-10-07 12:00:00,0.1114,500.0
2017-10-08 12:00:00,0.1077,500.0
2017-10-09 12:00:00,0.1062,500.0
2017-10-10 12:00:00,0.1053,500.0
2017-10-11 12:00:00,0.0961,500.0
2017-10-12 12:00:00,0.09330000000000001,500.0
2017-10-13 12:00:00,0.0913,500.0
2017-10-14 12:00:00,0.0903,500.0
2017-10-15 12:00:00,0.0891,500.0
2017-10-16 12:00:00,0.08660000000000001,500.0
2017-10-17 12:00:00,0.0818,500.0
2017-10-18 12:00:00,0.0775,500.0
2017-10-19 12:00:00,0.0757,500.0
2017-10-20 12:00:00,0.0758,500.0
2017-10-21 12:00:00,0.0751,500.0
2017-10-22 12:00:00,0.0757,500.0
2017-10-23 12:00:00,0.0736,500.0
2017-10-24 12:00:00,0.0766,500.0
2017-10-25 12:00:00,0.07390000000000001,500.0
2017-10-26 12:00:00,0.07010000000000001,500.0
2017-10-27 12:00:00,0.0661,500.0
2017-10-28 12:00:00,0.0634,500.0
2017-10-29 12:00:00,0.0601,500.0
2017-10-30 12:00:00,0.054700000000000006,500.0
2017-10-31 12:00:00,0.0529,500.0
2017-11-01 12:00:00,0.0521,500.0
2017-11-02 12:00:00,0.058800000000000005,500.0
2017-11-03 12:00:00,0.0548,500.0
2017-11-04 12:00:00,0.0568,500.0
2017-11-05 12:00:00,0.0529,500.0
2017-11-06 12:00:00,0.061000000000000006,500.0
2017-11-07 12:00:00,0.12140000000000001,500.0
2017-11-08 12:00:00,0.0883,500.0
2017-11-09 12:00:00,0.07100000000000001,500.0
2017-11-10 12:00:00,0.062,500.0
2017-11-11 12:00:00,0.0604,500.0
2017-11-12 12:00:00,0.0579,500.0
2017-11-13 12:00:00,0.053700000000000005,500.0
2017-11-14 12:00:00,0.05,500.0
2017-11-15 12:00:00,0.0454,500.0
2017-11-16 12:00:00,0.0414,500.0
2017-11-17 12:00:00,0.038,500.0
2017-11-18 12:00:00,0.035500000000000004,500.0
2017-11-19 12:00:00,0.034300000000000004,500.0
2017-11-20 12:00:00,0.0317,500.0
2017-11-21 12:00:00,0.0302,500.0
2017-11-22 12:00:00,0.029500000000000002,500.0
2017-11-23 12:00:00,0.029,500.0
2017-11-24 12:00:00,0.0308,500.0
2017-11-25 12:00:00,0.033800000000000004,500.0
2017-11-26 12:00:00,0.0313,500.0
2017-11-27 12:00:00,0.031100000000000003,500.0
2017-11-28 12:00:00,0.0297,500.0
2017-11-29 12:00:00,0.025900000000000003,500.0
2017-11-30 12:00:00,0.0235,500.0
2017-12-01 12:00:00,0.0223,500.0
2017-12-02 12:00:00,0.0223,500.0
2017-12-03 12:00:00,0.0207,500.0
2017-12-04 12:00:00,0.0211,500.0
2017-12-05 12:00:00,0.02,500.0
2017-12-06 12:00:00,0.0183,500.0
2017-12-07 12:00:00,0.0187,500.0
2017-12-08 12:00:00,0.037000000000000005,500.0
2017-12-09 12:00:00,0.0246,500.0
2017-12-10 12:00:00,0.022000000000000002,500.0
2017-12-11 12:00:00,0.0241,500.0
2017-12-12 12:00:00,0.0258,500.0
2017-12-13 12:00:00,0.0234,500.0
2017-12-14 12:00:00,0.021400000000000002,500.0
2017-12-15 12:00:00,0.0206,500.0
2017-12-16 12:00:00,0.023100000000000002,500.0
2017-12-17 12:00:00,0.021500000000000002,400.0
2017-12-18 12:00:00,0.0189,400.0
2017-12-19 12:00:00,0.0198,400.0
2017-12-20 12:00:00,0.0205,400.0
2017-12-21 12:00:00,0.0182,400.0
2017-12-22 12:00:00,0.013800000000000002,400.0
2017-12-23 12:00:00,0.0131,400.0
2017-12-24 12:00:00,0.015700000000000002,400.0
2017-12-25 12:00:00,0.016800000000000002,400.0
2017-12-26 12:00:00,0.016,400.0
2017-12-27 12:00:00,0.0149,400.0
2017-12-28 12:00:00,0.014100000000000001,400.0
2017-12-29 12:00:00,0.014,400.0
2017-12-30 12:00:00,0.014,400.0
2017-12-31 12:00:00,0.0134,400.0
2018-01-01 12:00:00,0.0115,400.0
2018-01-02 12:00:00,0.012,400.0
2018-01-03 12:00:00,0.0131,400.0
2018-01-04 12:00:00,0.0201,400.0
2018-01-05 12:00:00,0.0206,400.0
2018-01-06 12:00:00,0.0223,400.0
2018-01-07 12:00:00,0.019200000000000002,400.0
2018-01-08 12:00:00,0.0164,400.0
2018-01-09 12:00:00,0.0178,400.0
2018-01-10 12:00:00,0.0238,400.0
2018-01-11 12:00:00,0.020300000000000002,400.0
2018-01-12 12:00:00,0.0175,400.0
2018-01-13 12:00:00,0.015300000000000001,400.0
2018-01-14 12:00:00,0.0126,400.0
2018-01-15 12:00:00,0.0119,400.0
2018-01-16 12:00:00,0.0123,400.0
2018-01-17 12:00:00,0.0118,400.0
2018-01-18 12:00:00,0.007,400.0
2018-01-19 12:00:00,0.0049,400.0
2018-01-20 12:00:00,0.004200000000000001,400.0
2018-01-21 12:00:00,0.0064,400.0
2018-01-22 12:00:00,0.0079,400.0
2018-01-23 12:00:00,0.0076,400.0
2018-01-24 12:00:00,0.007,400.0
2018-01-25 12:00:00,0.0063,400.0
2018-01-26 12:00:00,0.0059,400.0
2018-01-27 12:00:00,0.0058000000000000005,400.0
2018-01-28 12:00:00,0.0055000000000000005,400.0
2018-01-29 12:00:00,0.005,400.0
2018-01-30 12:00:00,0.0073,400.0
2018-01-31 12:00:00,0.2151,500.0
2018-02-01 12:00:00,0.1481,500.0
2018-02-02 12:00:00,0.0434,500.0
2018-02-03 12:00:00,0.0284,500.0
2018-02-04 12:00:00,0.023,500.0
2018-02-05 12:00:00,0.0207,500.0
2018-02-06 12:00:00,0.0193,500.0
2018-02-07 12:00:00,0.0173,500.0
2018-02-08 12:00:00,0.0162,500.0
2018-02-09 12:00:00,0.015700000000000002,500.0
2018-02-10 12:00:00,0.021500000000000002,500.0
2018-02-11 12:00:00,0.019100000000000002,500.0
2018-02-12 12:00:00,0.017,500.0
2018-02-13 12:00:00,0.016900000000000002,500.0
2018-02-14 12:00:00,0.0166,500.0
2018-02-15 12:00:00,0.0159,500.0
2018-02-16 12:00:00,0.017,500.0
2018-02-17 12:00:00,0.015700000000000002,500.0
2018-02-18 12:00:00,0.017400000000000002,500.0
2018-02-19 12:00:00,0.0618,500.0
2018-02-20 12:00:00,0.20470000000000002,500.0
2018-02-21 12:00:00,0.099,500.0
2018-02-22 12:00:00,0.060700000000000004,500.0
2018-02-23 12:00:00,0.0463,500.0
2018-02-24 12:00:00,0.050800000000000005,500.0
2018-02-25 12:00:00,0.0558,500.0
2018-02-26 12:00:00,0.0483,500.0
2018-02-27 12:00:00,0.0473,500.0
2018-02-28 12:00:00,0.045200000000000004,500.0
2018-03-01 12:00:00,0.0459,500.0
2018-03-02 12:00:00,0.052000000000000005,500.0
2018-03-03 12:00:00,0.044700000000000004,500.0
2018-03-04 12:00:00,0.0412,500.0
2018-03-05 12:00:00,0.0422,500.0
2018-03-06 12:00:00,0.0402,500.0
2018-03-07 12:00:00,0.0373,500.0
2018-03-08 12:00:00,0.0309,500.0
2018-03-09 12:00:00,0.0286,500.0
2018-03-10 12:00:00,0.027700000000000002,500.0
2018-03-11 12:00:00,0.027700000000000002,500.0
2018-03-12 12:00:00,0.027100000000000003,500.0
2018-03-13 12:00:00,0.0267,500.0
2018-03-14 12:00:00,0.0257,500.0
2018-03-15 12:00:00,0.026000000000000002,500.0
2018-03-16 12:00:00,0.0256,500.0
2018-03-17 12:00:00,0.025500000000000002,500.0
2018-03-18 12:00:00,0.0247,500.0
2018-03-19 12:00:00,0.0235,500.0
2018-03-20 12:00:00,0.046200000000000005,500.0
2018-03-21 12:00:00,0.1512,500.0
2018-03-22 12:00:00,0.0944,500.0
2018-03-23 12:00:00,0.0761,500.0
2018-03-24 12:00:00,0.0648,500.0
2018-03-25 12:00:00,0.056,500.0
2018-03-26 12:00:00,0.0674,500.0
2018-03-27 12:00:00,0.0597,500.0
2018-03-28 12:00:00,0.0558,500.0
2018-03-29 12:00:00,0.053700000000000005,500.0
2018-03-30 12:00:00,0.0546,500.0
2018-03-31 12:00:00,0.0505,500.0
2018-04-01 12:00:00,0.0476,500.0
2018-04-02 12:00:00,0.0449,500.0
2018-04-03 12:00:00,0.042800000000000005,500.0
2018-04-04 12:00:00,0.0414,500.0
2018-04-05 12:00:00,0.0483,500.0
2018-04-06 12:00:00,0.053000000000000005,500.0
2018-04-07 12:00:00,0.046700000000000005,500.0
2018-04-08 12:00:00,0.0461,500.0
2018-04-09 12:00:00,0.0495,500.0
2018-04-10 12:00:00,0.048100000000000004,500.0
2018-04-11 12:00:00,0.049800000000000004,500.0
2018-04-12 12:00:00,0.0497,500.0
2018-04-13 12:00:00,0.0475,500.0
2018-04-14 12:00:00,0.0482,500.0
2018-04-15 12:00:00,0.0557,500.0
2018-04-16 12:00:00,0.1013,500.0
2018-04-17 12:00:00,0.094,500.0
2018-04-18 12:00:00,0.0848,500.0
2018-04-19 12:00:00,0.0786,500.0
2018-04-20 12:00:00,0.0741,500.0
2018-04-21 12:00:00,0.0708,500.0
2018-04-22 12:00:00,0.0669,500.0
2018-04-23 12:00:00,0.0621,500.0
2018-04-24 12:00:00,0.0572,500.0
2018-04-25 12:00:00,0.054700000000000006,500.0
2018-04-26 12:00:00,0.054,500.0
2018-04-27 12:00:00,0.196,500.0
2018-04-28 12:00:00,0.9277000000000001,500.0
2018-04-29 12:00:00,0.6162000000000001,500.0
2018-04-30 12:00:00,0.4297,500.0
2018-05-01 12:00:00,0.33430000000000004,500.0
2018-05-02 12:00:00,0.26880000000000004,500.0
2018-05-03 12:00:00,0.2218,500.0
2018-05-04 12:00:00,0.2084,500.0
2018-05-05 12:00:00,0.1996,500.0
2018-05-06 12:00:00,0.18050000000000002,500.0
2018-05-07 12:00:00,0.1651,500.0
2018-05-08 12:00:00,0.152,500.0
2018-05-09 12:00:00,0.14450000000000002,500.0
2018-05-10 12:00:00,0.1534,500.0
2018-05-11 12:00:00,0.1704,500.0
2018-05-12 12:00:00,0.1514,500.0
2018-05-13 12:00:00,0.14500000000000002,500.0
2018-05-14 12:00:00,0.14170000000000002,500.0
2018-05-15 12:00:00,0.1492,500.0
2018-05-16 12:00:00,0.1511,500.0
2018-05-17 12:00:00,0.1426,500.0
2018-05-18 12:00:00,0.1361,500.0
2018-05-19 12:00:00,0.1489,500.0
2018-05-20 12:00:00,0.1479,500.0
2018-05-21 12:00:00,0.6192000000000001,500.0
2018-05-22 12:00:00,0.6727000000000001,500.0
2018-05-23 12:00:00,0.4597,500.0
2018-05-24 12:00:00,0.36200000000000004,500.0
2018-05-25 12:00:00,0.31170000000000003,500.0
2018-05-26 12:00:00,0.2742,500.0
2018-05-27 12:00:00,0.23390000000000002,500.0
2018-05-28 12:00:00,0.2051,500.0
2018-05-29 12:00:00,0.1854,500.0
2018-05-30 12:00:00,0.1743,500.0
2018-05-31 12:00:00,0.16390000000000002,500.0
2018-06-01 12:00:00,0.15280000000000002,500.0
2018-06-02 12:00:00,0.1486,500.0
2018-06-03 12:00:00,0.1311,500.0
2018-06-04 12:00:00,0.12840000000000001,500.0
2018-06-05 12:00:00,0.1241,500.0
2018-06-06 12:00:00,0.1213,500.0
2018-06-07 12:00:00,0.11800000000000001,500.0
2018-06-08 12:00:00,0.1174,500.0
2018-06-09 12:00:00,0.1203,500.0
2018-06-10 12:00:00,0.1237,500.0
2018-06-11 12:00:00,0.1173,500.0
2018-06-12 12:00:00,0.11180000000000001,500.0
2018-06-13 12:00:00,0.109,500.0
2018-06-14 12:00:00,0.1087,500.0
2018-06-15 12:00:00,0.11180000000000001,500.0
2018-06-16 12:00:00,0.10700000000000001,500.0
2018-06-17 12:00:00,0.1012,500.0
2018-06-18 12:00:00,0.09910000000000001,500.0
2018-06-19 12:00:00,0.1013,500.0
2018-06-20 12:00:00,0.0995,500.0
2018-06-21 12:00:00,0.0971,500.0
2018-06-22 12:00:00,0.0908,500.0
2018-06-23 12:00:00,0.1037,500.0
2018-06-24 12:00:00,0.0959,500.0
2018-06-25 12:00:00,0.0896,500.0
2018-06-26 12:00:00,0.08750000000000001,500.0
2018-06-27 12:00:00,0.09090000000000001,500.0
2018-06-28 12:00:00,0.0854,500.0
2018-06-29 12:00:00,0.0845,500.0
2018-06-30 12:00:00,0.0887,500.0
2018-07-01 12:00:00,0.08850000000000001,500.0
2018-07-02 12:00:00,0.0834,500.0
2018-07-03 12:00:00,0.08170000000000001,500.0
2018-07-04 12:00:00,0.0816,500.0
2018-07-05 12:00:00,0.082,500.0
2018-07-06 12:00:00,0.3844,500.0
2018-07-07 12:00:00,0.3196,500.0
2018-07-08 12:00:00,0.37770000000000004,500.0
2018-07-09 12:00:00,0.38730000000000003,500.0
2018-07-10 12:00:00,0.3317,500.0
2018-07-11 12:00:00,0.275,500.0
2018-07-12 12:00:00,0.24760000000000001,500.0
2018-07-13 12:00:00,0.22820000000000001,500.0
2018-07-14 12:00:00,0.20980000000000001,500.0
2018-07-15 12:00:00,0.20020000000000002,500.0
2018-07-16 12:00:00,0.1826,500.0
2018-07-17 12:00:00,0.1663,500.0
2018-07-18 12:00:00,0.1563,500.0
2018-07-19 12:00:00,0.1447,500.0
2018-07-20 12:00:00,0.2141,500.0
2018-07-21 12:00:00,0.2818,500.0
2018-07-22 12:00:00,0.2384,500.0
2018-07-23 12:00:00,0.2172,500.0
2018-07-24 12:00:00,0.21030000000000001,500.0
2018-07-25 12:00:00,0.2008,500.0
2018-07-26 12:00:00,0.19290000000000002,500.0
2018-07-27 12:00:00,0.1859,500.0
2018-07-28 12:00:00,0.1784,500.0
2018-07-29 12:00:00,0.16090000000000002,500.0
2018-07-30 12:00:00,0.1652,500.0
2018-07-31 12:00:00,0.163,500.0
2018-08-01 12:00:00,0.1583,500.0
2018-08-02 12:00:00,0.15810000000000002,500.0
2018-08-03 12:00:00,0.156,500.0
2018-08-04 12:00:00,0.1525,500.0
2018-08-05 12:00:00,0.1479,500.0
2018-08-06 12:00:00,0.14600000000000002,500.0
2018-08-07 12:00:00,0.1517,500.0
2018-08-08 12:00:00,0.1447,500.0
2018-08-09 12:00:00,0.1365,500.0
2018-08-10 12:00:00,0.1236,500.0
2018-08-11 12:00:00,0.1218,500.0
2018-08-12 12:00:00,0.1217,500.0
2018-08-13 12:00:00,0.12440000000000001,500.0
2018-08-14 12:00:00,0.11950000000000001,500.0
2018-08-15 12:00:00,0.12290000000000001,500.0
2018-08-16 12:00:00,0.13340000000000002,500.0
2018-08-17 12:00:00,0.1342,500.0
2018-08-18 12:00:00,0.1325,500.0
2018-08-19 12:00:00,0.137,500.0
2018-08-20 12:00:00,0.1306,500.0
2018-08-21 12:00:00,0.12560000000000002,500.0
2018-08-22 12:00:00,0.1216,500.0
2018-08-23 12:00:00,0.1198,500.0
2018-08-24 12:00:00,0.115,500.0
2018-08-25 12:00:00,0.1114,500.0
2018-08-26 12:00:00,0.1076,500.0
2018-08-27 12:00:00,0.1058,500.0
2018-08-28 12:00:00,0.10550000000000001,400.0
2018-08-29 12:00:00,0.1032,400.0
2018-08-30 12:00:00,0.1009,400.0
2018-08-31 12:00:00,0.1009,400.0
2018-09-01 12:00:00,0.1052,400.0
2018-09-02 12:00:00,0.1097,400.0
2018-09-03 12:00:00,0.1027,400.0
2018-09-04 12:00:00,0.1012,400.0
2018-09-05 12:00:00,0.0984,400.0
2018-09-06 12:00:00,0.0954,400.0
2018-09-07 12:00:00,0.0954,400.0
2018-09-08 12:00:00,0.09480000000000001,400.0
2018-09-09 12:00:00,0.0945,400.0
2018-09-10 12:00:00,0.09230000000000001,400.0
2018-09-11 12:00:00,0.0888,400.0
2018-09-12 12:00:00,0.08750000000000001,400.0
2018-09-13 12:00:00,0.08750000000000001,400.0
2018-09-14 12:00:00,0.0858,400.0
2018-09-15 12:00:00,0.0877,400.0
2018-09-16 12:00:00,0.1981,400.0
2018-09-17 12:00:00,0.1895,400.0
2018-09-18 12:00:00,0.18710000000000002,400.0
2018-09-19 12:00:00,0.17350000000000002,400.0
2018-09-20 12:00:00,0.16160000000000002,400.0
2018-09-21 12:00:00,0.1512,400.0
2018-09-22 12:00:00,0.1371,400.0
2018-09-23 12:00:00,0.1408,400.0
2018-09-24 12:00:00,0.1394,400.0
2018-09-25 12:00:00,0.12810000000000002,400.0
2018-09-26 12:00:00,0.1173,400.0
2018-09-27 12:00:00,0.10740000000000001,400.0
2018-09-28 12:00:00,0.10310000000000001,400.0
2018-09-29 12:00:00,0.1436,400.0
2018-09-30 12:00:00,0.14100000000000001,400.0
2018-10-01 12:00:00,0.131,400.0
2018-10-02 12:00:00,0.1245,400.0
2018-10-03 12:00:00,0.11850000000000001,400.0
2018-10-04 12:00:00,0.1107,400.0
2018-10-05 12:00:00,0.1068,400.0
2018-10-06 12:00:00,0.1056,400.0
2018-10-07 12:00:00,0.1068,400.0
2018-10-08 12:00:00,0.10200000000000001,400.0
2018-10-09 12:00:00,0.10500000000000001,400.0
2018-10-10 12:00:00,0.10640000000000001,400.0
2018-10-11 12:00:00,0.1044,400.0
2018-10-12 12:00:00,0.09730000000000001,400.0
2018-10-13 12:00:00,0.08700000000000001,400.0
2018-10-14 12:00:00,0.0853,400.0
2018-10-15 12:00:00,0.0855,400.0
2018-10-16 12:00:00,0.0876,400.0
2018-10-17 12:00:00,0.0868,400.0
2018-10-18 12:00:00,0.0847,400.0
2018-10-19 12:00:00,0.0868,400.0
2018-10-20 12:00:00,0.0843,400.0
2018-10-21 12:00:00,0.08,400.0
2018-10-22 12:00:00,0.0775,400.0
2018-10-23 12:00:00,0.0718,400.0
2018-10-24 12:00:00,0.08710000000000001,400.0
2018-10-25 12:00:00,0.08030000000000001,400.0
2018-10-26 12:00:00,0.0737,400.0
2018-10-27 12:00:00,0.0656,400.0
2018-10-28 12:00:00,0.0719,400.0
2018-10-29 12:00:00,0.10990000000000001,400.0
2018-10-30 12:00:00,0.0937,400.0
2018-10-31 12:00:00,0.08370000000000001,400.0
2018-11-01 12:00:00,0.0781,400.0
2018-11-02 12:00:00,0.0813,400.0
2018-11-03 12:00:00,0.0752,400.0
2018-11-04 12:00:00,0.0713,400.0
2018-11-05 12:00:00,0.0689,400.0
2018-11-06 12:00:00,0.07,400.0
2018-11-07 12:00:00,0.18100000000000002,400.0
2018-11-08 12:00:00,0.7136,400.0
2018-11-09 12:00:00,0.5169,400.0
2018-11-10 12:00:00,0.39980000000000004,400.0
2018-11-11 12:00:00,0.3367,400.0
2018-11-12 12:00:00,0.28140000000000004,400.0
2018-11-13 12:00:00,0.23070000000000002,400.0
2018-11-14 12:00:00,0.1958,400.0
2018-11-15 12:00:00,0.17470000000000002,400.0
2018-11-16 12:00:00,0.15430000000000002,400.0
2018-11-17 12:00:00,0.1374,400.0
2018-11-18 12:00:00,0.1854,400.0
2018-11-19 12:00:00,0.39580000000000004,400.0
2018-11-20 12:00:00,0.7023,400.0
2018-11-21 12:00:00,0.9521000000000001,400.0
2018-11-22 12:00:00,0.934,400.0
2018-11-23 12:00:00,0.7748,400.0
2018-11-24 12:00:00,0.6471,400.0
2018-11-25 12:00:00,0.5627,400.0
2018-11-26 12:00:00,0.5134000000000001,400.0
2018-11-27 12:00:00,0.43810000000000004,400.0
2018-11-28 12:00:00,0.37820000000000004,500.0
2018-11-29 12:00:00,0.3478,500.0
2018-11-30 12:00:00,0.3174,500.0
2018-12-01 12:00:00,0.29610000000000003,500.0
2018-12-02 12:00:00,0.27890000000000004,500.0
2018-12-03 12:00:00,0.2856,500.0
2018-12-04 12:00:00,0.27030000000000004,500.0
2018-12-05 12:00:00,0.249,500.0
2018-12-06 12:00:00,0.2354,500.0
2018-12-07 12:00:00,0.226,500.0
2018-12-08 12:00:00,0.21880000000000002,500.0
2018-12-09 12:00:00,0.2051,500.0
2018-12-10 12:00:00,0.20720000000000002,500.0
2018-12-11 12:00:00,0.19840000000000002,500.0
2018-12-12 12:00:00,0.1879,500.0
2018-12-13 12:00:00,0.1928,500.0
2018-12-14 12:00:00,0.1787,500.0
2018-12-15 12:00:00,0.16770000000000002,500.0
2018-12-16 12:00:00,0.1615,500.0
2018-12-17 12:00:00,0.1579,500.0
2018-12-18 12:00:00,0.15710000000000002,500.0
2018-12-19 12:00:00,0.1547,500.0
2018-12-20 12:00:00,0.154,500.0
2018-12-21 12:00:00,0.15080000000000002,500.0
2018-12-22 12:00:00,0.1443,500.0
2018-12-23 12:00:00,0.1351,500.0
2018-12-24 12:00:00,0.1287,500.0
2018-12-25 12:00:00,0.12350000000000001,500.0
2018-12-26 12:00:00,0.1179,500.0
2018-12-27 12:00:00,0.1102,500.0
2018-12-28 12:00:00,0.1056,500.0
2018-12-29 12:00:00,0.1051,500.0
2018-12-30 12:00:00,0.1024,500.0
2018-12-31 12:00:00,0.10060000000000001,500.0
2019-01-01 12:00:00,0.09620000000000001,500.0
2019-01-02 12:00:00,0.0907,500.0
2019-01-03 12:00:00,0.08700000000000001,500.0
2019-01-04 12:00:00,0.08320000000000001,500.0
2019-01-05 12:00:00,0.09770000000000001,500.0
2019-01-06 12:00:00,0.0852,500.0
2019-01-07 12:00:00,0.0805,500.0
2019-01-08 12:00:00,0.0777,500.0
2019-01-09 12:00:00,0.0755,500.0
2019-01-10 12:00:00,0.0741,500.0
2019-01-11 12:00:00,0.07010000000000001,500.0
2019-01-12 12:00:00,0.06720000000000001,500.0
2019-01-13 12:00:00,0.06470000000000001,500.0
2019-01-14 12:00:00,0.0623,500.0
2019-01-15 12:00:00,0.061000000000000006,500.0
2019-01-16 12:00:00,0.0577,500.0
2019-01-17 12:00:00,0.056100000000000004,500.0
2019-01-18 12:00:00,0.060500000000000005,500.0
2019-01-19 12:00:00,0.055900000000000005,500.0
2019-01-20 12:00:00,0.0526,500.0
2019-01-21 12:00:00,0.050300000000000004,500.0
2019-01-22 12:00:00,0.050800000000000005,400.0
2019-01-23 12:00:00,0.0499,400.0
2019-01-24 12:00:00,0.0487,400.0
2019-01-25 12:00:00,0.0476,400.0
2019-01-26 12:00:00,0.0459,400.0
2019-01-27 12:00:00,0.051500000000000004,400.0
2019-01-28 12:00:00,0.0446,400.0
2019-01-29 12:00:00,0.0426,400.0
2019-01-30 12:00:00,0.041,400.0
2019-01-31 12:00:00,0.0431,400.0
2019-02-01 12:00:00,0.0408,400.0
2019-02-02 12:00:00,0.0397,400.0
2019-02-03 12:00:00,0.0379,400.0
2019-02-04 12:00:00,0.0369,400.0
2019-02-05 12:00:00,0.038400000000000004,400.0
2019-02-06 12:00:00,0.0388,400.0
2019-02-07 12:00:00,0.0374,400.0
2019-02-08 12:00:00,0.0369,400.0
2019-02-09 12:00:00,0.038700000000000005,400.0
2019-02-10 12:00:00,0.0373,400.0
2019-02-11 12:00:00,0.0381,400.0
2019-02-12 12:00:00,0.036000000000000004,400.0
2019-02-13 12:00:00,0.0381,400.0
2019-02-14 12:00:00,0.0371,400.0
2019-02-15 12:00:00,0.0359,400.0
2019-02-16 12:00:00,0.0361,400.0
2019-02-17 12:00:00,0.0371,400.0
2019-02-18 12:00:00,0.0357,400.0
2019-02-19 12:00:00,0.0346,400.0
2019-02-20 12:00:00,0.0335,400.0
2019-02-21 12:00:00,0.031900000000000005,400.0
2019-02-22 12:00:00,0.032100000000000004,400.0
2019-02-23 12:00:00,0.0335,400.0
2019-02-24 12:00:00,0.0317,400.0
2019-02-25 12:00:00,0.0302,400.0
2019-02-26 12:00:00,0.031200000000000002,400.0
2019-02-27 12:00:00,0.0322,400.0
2019-02-28 12:00:00,0.0325,400.0
2019-03-01 12:00:00,0.0324,400.0
2019-03-02 12:00:00,0.0317,400.0
2019-03-03 12:00:00,0.027600000000000003,400.0
2019-03-04 12:00:00,0.0275,400.0
2019-03-05 12:00:00,0.0281,400.0
2019-03-06 12:00:00,0.0358,400.0
2019-03-07 12:00:00,0.024200000000000003,400.0
2019-03-08 12:00:00,0.018500000000000003,400.0
2019-03-09 12:00:00,0.017400000000000002,400.0
2019-03-10 12:00:00,0.0182,400.0
2019-03-11 12:00:00,0.0182,400.0
2019-03-12 12:00:00,0.018000000000000002,400.0
2019-03-13 12:00:00,0.0182,400.0
2019-03-14 12:00:00,0.0218,400.0
2019-03-15 12:00:00,0.026600000000000002,400.0
2019-03-16 12:00:00,0.0196,400.0
2019-03-17 12:00:00,0.0228,400.0
2019-03-18 12:00:00,0.019200000000000002,400.0
2019-03-19 12:00:00,0.0184,400.0
2019-03-20 12:00:00,0.0195,400.0
2019-03-21 12:00:00,0.02,400.0
2019-05-28 12:00:00,0.0787,400.0
2019-05-29 12:00:00,0.098,400.0
2019-05-30 12:00:00,0.0985,400.0
2019-05-31 12:00:00,0.1039,400.0
2019-06-01 12:00:00,0.0956,400.0
2019-06-02 12:00:00,0.0916,400.0
2019-06-03 12:00:00,0.09140000000000001,400.0
2019-06-04 12:00:00,0.0878,400.0
2019-06-05 12:00:00,0.08800000000000001,400.0
2019-06-06 12:00:00,0.0867,400.0
2019-06-07 12:00:00,0.0859,400.0
2019-06-08 12:00:00,0.0809,400.0
2019-06-09 12:00:00,0.0816,400.0
2019-06-10 12:00:00,0.081,400.0
2019-06-11 12:00:00,0.0825,400.0
2019-06-12 12:00:00,0.08360000000000001,400.0
2019-06-13 12:00:00,0.0833,400.0
2019-06-14 12:00:00,0.0821,400.0
2019-06-15 12:00:00,0.08,400.0
2019-06-16 12:00:00,0.0776,400.0
2019-06-17 12:00:00,0.0728,400.0
2019-06-18 12:00:00,0.0707,400.0
2019-06-19 12:00:00,0.0693,400.0
2019-06-20 12:00:00,0.06960000000000001,400.0
2019-06-21 12:00:00,0.0683,400.0
2019-06-22 12:00:00,0.0697,400.0
2019-06-23 12:00:00,0.0663,400.0
2019-06-24 12:00:00,0.06570000000000001,400.0
2019-06-25 12:00:00,0.068,400.0
2019-06-26 12:00:00,0.06670000000000001,400.0
2019-06-27 12:00:00,0.06570000000000001,400.0
2019-06-28 12:00:00,0.0651,400.0
2019-06-29 12:00:00,0.0636,400.0
2019-06-30 12:00:00,0.0658,400.0
2019-07-01 12:00:00,0.0673,400.0
2019-07-02 12:00:00,0.0683,400.0
2019-07-03 12:00:00,0.0644,400.0
2019-07-04 12:00:00,0.0675,400.0
2019-07-05 12:00:00,0.0665,400.0
2019-07-06 12:00:00,0.065,400.0
2019-07-07 12:00:00,0.06430000000000001,400.0
2019-07-08 12:00:00,0.0669,400.0
2019-07-09 12:00:00,0.06420000000000001,400.0
2019-07-10 12:00:00,0.0625,400.0
2019-07-11 12:00:00,0.0625,400.0
2019-07-12 12:00:00,0.0673,400.0
2019-07-13 12:00:00,0.13490000000000002,400.0
2019-07-14 12:00:00,0.079,400.0
2019-07-15 12:00:00,0.0702,400.0
2019-07-16 12:00:00,0.0637,400.0
2019-07-17 12:00:00,0.058800000000000005,400.0
2019-07-18 12:00:00,0.059000000000000004,400.0
2019-07-19 12:00:00,0.0646,400.0
2019-07-20 12:00:00,0.0689,400.0
2019-07-21 12:00:00,0.0688,400.0
2019-07-22 12:00:00,0.07060000000000001,400.0
2019-07-23 12:00:00,0.0728,400.0
2019-07-24 12:00:00,0.0779,400.0
2019-07-25 12:00:00,0.0743,400.0
2019-07-26 12:00:00,0.07250000000000001,400.0
2019-07-27 12:00:00,0.0698,400.0
2019-07-28 12:00:00,0.068,400.0
2019-07-29 12:00:00,0.0753,400.0
2019-07-30 12:00:00,0.07780000000000001,400.0
2019-07-31 12:00:00,0.0748,400.0
2019-08-01 12:00:00,0.0741,400.0
2019-08-02 12:00:00,0.0753,400.0
2019-08-03 12:00:00,0.0724,400.0
2019-08-04 12:00:00,0.0711,400.0
2019-08-05 12:00:00,0.0655,400.0
2019-08-06 12:00:00,0.0694,400.0
2019-08-07 12:00:00,0.0719,400.0
2019-08-08 12:00:00,0.07350000000000001,400.0
2019-08-09 12:00:00,0.0698,400.0
2019-08-10 12:00:00,0.06760000000000001,400.0
2019-08-11 12:00:00,0.0655,400.0
2019-08-12 12:00:00,0.06420000000000001,400.0
2019-08-13 12:00:00,0.0632,400.0
2019-08-14 12:00:00,0.0604,400.0
2019-08-15 12:00:00,0.0644,400.0
2019-08-16 12:00:00,0.0758,400.0
2019-08-17 12:00:00,0.0689,400.0
2019-08-18 12:00:00,0.0666,400.0
2019-08-19 12:00:00,0.0743,400.0
2019-08-20 12:00:00,0.0671,400.0
2019-08-21 12:00:00,0.0703,400.0
2019-08-22 12:00:00,0.0716,400.0
2019-08-23 12:00:00,0.0737,400.0
2019-08-24 12:00:00,0.0742,400.0
2019-08-25 12:00:00,0.075,400.0
2019-08-26 12:00:00,0.0736,400.0
2019-08-27 12:00:00,0.07150000000000001,400.0
2019-08-28 12:00:00,0.07200000000000001,400.0
2019-08-29 12:00:00,0.0708,400.0
2019-08-30 12:00:00,0.0726,400.0
2019-08-31 12:00:00,0.0736,400.0
2019-09-01 12:00:00,0.07980000000000001,400.0
2019-09-02 12:00:00,0.0782,400.0
2019-09-03 12:00:00,0.0653,400.0
2019-09-04 12:00:00,0.060700000000000004,400.0
2019-09-05 12:00:00,0.062,400.0
2019-09-06 12:00:00,0.0585,400.0
2019-09-07 12:00:00,0.054700000000000006,400.0
2019-09-08 12:00:00,0.0534,400.0
2019-09-09 12:00:00,0.0555,400.0
2019-09-10 12:00:00,0.053500000000000006,400.0
2019-09-11 12:00:00,0.056900000000000006,400.0
2019-09-12 12:00:00,0.058300000000000005,400.0
2019-09-13 12:00:00,0.061500000000000006,400.0
2019-09-14 12:00:00,0.0579,400.0
2019-09-15 12:00:00,0.0648,400.0
2019-09-16 12:00:00,0.059500000000000004,400.0
2019-09-17 12:00:00,0.060500000000000005,400.0
2019-09-18 12:00:00,0.0526,400.0
2019-09-19 12:00:00,0.050300000000000004,400.0
2019-09-20 12:00:00,0.0511,400.0
2019-09-21 12:00:00,0.0507,400.0
2019-09-22 12:00:00,0.0528,400.0
2019-09-23 12:00:00,0.0526,400.0
2019-09-24 12:00:00,0.0516,400.0
2019-09-25 12:00:00,0.0505,400.0
2019-09-26 12:00:00,0.054900000000000004,400.0
2019-09-27 12:00:00,0.0522,400.0
2019-09-28 12:00:00,0.048400000000000006,400.0
2019-09-29 12:00:00,0.0459,400.0
2019-09-30 12:00:00,0.045000000000000005,400.0
2019-10-01 12:00:00,0.047900000000000005,400.0
2019-10-02 12:00:00,0.0478,400.0
2019-10-03 12:00:00,0.049100000000000005,400.0
2019-10-04 12:00:00,0.0499,400.0
2019-10-05 12:00:00,0.0526,400.0
2019-10-06 12:00:00,0.0528,400.0
2019-10-07 12:00:00,0.052000000000000005,400.0
2019-10-08 12:00:00,0.060200000000000004,400.0
2019-10-09 12:00:00,0.055,400.0
2019-10-10 12:00:00,0.049100000000000005,400.0
2019-10-11 12:00:00,0.052500000000000005,400.0
2019-10-12 12:00:00,0.049800000000000004,400.0
2019-10-13 12:00:00,0.0516,400.0
2019-10-14 12:00:00,0.0616,400.0
2019-10-15 12:00:00,0.0787,400.0
2019-10-16 12:00:00,0.07680000000000001,400.0
2019-10-17 12:00:00,0.08170000000000001,400.0
2019-10-18 12:00:00,0.0746,400.0
2019-10-19 12:00:00,0.0703,400.0
2019-10-20 12:00:00,0.07250000000000001,400.0
2019-10-21 12:00:00,0.0855,400.0
2019-10-22 12:00:00,0.0843,400.0
2019-10-23 12:00:00,0.0776,400.0
2019-10-24 12:00:00,0.084,400.0
2019-10-25 12:00:00,0.07100000000000001,400.0
2019-10-26 12:00:00,0.0653,400.0
2019-10-27 12:00:00,0.06570000000000001,400.0
2019-10-28 12:00:00,0.06720000000000001,400.0
2019-10-29 12:00:00,0.0645,400.0
2019-10-30 12:00:00,0.0712,400.0
2019-10-31 12:00:00,0.0596,400.0
2019-11-01 12:00:00,0.048600000000000004,400.0
2019-11-02 12:00:00,0.0417,400.0
2019-11-03 12:00:00,0.046,400.0
2019-11-04 12:00:00,0.046900000000000004,400.0
2019-11-05 12:00:00,0.048600000000000004,400.0
2019-11-06 12:00:00,0.0465,400.0
2019-11-07 12:00:00,0.043000000000000003,400.0
2019-11-08 12:00:00,0.038700000000000005,400.0
2019-11-09 12:00:00,0.0459,400.0
2019-11-10 12:00:00,0.0443,400.0
2019-11-11 12:00:00,0.0405,400.0
2019-11-12 12:00:00,0.0408,400.0
2019-11-13 12:00:00,0.0524,400.0
2019-11-14 12:00:00,0.0478,400.0
2019-11-15 12:00:00,0.0403,400.0
2019-11-16 12:00:00,0.0376,400.0
2019-11-17 12:00:00,0.0386,400.0
2019-11-18 12:00:00,0.0459,400.0
2019-11-19 12:00:00,0.037700000000000004,400.0
2019-11-20 12:00:00,0.0339,400.0
2019-11-21 12:00:00,0.028300000000000002,400.0
2019-11-22 12:00:00,0.0236,400.0
2019-11-23 12:00:00,0.0207,400.0
2019-11-24 12:00:00,0.023200000000000002,400.0
2019-11-25 12:00:00,0.028300000000000002,400.0
2019-11-26 12:00:00,0.025500000000000002,400.0
2019-11-27 12:00:00,0.028,400.0
2019-11-28 12:00:00,0.0275,400.0
2019-11-29 12:00:00,0.0323,400.0
2019-11-30 12:00:00,0.0332,400.0
2019-12-01 12:00:00,0.038,400.0
2019-12-02 12:00:00,0.0345,400.0
2019-12-03 12:00:00,0.5820000000000001,400.0
2019-12-04 12:00:00,0.6514,400.0
2019-12-05 12:00:00,0.5243,400.0
2019-12-06 12:00:00,0.5064000000000001,400.0
2019-12-07 12:00:00,1.2239,400.0
2019-12-08 12:00:00,1.0270000000000001,400.0
2019-12-09 12:00:00,0.6693,400.0
2019-12-10 12:00:00,0.5228,400.0
2019-12-11 12:00:00,0.4147,400.0
2019-12-12 12:00:00,0.3763,400.0
2019-12-13 12:00:00,0.3683,400.0
2019-12-14 12:00:00,0.34600000000000003,400.0
2019-12-15 12:00:00,0.2993,400.0
2019-12-16 12:00:00,0.4539,400.0
2019-12-17 12:00:00,0.4898,400.0
2019-12-18 12:00:00,0.42260000000000003,400.0
2019-12-19 12:00:00,0.3921,400.0
2019-12-20 12:00:00,0.34750000000000003,400.0
2019-12-21 12:00:00,0.2979,400.0
2019-12-22 12:00:00,0.2427,400.0
2019-12-23 12:00:00,0.2155,400.0
2019-12-24 12:00:00,0.2174,400.0
2019-12-25 12:00:00,0.2019,400.0
2019-12-26 12:00:00,0.17950000000000002,400.0
2019-12-27 12:00:00,0.1835,400.0
2019-12-28 12:00:00,0.1736,400.0
2019-12-29 12:00:00,0.1496,400.0
2019-12-30 12:00:00,0.1265,400.0
2019-12-31 12:00:00,0.13920000000000002,400.0
2020-01-01 12:00:00,0.1563,400.0
2020-01-02 12:00:00,0.14020000000000002,400.0
2020-01-03 12:00:00,0.1447,400.0
2020-01-04 12:00:00,0.1307,400.0
2020-01-05 12:00:00,0.135,400.0
2020-01-06 12:00:00,0.1306,400.0
2020-01-07 12:00:00,0.1213,400.0
2020-01-08 12:00:00,0.111,400.0
2020-01-09 12:00:00,0.1159,400.0
2020-01-10 12:00:00,0.1063,400.0
2020-01-11 12:00:00,0.0936,400.0
2020-01-12 12:00:00,0.10010000000000001,400.0
2020-01-13 12:00:00,0.0877,400.0
2020-01-14 12:00:00,0.08700000000000001,400.0
2020-01-15 12:00:00,0.0843,400.0
2020-01-16 12:00:00,0.0819,400.0
2020-01-17 12:00:00,0.08220000000000001,400.0
2020-01-18 12:00:00,0.0758,400.0
2020-01-19 12:00:00,0.0729,400.0
2020-01-20 12:00:00,0.0721,400.0
2020-01-21 12:00:00,0.0713,400.0
2020-01-22 12:00:00,0.0682,400.0
2020-01-23 12:00:00,0.067,400.0
2020-01-24 12:00:00,0.0575,400.0
2020-01-25 12:00:00,0.0577,400.0
2020-01-26 12:00:00,0.057800000000000004,400.0
2020-01-27 12:00:00,0.057600000000000005,400.0
2020-01-28 12:00:00,0.058,400.0
2020-01-29 12:00:00,0.0609,400.0
2020-01-30 12:00:00,0.053500000000000006,400.0
2020-01-31 12:00:00,0.0606,400.0
2020-02-01 12:00:00,0.0548,400.0
2020-02-02 12:00:00,0.0478,400.0
2020-02-03 12:00:00,0.1401,400.0
2020-02-04 12:00:00,0.0775,400.0
2020-02-05 12:00:00,0.046,400.0
2020-02-06 12:00:00,0.0448,400.0
2020-02-07 12:00:00,0.0437,400.0
2020-02-08 12:00:00,0.047,400.0
2020-02-09 12:00:00,0.0397,400.0
2020-02-10 12:00:00,0.0374,400.0
2020-02-11 12:00:00,0.034,400.0
2020-02-12 12:00:00,0.0297,400.0
2020-02-13 12:00:00,0.0292,400.0
2020-02-14 12:00:00,0.030000000000000002,400.0
2020-02-15 12:00:00,0.030000000000000002,400.0
2020-02-16 12:00:00,0.0264,400.0
2020-02-17 12:00:00,0.026500000000000003,400.0
2020-02-18 12:00:00,0.028,400.0
2020-02-19 12:00:00,0.0286,400.0
2020-02-20 12:00:00,0.0304,400.0
2020-02-21 12:00:00,0.0329,400.0
2020-02-22 12:00:00,0.0346,400.0
2020-02-23 12:00:00,0.031900000000000005,400.0
2020-02-24 12:00:00,0.0313,400.0
2020-02-25 12:00:00,0.028200000000000003,400.0
2020-02-26 12:00:00,0.0274,400.0
2020-02-27 12:00:00,0.029,400.0
2020-02-28 12:00:00,0.0316,400.0
2020-02-29 12:00:00,0.031100000000000003,400.0
2020-03-01 12:00:00,0.028,400.0
2020-03-02 12:00:00,0.0264,400.0
2020-03-03 12:00:00,0.031400000000000004,400.0
2020-03-04 12:00:00,0.0352,400.0
2020-03-05 12:00:00,0.0346,400.0
2020-03-06 12:00:00,0.0315,400.0
2020-03-07 12:00:00,0.0373,400.0
2020-03-08 12:00:00,0.033100000000000004,400.0
2020-03-09 12:00:00,0.0334,400.0
2020-03-10 12:00:00,0.0334,400.0
2020-03-11 12:00:00,0.0346,400.0
2020-03-12 12:00:00,0.0309,400.0
2020-03-13 12:00:00,0.0309,400.0
2020-03-14 12:00:00,0.031900000000000005,400.0
2020-03-15 12:00:00,0.0313,400.0
2020-03-16 12:00:00,0.0354,400.0
2020-03-17 12:00:00,0.0354,400.0
2020-03-18 12:00:00,0.028300000000000002,400.0
2020-03-19 12:00:00,0.028,400.0
2020-03-20 12:00:00,0.031,400.0
2020-03-21 12:00:00,0.0292,400.0
2020-03-22 12:00:00,0.0313,400.0
2020-03-23 12:00:00,0.041,400.0
2020-03-24 12:00:00,0.0376,400.0
2020-03-25 12:00:00,0.033,400.0
2020-03-26 12:00:00,0.035,400.0
2020-03-27 12:00:00,0.033600000000000005,400.0
2020-03-28 12:00:00,0.037200000000000004,400.0
2020-03-29 12:00:00,0.0323,400.0
2020-03-30 12:00:00,0.0304,400.0
2020-03-31 12:00:00,0.0324,400.0
2020-04-01 12:00:00,0.031200000000000002,400.0
2020-04-02 12:00:00,0.029500000000000002,400.0
2020-04-03 12:00:00,0.0292,400.0
2020-04-04 12:00:00,0.0279,400.0
2020-04-05 12:00:00,0.023100000000000002,400.0
2020-04-06 12:00:00,0.025500000000000002,400.0
2020-04-07 12:00:00,0.0318,400.0
2020-04-08 12:00:00,0.0313,400.0
2020-04-09 12:00:00,0.0323,400.0
2020-04-10 12:00:00,0.032100000000000004,400.0
2020-04-11 12:00:00,0.027200000000000002,400.0
2020-04-12 12:00:00,0.039,400.0
2020-04-13 12:00:00,0.041100000000000005,400.0
2020-04-14 12:00:00,0.0425,400.0
2020-04-15 12:00:00,0.036500000000000005,400.0
2020-04-16 12:00:00,0.030500000000000003,400.0
2020-04-17 12:00:00,0.031100000000000003,400.0
2020-04-18 12:00:00,0.041600000000000005,400.0
2020-04-19 12:00:00,0.038900000000000004,400.0
2020-04-20 12:00:00,0.0373,400.0
2020-04-21 12:00:00,0.0322,400.0
2020-04-22 12:00:00,0.031100000000000003,400.0
2020-04-23 12:00:00,0.0304,400.0
2020-04-24 12:00:00,0.0285,400.0
2020-04-25 12:00:00,0.033600000000000005,400.0
2020-04-26 12:00:00,0.031100000000000003,400.0
2020-04-27 12:00:00,0.036500000000000005,400.0
2020-04-28 12:00:00,0.037200000000000004,400.0
2020-04-29 12:00:00,0.0351,400.0
2020-04-30 12:00:00,0.031,400.0
2020-05-01 12:00:00,0.0273,400.0
2020-05-02 12:00:00,0.0717,400.0
2020-05-03 12:00:00,0.054400000000000004,400.0
2020-05-04 12:00:00,0.0524,400.0
2020-05-05 12:00:00,0.0521,400.0
2020-05-06 12:00:00,0.0429,400.0
2020-05-07 12:00:00,0.0332,400.0
2020-05-08 12:00:00,0.035500000000000004,400.0
2020-05-09 12:00:00,0.0332,400.0
2020-05-10 12:00:00,0.0308,400.0
2020-05-11 12:00:00,0.034,400.0
2020-05-12 12:00:00,0.0364,400.0
2020-05-13 12:00:00,0.0349,400.0
2020-05-14 12:00:00,0.0316,400.0
2020-05-15 12:00:00,0.0337,400.0
2020-05-16 12:00:00,0.041800000000000004,400.0
2020-05-17 12:00:00,0.0441,400.0
2020-05-18 12:00:00,0.038200000000000005,400.0
2020-05-19 12:00:00,0.0441,400.0
2020-05-20 12:00:00,0.042300000000000004,400.0
2020-05-21 12:00:00,0.027800000000000002,400.0
2020-05-22 12:00:00,0.029400000000000003,400.0
2020-05-23 12:00:00,0.030600000000000002,400.0
2020-05-24 12:00:00,0.029,400.0
2020-05-25 12:00:00,0.031200000000000002,400.0
2020-05-26 12:00:00,0.0334,400.0
2020-05-27 12:00:00,0.0341,400.0
2020-05-28 12:00:00,0.0339,400.0
2020-05-29 12:00:00,0.0349,400.0
2020-05-30 12:00:00,0.033600000000000005,400.0
2020-05-31 12:00:00,0.0426,400.0
2020-06-01 12:00:00,0.0431,400.0
2020-06-02 12:00:00,0.0318,400.0
2020-06-03 12:00:00,0.0279,400.0
2020-06-04 12:00:00,0.034,400.0
2020-06-05 12:00:00,0.042300000000000004,400.0
2020-06-06 12:00:00,0.045000000000000005,400.0
2020-06-07 12:00:00,0.041100000000000005,400.0
2020-06-08 12:00:00,0.0369,400.0
2020-06-09 12:00:00,0.0395,400.0
2020-06-10 12:00:00,0.0325,400.0
2020-06-11 12:00:00,0.030600000000000002,400.0
2020-06-12 12:00:00,0.0439,400.0
2020-06-13 12:00:00,0.0472,400.0
2020-06-14 12:00:00,0.0395,400.0
2020-06-15 12:00:00,0.024900000000000002,400.0
2020-06-16 12:00:00,0.0229,400.0
2020-06-17 12:00:00,0.0402,400.0
2020-06-18 12:00:00,0.0442,400.0
2020-06-19 12:00:00,0.045200000000000004,400.0
2020-06-20 12:00:00,0.039900000000000005,400.0
2020-06-21 12:00:00,0.040600000000000004,400.0
2020-06-22 12:00:00,0.0398,400.0
2020-06-23 12:00:00,0.0415,400.0
2020-06-24 12:00:00,0.0439,400.0
2020-06-25 12:00:00,0.0402,400.0
2020-06-26 12:00:00,0.037700000000000004,400.0
2020-06-27 12:00:00,0.0393,400.0
2020-06-28 12:00:00,0.2416,400.0
2020-06-29 12:00:00,0.1116,400.0
2020-06-30 12:00:00,0.0826,400.0
2020-07-01 12:00:00,0.0746,400.0
2020-07-02 12:00:00,0.0733,400.0
2020-07-03 12:00:00,0.0611,400.0
2020-07-04 12:00:00,0.1446,400.0
2020-07-05 12:00:00,0.17320000000000002,400.0
2020-07-06 12:00:00,0.1925,400.0
2020-07-07 12:00:00,0.1885,400.0
2020-07-08 12:00:00,0.14830000000000002,400.0
2020-07-09 12:00:00,0.1255,400.0
2020-07-10 12:00:00,0.11,400.0
2020-07-11 12:00:00,0.08710000000000001,400.0
2020-07-12 12:00:00,0.091,400.0
2020-07-13 12:00:00,0.0893,400.0
2020-07-14 12:00:00,0.0852,400.0
2020-07-15 12:00:00,0.08610000000000001,400.0
2020-07-16 12:00:00,0.0872,400.0
2020-07-17 12:00:00,0.08700000000000001,400.0
2020-07-18 12:00:00,0.0815,400.0
2020-07-19 12:00:00,0.0743,400.0
2020-07-20 12:00:00,0.2275,400.0
2020-07-21 12:00:00,0.1898,400.0
2020-07-22 12:00:00,0.1615,400.0
2020-07-23 12:00:00,0.1544,400.0
2020-07-24 12:00:00,0.1303,400.0
2020-07-25 12:00:00,0.11280000000000001,400.0
2020-07-26 12:00:00,0.11,400.0
2020-07-27 12:00:00,0.10210000000000001,400.0
2020-07-28 12:00:00,0.08560000000000001,400.0
2020-07-29 12:00:00,0.07440000000000001,400.0
2020-07-30 12:00:00,0.0713,400.0
2020-07-31 12:00:00,0.0665,400.0
2020-08-01 12:00:00,0.0664,400.0
2020-08-02 12:00:00,0.06570000000000001,400.0
2020-08-03 12:00:00,0.0645,400.0
2020-08-04 12:00:00,0.0719,400.0
2020-08-05 12:00:00,0.0664,400.0
2020-08-06 12:00:00,0.0637,400.0
2020-08-07 12:00:00,0.0669,400.0
2020-08-08 12:00:00,0.0756,400.0
2020-08-09 12:00:00,0.0637,400.0
2020-08-10 12:00:00,0.06470000000000001,400.0
2020-08-11 12:00:00,0.0708,400.0
2020-08-12 12:00:00,0.0683,400.0
2020-08-13 12:00:00,0.0635,400.0
2020-08-14 12:00:00,0.06910000000000001,400.0
2020-08-15 12:00:00,0.0693,400.0
2020-08-16 12:00:00,0.0689,400.0
2020-08-17 12:00:00,0.0641,400.0
2020-08-18 12:00:00,0.052500000000000005,400.0
2020-08-19 12:00:00,0.0523,400.0
2020-08-20 12:00:00,0.048600000000000004,400.0
2020-08-21 12:00:00,0.0492,400.0
2020-08-22 12:00:00,0.047400000000000005,400.0
2020-08-23 12:00:00,0.0431,400.0
2020-08-24 12:00:00,0.046900000000000004,400.0
2020-08-25 12:00:00,0.058600000000000006,400.0
2020-08-26 12:00:00,0.0524,400.0
2020-08-27 12:00:00,0.048100000000000004,400.0
2020-08-28 12:00:00,0.0448,400.0
2020-08-29 12:00:00,0.0375,400.0
2020-08-30 12:00:00,0.0376,400.0
2020-08-31 12:00:00,0.0613,400.0
2020-09-01 12:00:00,0.06280000000000001,400.0
2020-09-02 12:00:00,0.060700000000000004,400.0
2020-09-03 12:00:00,0.0521,400.0
2020-09-04 12:00:00,0.0722,400.0
2020-09-05 12:00:00,0.0631,400.0
2020-09-06 12:00:00,0.064,400.0
2020-09-07 12:00:00,0.0601,400.0
2020-09-08 12:00:00,0.054400000000000004,400.0
2020-09-09 12:00:00,0.057600000000000005,400.0
2020-09-10 12:00:00,0.061200000000000004,400.0
2020-09-11 12:00:00,0.0592,400.0
2020-09-12 12:00:00,0.049800000000000004,400.0
2020-09-13 12:00:00,0.0473,400.0
2020-09-14 12:00:00,0.059500000000000004,400.0
2020-09-15 12:00:00,0.058800000000000005,400.0
2020-09-16 12:00:00,0.054900000000000004,400.0
2020-09-17 12:00:00,0.06380000000000001,400.0
2020-09-18 12:00:00,0.0562,400.0
2020-09-19 12:00:00,0.0565,400.0
2020-09-20 12:00:00,0.0546,400.0
2020-09-21 12:00:00,0.0512,400.0
2020-09-22 12:00:00,0.053700000000000005,400.0
2020-09-23 12:00:00,0.0541,400.0
2020-09-24 12:00:00,0.1075,400.0
2020-09-25 12:00:00,0.1039,400.0
2020-09-26 12:00:00,0.2016,400.0
2020-09-27 12:00:00,0.25520000000000004,400.0
2020-09-28 12:00:00,0.21910000000000002,400.0
2020-09-29 12:00:00,0.1646,400.0
2020-09-30 12:00:00,0.134,400.0
2020-10-01 12:00:00,0.1075,400.0
2020-10-02 12:00:00,0.0834,400.0
2020-10-03 12:00:00,0.06910000000000001,400.0
2020-10-04 12:00:00,0.0678,400.0
2020-10-05 12:00:00,0.0682,400.0
2020-10-06 12:00:00,0.07880000000000001,400.0
2020-10-07 12:00:00,0.0781,400.0
2020-10-08 12:00:00,0.07050000000000001,400.0
2020-10-09 12:00:00,0.0684,400.0
2020-10-10 12:00:00,0.082,400.0
2020-10-11 12:00:00,0.0786,400.0
2020-10-12 12:00:00,0.0746,400.0
2020-10-13 12:00:00,0.083,400.0
2020-10-14 12:00:00,0.0868,400.0
2020-10-15 12:00:00,0.08120000000000001,400.0
2020-10-16 12:00:00,0.0726,400.0
2020-10-17 12:00:00,0.066,400.0
2020-10-18 12:00:00,0.0699,400.0
2020-10-19 12:00:00,0.0674,400.0
2020-10-20 12:00:00,0.0658,400.0
2020-10-21 12:00:00,0.0636,400.0
2020-10-22 12:00:00,0.0597,400.0
2020-10-23 12:00:00,0.054700000000000006,400.0
2020-10-24 12:00:00,0.0482,400.0
2020-10-25 12:00:00,0.0685,400.0
2020-10-26 12:00:00,0.0635,400.0
2020-10-27 12:00:00,0.0618,400.0
2020-10-28 12:00:00,0.053000000000000005,400.0
2020-10-29 12:00:00,0.0523,400.0
2020-10-30 12:00:00,0.057600000000000005,400.0
2020-10-31 12:00:00,0.061900000000000004,400.0
2020-11-01 12:00:00,0.059500000000000004,400.0
2020-11-02 12:00:00,0.058300000000000005,400.0
2020-11-03 12:00:00,0.0514,400.0
2020-11-04 12:00:00,0.0494,400.0
2020-11-05 12:00:00,0.053000000000000005,400.0
2020-11-06 12:00:00,0.061500000000000006,400.0
2020-11-07 12:00:00,0.0728,400.0
2020-11-08 12:00:00,0.0703,400.0
2020-11-09 12:00:00,0.059500000000000004,400.0
2020-11-10 12:00:00,0.0529,400.0
2020-11-11 12:00:00,0.049600000000000005,400.0
2020-11-12 12:00:00,0.049800000000000004,400.0
2020-11-13 12:00:00,0.053500000000000006,400.0
2020-11-14 12:00:00,0.0476,400.0
2020-11-15 12:00:00,0.0468,400.0
2020-11-16 12:00:00,0.0506,400.0
2020-11-17 12:00:00,0.0545,400.0
2020-11-18 12:00:00,0.0524,400.0
2020-11-19 12:00:00,0.0551,400.0
2020-11-20 12:00:00,0.053500000000000006,400.0
2020-11-21 12:00:00,0.0621,400.0
2020-11-22 12:00:00,0.0637,400.0
2020-11-23 12:00:00,0.0606,400.0
2020-11-24 12:00:00,0.0558,400.0
2020-11-25 12:00:00,0.0528,400.0
2020-11-26 12:00:00,0.054400000000000004,400.0
2020-11-27 12:00:00,0.06810000000000001,400.0
2020-11-28 12:00:00,0.056900000000000006,400.0
2020-11-29 12:00:00,0.06910000000000001,400.0
2020-11-30 12:00:00,0.0613,400.0
2020-12-01 12:00:00,0.0611,400.0
2020-12-02 12:00:00,0.0596,400.0
2020-12-03 12:00:00,0.057600000000000005,400.0
2020-12-04 12:00:00,0.057300000000000004,400.0
2020-12-05 12:00:00,0.0616,400.0
2020-12-06 12:00:00,0.0482,400.0
2020-12-07 12:00:00,0.045700000000000005,400.0
2020-12-08 12:00:00,0.044000000000000004,400.0
2020-12-09 12:00:00,0.0437,400.0
2020-12-10 12:00:00,0.061500000000000006,400.0
2020-12-11 12:00:00,0.0539,400.0
2020-12-12 12:00:00,0.0454,400.0
2020-12-13 12:00:00,0.0417,400.0
2020-12-14 12:00:00,0.0375,400.0
2020-12-15 12:00:00,0.038900000000000004,400.0
2020-12-16 12:00:00,0.0329,400.0
2020-12-17 12:00:00,0.0359,400.0
2020-12-18 12:00:00,0.0335,400.0
2020-12-19 12:00:00,0.0327,400.0
2020-12-20 12:00:00,0.0379,400.0
2020-12-21 12:00:00,0.0346,400.0
2020-12-22 12:00:00,0.038,400.0
2020-12-23 12:00:00,0.04,400.0
2020-12-24 12:00:00,0.0434,400.0
2020-12-25 12:00:00,0.0538,400.0
2020-12-26 12:00:00,0.0495,400.0
2020-12-27 12:00:00,0.0426,400.0
2020-12-28 12:00:00,0.0364,400.0
2020-12-29 12:00:00,0.0335,400.0
2020-12-30 12:00:00,0.025,400.0
2020-12-31 12:00:00,0.0437,400.0
2021-01-01 12:00:00,0.09730000000000001,400.0
2021-01-02 12:00:00,0.0964,400.0
2021-01-03 12:00:00,0.050300000000000004,400.0
2021-01-04 12:00:00,0.060700000000000004,400.0
2021-01-05 12:00:00,0.056900000000000006,400.0
2021-01-06 12:00:00,0.0575,400.0
2021-01-07 12:00:00,0.0666,400.0
2021-01-08 12:00:00,0.0522,400.0
2021-01-09 12:00:00,0.0495,400.0
2021-01-10 12:00:00,0.045200000000000004,400.0
2021-01-11 12:00:00,0.041,400.0
2021-01-12 12:00:00,0.0383,400.0
2021-01-13 12:00:00,0.0361,400.0
2021-01-14 12:00:00,0.033,400.0
2021-01-15 12:00:00,0.0347,400.0
2021-01-16 12:00:00,0.0475,400.0
2021-01-17 12:00:00,0.0592,400.0
2021-01-18 12:00:00,0.1177,400.0
2021-01-19 12:00:00,0.1046,400.0
2021-01-20 12:00:00,0.0743,400.0
2021-01-21 12:00:00,0.0606,400.0
2021-01-22 12:00:00,0.054,400.0
2021-01-23 12:00:00,0.052700000000000004,400.0
2021-01-24 12:00:00,0.0448,400.0
2021-01-25 12:00:00,0.0424,400.0
2021-01-26 12:00:00,0.040400000000000005,400.0
2021-01-27 12:00:00,0.048600000000000004,400.0
2021-01-28 12:00:00,0.0565,400.0
2021-01-29 12:00:00,0.049300000000000004,400.0
2021-01-30 12:00:00,0.042800000000000005,400.0
2021-01-31 12:00:00,0.038200000000000005,400.0
2021-02-01 12:00:00,0.0363,400.0
2021-02-02 12:00:00,0.0361,400.0
2021-02-03 12:00:00,0.0346,400.0
2021-02-04 12:00:00,0.0358,400.0
2021-02-05 12:00:00,0.0329,400.0
2021-02-06 12:00:00,0.0322,400.0
2021-02-07 12:00:00,0.0361,400.0
2021-02-08 12:00:00,0.0487,400.0
2021-02-09 12:00:00,0.0531,400.0
