,i,j,k,ibound,mx,my
23,0,115,2,1.0,1307801.0,5055875.0
56,5,110,2,1.0,1307301.0,5055375.0
57,5,115,2,1.0,1307801.0,5055375.0
89,10,105,2,1.0,1306801.0,5054875.0
90,10,110,2,1.0,1307301.0,5054875.0
91,10,115,2,1.0,1307801.0,5054875.0
122,15,100,2,1.0,1306301.0,5054375.0
123,15,105,2,1.0,1306801.0,5054375.0
124,15,110,2,1.0,1307301.0,5054375.0
125,15,115,2,1.0,1307801.0,5054375.0
155,20,95,2,1.0,1305801.0,5053875.0
156,20,100,2,1.0,1306301.0,5053875.0
157,20,105,2,1.0,1306801.0,5053875.0
158,20,110,2,1.0,1307301.0,5053875.0
159,20,115,2,1.0,1307801.0,5053875.0
183,25,65,2,1.0,1302801.0,5053375.0
184,25,70,2,1.0,1303301.0,5053375.0
185,25,75,2,1.0,1303801.0,5053375.0
186,25,80,2,1.0,1304301.0,5053375.0
187,25,85,2,1.0,1304801.0,5053375.0
188,25,90,2,1.0,1305301.0,5053375.0
189,25,95,2,1.0,1305801.0,5053375.0
190,25,100,2,1.0,1306301.0,5053375.0
191,25,105,2,1.0,1306801.0,5053375.0
192,25,110,2,1.0,1307301.0,5053375.0
193,25,115,1,1.0,1307801.0,5053375.0
216,30,60,1,1.0,1302301.0,5052875.0
217,30,65,2,1.0,1302801.0,5052875.0
218,30,70,2,1.0,1303301.0,5052875.0
219,30,75,2,1.0,1303801.0,5052875.0
220,30,80,2,1.0,1304301.0,5052875.0
221,30,85,2,1.0,1304801.0,5052875.0
222,30,90,2,1.0,1305301.0,5052875.0
223,30,95,2,1.0,1305801.0,5052875.0
224,30,100,2,1.0,1306301.0,5052875.0
225,30,105,1,1.0,1306801.0,5052875.0
226,30,110,1,1.0,1307301.0,5052875.0
227,30,115,1,1.0,1307801.0,5052875.0
239,35,5,1,1.0,1296801.0,5052375.0
241,35,15,1,1.0,1297801.0,5052375.0
249,35,55,1,1.0,1301801.0,5052375.0
250,35,60,1,1.0,1302301.0,5052375.0
251,35,65,2,1.0,1302801.0,5052375.0
252,35,70,2,1.0,1303301.0,5052375.0
253,35,75,2,1.0,1303801.0,5052375.0
254,35,80,2,1.0,1304301.0,5052375.0
255,35,85,2,1.0,1304801.0,5052375.0
256,35,90,2,1.0,1305301.0,5052375.0
257,35,95,1,1.0,1305801.0,5052375.0
258,35,100,1,1.0,1306301.0,5052375.0
259,35,105,1,1.0,1306801.0,5052375.0
260,35,110,1,1.0,1307301.0,5052375.0
261,35,115,1,1.0,1307801.0,5052375.0
272,40,0,1,1.0,1296301.0,5051875.0
273,40,5,1,1.0,1296801.0,5051875.0
274,40,10,1,1.0,1297301.0,5051875.0
275,40,15,1,1.0,1297801.0,5051875.0
276,40,20,1,1.0,1298301.0,5051875.0
283,40,55,1,1.0,1301801.0,5051875.0
284,40,60,1,1.0,1302301.0,5051875.0
285,40,65,1,1.0,1302801.0,5051875.0
286,40,70,1,1.0,1303301.0,5051875.0
287,40,75,1,1.0,1303801.0,5051875.0
288,40,80,1,1.0,1304301.0,5051875.0
289,40,85,1,1.0,1304801.0,5051875.0
290,40,90,1,1.0,1305301.0,5051875.0
291,40,95,1,1.0,1305801.0,5051875.0
292,40,100,1,1.0,1306301.0,5051875.0
293,40,105,1,1.0,1306801.0,5051875.0
294,40,110,1,1.0,1307301.0,5051875.0
295,40,115,1,1.0,1307801.0,5051875.0
306,45,0,1,1.0,1296301.0,5051375.0
307,45,5,1,1.0,1296801.0,5051375.0
308,45,10,1,1.0,1297301.0,5051375.0
309,45,15,1,1.0,1297801.0,5051375.0
310,45,20,1,1.0,1298301.0,5051375.0
311,45,25,1,1.0,1298801.0,5051375.0
317,45,55,1,1.0,1301801.0,5051375.0
318,45,60,1,1.0,1302301.0,5051375.0
319,45,65,1,1.0,1302801.0,5051375.0
320,45,70,1,1.0,1303301.0,5051375.0
321,45,75,1,1.0,1303801.0,5051375.0
322,45,80,1,1.0,1304301.0,5051375.0
323,45,85,1,1.0,1304801.0,5051375.0
324,45,90,1,1.0,1305301.0,5051375.0
325,45,95,1,1.0,1305801.0,5051375.0
326,45,100,1,1.0,1306301.0,5051375.0
327,45,105,1,1.0,1306801.0,5051375.0
329,45,115,1,1.0,1307801.0,5051375.0
340,50,0,1,1.0,1296301.0,5050875.0
341,50,5,1,1.0,1296801.0,5050875.0
342,50,10,1,1.0,1297301.0,5050875.0
343,50,15,1,1.0,1297801.0,5050875.0
344,50,20,1,1.0,1298301.0,5050875.0
345,50,25,1,1.0,1298801.0,5050875.0
346,50,30,1,1.0,1299301.0,5050875.0
351,50,55,1,1.0,1301801.0,5050875.0
352,50,60,1,1.0,1302301.0,5050875.0
353,50,65,1,1.0,1302801.0,5050875.0
354,50,70,1,1.0,1303301.0,5050875.0
355,50,75,1,1.0,1303801.0,5050875.0
356,50,80,1,1.0,1304301.0,5050875.0
357,50,85,1,1.0,1304801.0,5050875.0
358,50,90,1,1.0,1305301.0,5050875.0
359,50,95,1,1.0,1305801.0,5050875.0
360,50,100,1,1.0,1306301.0,5050875.0
361,50,105,1,1.0,1306801.0,5050875.0
362,50,110,1,1.0,1307301.0,5050875.0
377,55,15,1,1.0,1297801.0,5050375.0
378,55,20,1,1.0,1298301.0,5050375.0
379,55,25,1,1.0,1298801.0,5050375.0
380,55,30,1,1.0,1299301.0,5050375.0
381,55,35,1,1.0,1299801.0,5050375.0
385,55,55,1,1.0,1301801.0,5050375.0
386,55,60,1,1.0,1302301.0,5050375.0
387,55,65,1,1.0,1302801.0,5050375.0
388,55,70,1,1.0,1303301.0,5050375.0
389,55,75,1,1.0,1303801.0,5050375.0
390,55,80,1,1.0,1304301.0,5050375.0
391,55,85,1,1.0,1304801.0,5050375.0
392,55,90,1,1.0,1305301.0,5050375.0
393,55,95,1,1.0,1305801.0,5050375.0
394,55,100,1,1.0,1306301.0,5050375.0
395,55,105,1,1.0,1306801.0,5050375.0
396,55,110,1,1.0,1307301.0,5050375.0
413,60,25,1,1.0,1298801.0,5049875.0
414,60,30,1,1.0,1299301.0,5049875.0
415,60,35,1,1.0,1299801.0,5049875.0
419,60,55,1,1.0,1301801.0,5049875.0
420,60,60,1,1.0,1302301.0,5049875.0
421,60,65,1,1.0,1302801.0,5049875.0
422,60,70,1,1.0,1303301.0,5049875.0
423,60,75,1,1.0,1303801.0,5049875.0
424,60,80,1,1.0,1304301.0,5049875.0
425,60,85,1,1.0,1304801.0,5049875.0
426,60,90,1,1.0,1305301.0,5049875.0
427,60,95,1,1.0,1305801.0,5049875.0
428,60,100,1,1.0,1306301.0,5049875.0
429,60,105,1,1.0,1306801.0,5049875.0
430,60,110,1,1.0,1307301.0,5049875.0
449,65,35,1,1.0,1299801.0,5049375.0
454,65,60,1,1.0,1302301.0,5049375.0
455,65,65,1,1.0,1302801.0,5049375.0
456,65,70,1,1.0,1303301.0,5049375.0
457,65,75,1,1.0,1303801.0,5049375.0
458,65,80,1,1.0,1304301.0,5049375.0
459,65,85,1,1.0,1304801.0,5049375.0
460,65,90,1,1.0,1305301.0,5049375.0
461,65,95,1,1.0,1305801.0,5049375.0
462,65,100,1,1.0,1306301.0,5049375.0
463,65,105,1,1.0,1306801.0,5049375.0
464,65,110,1,1.0,1307301.0,5049375.0
465,65,115,1,1.0,1307801.0,5049375.0
483,70,35,1,1.0,1299801.0,5048875.0
484,70,40,1,1.0,1300301.0,5048875.0
487,70,55,1,1.0,1301801.0,5048875.0
488,70,60,1,1.0,1302301.0,5048875.0
489,70,65,1,1.0,1302801.0,5048875.0
490,70,70,1,1.0,1303301.0,5048875.0
491,70,75,1,1.0,1303801.0,5048875.0
492,70,80,1,1.0,1304301.0,5048875.0
493,70,85,1,1.0,1304801.0,5048875.0
494,70,90,1,1.0,1305301.0,5048875.0
495,70,95,1,1.0,1305801.0,5048875.0
496,70,100,1,1.0,1306301.0,5048875.0
497,70,105,1,1.0,1306801.0,5048875.0
498,70,110,1,1.0,1307301.0,5048875.0
499,70,115,1,1.0,1307801.0,5048875.0
517,75,35,1,1.0,1299801.0,5048375.0
518,75,40,1,1.0,1300301.0,5048375.0
519,75,45,1,1.0,1300801.0,5048375.0
520,75,50,1,1.0,1301301.0,5048375.0
521,75,55,1,1.0,1301801.0,5048375.0
522,75,60,1,1.0,1302301.0,5048375.0
523,75,65,1,1.0,1302801.0,5048375.0
524,75,70,1,1.0,1303301.0,5048375.0
525,75,75,1,1.0,1303801.0,5048375.0
526,75,80,1,1.0,1304301.0,5048375.0
527,75,85,1,1.0,1304801.0,5048375.0
528,75,90,1,1.0,1305301.0,5048375.0
529,75,95,1,1.0,1305801.0,5048375.0
530,75,100,1,1.0,1306301.0,5048375.0
531,75,105,1,1.0,1306801.0,5048375.0
532,75,110,1,1.0,1307301.0,5048375.0
533,75,115,1,1.0,1307801.0,5048375.0
550,80,30,1,1.0,1299301.0,5047875.0
551,80,35,1,1.0,1299801.0,5047875.0
552,80,40,1,1.0,1300301.0,5047875.0
553,80,45,1,1.0,1300801.0,5047875.0
554,80,50,1,1.0,1301301.0,5047875.0
555,80,55,1,1.0,1301801.0,5047875.0
556,80,60,1,1.0,1302301.0,5047875.0
557,80,65,1,1.0,1302801.0,5047875.0
558,80,70,1,1.0,1303301.0,5047875.0
559,80,75,1,1.0,1303801.0,5047875.0
560,80,80,1,1.0,1304301.0,5047875.0
561,80,85,1,1.0,1304801.0,5047875.0
562,80,90,1,1.0,1305301.0,5047875.0
563,80,95,1,1.0,1305801.0,5047875.0
564,80,100,1,1.0,1306301.0,5047875.0
565,80,105,1,1.0,1306801.0,5047875.0
566,80,110,1,1.0,1307301.0,5047875.0
584,85,30,1,1.0,1299301.0,5047375.0
585,85,35,1,1.0,1299801.0,5047375.0
586,85,40,1,1.0,1300301.0,5047375.0
587,85,45,1,1.0,1300801.0,5047375.0
588,85,50,1,1.0,1301301.0,5047375.0
589,85,55,1,1.0,1301801.0,5047375.0
590,85,60,1,1.0,1302301.0,5047375.0
591,85,65,1,1.0,1302801.0,5047375.0
592,85,70,1,1.0,1303301.0,5047375.0
593,85,75,1,1.0,1303801.0,5047375.0
594,85,80,1,1.0,1304301.0,5047375.0
595,85,85,1,1.0,1304801.0,5047375.0
596,85,90,1,1.0,1305301.0,5047375.0
597,85,95,1,1.0,1305801.0,5047375.0
598,85,100,1,1.0,1306301.0,5047375.0
599,85,105,1,1.0,1306801.0,5047375.0
600,85,110,1,1.0,1307301.0,5047375.0
617,90,25,1,1.0,1298801.0,5046875.0
618,90,30,1,1.0,1299301.0,5046875.0
619,90,35,1,1.0,1299801.0,5046875.0
620,90,40,1,1.0,1300301.0,5046875.0
621,90,45,1,1.0,1300801.0,5046875.0
622,90,50,1,1.0,1301301.0,5046875.0
623,90,55,1,1.0,1301801.0,5046875.0
624,90,60,1,1.0,1302301.0,5046875.0
625,90,65,1,1.0,1302801.0,5046875.0
626,90,70,1,1.0,1303301.0,5046875.0
627,90,75,1,1.0,1303801.0,5046875.0
628,90,80,1,1.0,1304301.0,5046875.0
629,90,85,1,1.0,1304801.0,5046875.0
630,90,90,1,1.0,1305301.0,5046875.0
631,90,95,1,1.0,1305801.0,5046875.0
632,90,100,1,1.0,1306301.0,5046875.0
633,90,105,1,1.0,1306801.0,5046875.0
634,90,110,1,1.0,1307301.0,5046875.0
652,95,30,1,1.0,1299301.0,5046375.0
653,95,35,1,1.0,1299801.0,5046375.0
654,95,40,1,1.0,1300301.0,5046375.0
655,95,45,1,1.0,1300801.0,5046375.0
656,95,50,1,1.0,1301301.0,5046375.0
657,95,55,1,1.0,1301801.0,5046375.0
658,95,60,1,1.0,1302301.0,5046375.0
659,95,65,1,1.0,1302801.0,5046375.0
660,95,70,1,1.0,1303301.0,5046375.0
661,95,75,1,1.0,1303801.0,5046375.0
662,95,80,1,1.0,1304301.0,5046375.0
663,95,85,1,1.0,1304801.0,5046375.0
664,95,90,1,1.0,1305301.0,5046375.0
665,95,95,1,1.0,1305801.0,5046375.0
666,95,100,1,1.0,1306301.0,5046375.0
667,95,105,1,1.0,1306801.0,5046375.0
668,95,110,1,1.0,1307301.0,5046375.0
669,95,115,1,1.0,1307801.0,5046375.0
685,100,25,1,1.0,1298801.0,5045875.0
686,100,30,1,1.0,1299301.0,5045875.0
687,100,35,1,1.0,1299801.0,5045875.0
688,100,40,1,1.0,1300301.0,5045875.0
689,100,45,1,1.0,1300801.0,5045875.0
690,100,50,1,1.0,1301301.0,5045875.0
691,100,55,1,1.0,1301801.0,5045875.0
692,100,60,1,1.0,1302301.0,5045875.0
693,100,65,1,1.0,1302801.0,5045875.0
694,100,70,1,1.0,1303301.0,5045875.0
695,100,75,1,1.0,1303801.0,5045875.0
696,100,80,1,1.0,1304301.0,5045875.0
697,100,85,1,1.0,1304801.0,5045875.0
698,100,90,1,1.0,1305301.0,5045875.0
699,100,95,1,1.0,1305801.0,5045875.0
700,100,100,1,1.0,1306301.0,5045875.0
701,100,105,1,1.0,1306801.0,5045875.0
702,100,110,1,1.0,1307301.0,5045875.0
703,100,115,1,1.0,1307801.0,5045875.0
719,105,25,1,1.0,1298801.0,5045375.0
720,105,30,1,1.0,1299301.0,5045375.0
721,105,35,1,1.0,1299801.0,5045375.0
722,105,40,1,1.0,1300301.0,5045375.0
723,105,45,1,1.0,1300801.0,5045375.0
724,105,50,1,1.0,1301301.0,5045375.0
725,105,55,1,1.0,1301801.0,5045375.0
726,105,60,1,1.0,1302301.0,5045375.0
727,105,65,1,1.0,1302801.0,5045375.0
728,105,70,1,1.0,1303301.0,5045375.0
729,105,75,1,1.0,1303801.0,5045375.0
730,105,80,1,1.0,1304301.0,5045375.0
731,105,85,1,1.0,1304801.0,5045375.0
732,105,90,1,1.0,1305301.0,5045375.0
733,105,95,1,1.0,1305801.0,5045375.0
734,105,100,1,1.0,1306301.0,5045375.0
735,105,105,1,1.0,1306801.0,5045375.0
736,105,110,1,1.0,1307301.0,5045375.0
737,105,115,1,1.0,1307801.0,5045375.0
753,110,25,1,1.0,1298801.0,5044875.0
754,110,30,1,1.0,1299301.0,5044875.0
755,110,35,1,1.0,1299801.0,5044875.0
756,110,40,1,1.0,1300301.0,5044875.0
757,110,45,1,1.0,1300801.0,5044875.0
758,110,50,1,1.0,1301301.0,5044875.0
759,110,55,1,1.0,1301801.0,5044875.0
760,110,60,1,1.0,1302301.0,5044875.0
761,110,65,1,1.0,1302801.0,5044875.0
762,110,70,1,1.0,1303301.0,5044875.0
763,110,75,1,1.0,1303801.0,5044875.0
764,110,80,1,1.0,1304301.0,5044875.0
765,110,85,1,1.0,1304801.0,5044875.0
766,110,90,1,1.0,1305301.0,5044875.0
767,110,95,1,1.0,1305801.0,5044875.0
768,110,100,1,1.0,1306301.0,5044875.0
769,110,105,1,1.0,1306801.0,5044875.0
770,110,110,1,1.0,1307301.0,5044875.0
771,110,115,1,1.0,1307801.0,5044875.0
789,115,35,1,1.0,1299801.0,5044375.0
790,115,40,1,1.0,1300301.0,5044375.0
791,115,45,1,1.0,1300801.0,5044375.0
792,115,50,1,1.0,1301301.0,5044375.0
793,115,55,1,1.0,1301801.0,5044375.0
794,115,60,1,1.0,1302301.0,5044375.0
795,115,65,1,1.0,1302801.0,5044375.0
796,115,70,1,1.0,1303301.0,5044375.0
797,115,75,1,1.0,1303801.0,5044375.0
798,115,80,1,1.0,1304301.0,5044375.0
799,115,85,1,1.0,1304801.0,5044375.0
800,115,90,1,1.0,1305301.0,5044375.0
801,115,95,1,1.0,1305801.0,5044375.0
802,115,100,1,1.0,1306301.0,5044375.0
803,115,105,1,1.0,1306801.0,5044375.0
804,115,110,1,1.0,1307301.0,5044375.0
805,115,115,1,1.0,1307801.0,5044375.0
827,120,55,1,1.0,1301801.0,5043875.0
828,120,60,1,1.0,1302301.0,5043875.0
829,120,65,1,1.0,1302801.0,5043875.0
830,120,70,1,1.0,1303301.0,5043875.0
831,120,75,1,1.0,1303801.0,5043875.0
832,120,80,1,1.0,1304301.0,5043875.0
833,120,85,1,1.0,1304801.0,5043875.0
834,120,90,1,1.0,1305301.0,5043875.0
835,120,95,1,1.0,1305801.0,5043875.0
836,120,100,1,1.0,1306301.0,5043875.0
837,120,105,1,1.0,1306801.0,5043875.0
838,120,110,1,1.0,1307301.0,5043875.0
839,120,115,1,1.0,1307801.0,5043875.0
863,125,65,1,1.0,1302801.0,5043375.0
864,125,70,1,1.0,1303301.0,5043375.0
865,125,75,1,1.0,1303801.0,5043375.0
866,125,80,1,1.0,1304301.0,5043375.0
867,125,85,1,1.0,1304801.0,5043375.0
868,125,90,1,1.0,1305301.0,5043375.0
869,125,95,1,1.0,1305801.0,5043375.0
870,125,100,1,1.0,1306301.0,5043375.0
871,125,105,1,1.0,1306801.0,5043375.0
872,125,110,1,1.0,1307301.0,5043375.0
873,125,115,1,1.0,1307801.0,5043375.0
874,125,120,1,1.0,1308301.0,5043375.0
899,130,75,1,1.0,1303801.0,5042875.0
900,130,80,1,1.0,1304301.0,5042875.0
901,130,85,1,1.0,1304801.0,5042875.0
902,130,90,1,1.0,1305301.0,5042875.0
903,130,95,1,1.0,1305801.0,5042875.0
904,130,100,1,1.0,1306301.0,5042875.0
905,130,105,1,1.0,1306801.0,5042875.0
906,130,110,1,1.0,1307301.0,5042875.0
907,130,115,1,1.0,1307801.0,5042875.0
908,130,120,1,1.0,1308301.0,5042875.0
934,135,80,1,1.0,1304301.0,5042375.0
935,135,85,1,1.0,1304801.0,5042375.0
936,135,90,1,1.0,1305301.0,5042375.0
937,135,95,1,1.0,1305801.0,5042375.0
938,135,100,1,1.0,1306301.0,5042375.0
939,135,105,1,1.0,1306801.0,5042375.0
940,135,110,1,1.0,1307301.0,5042375.0
941,135,115,1,1.0,1307801.0,5042375.0
942,135,120,1,1.0,1308301.0,5042375.0
943,135,125,1,1.0,1308801.0,5042375.0
967,140,75,1,1.0,1303801.0,5041875.0
968,140,80,1,1.0,1304301.0,5041875.0
971,140,95,1,1.0,1305801.0,5041875.0
972,140,100,1,1.0,1306301.0,5041875.0
973,140,105,1,1.0,1306801.0,5041875.0
974,140,110,1,1.0,1307301.0,5041875.0
975,140,115,1,1.0,1307801.0,5041875.0
976,140,120,1,1.0,1308301.0,5041875.0
977,140,125,1,1.0,1308801.0,5041875.0
1004,145,90,1,1.0,1305301.0,5041375.0
1005,145,95,1,1.0,1305801.0,5041375.0
1006,145,100,1,1.0,1306301.0,5041375.0
1007,145,105,1,1.0,1306801.0,5041375.0
1008,145,110,1,1.0,1307301.0,5041375.0
1009,145,115,1,1.0,1307801.0,5041375.0
1010,145,120,1,1.0,1308301.0,5041375.0
1011,145,125,1,1.0,1308801.0,5041375.0
1038,150,90,1,1.0,1305301.0,5040875.0
1039,150,95,1,1.0,1305801.0,5040875.0
1040,150,100,1,1.0,1306301.0,5040875.0
1041,150,105,1,1.0,1306801.0,5040875.0
1042,150,110,1,1.0,1307301.0,5040875.0
1043,150,115,1,1.0,1307801.0,5040875.0
1044,150,120,1,1.0,1308301.0,5040875.0
1045,150,125,1,1.0,1308801.0,5040875.0
1071,155,85,1,1.0,1304801.0,5040375.0
1072,155,90,1,1.0,1305301.0,5040375.0
1073,155,95,1,1.0,1305801.0,5040375.0
1074,155,100,1,1.0,1306301.0,5040375.0
1075,155,105,1,1.0,1306801.0,5040375.0
1076,155,110,1,1.0,1307301.0,5040375.0
1077,155,115,1,1.0,1307801.0,5040375.0
1078,155,120,1,1.0,1308301.0,5040375.0
1107,160,95,1,1.0,1305801.0,5039875.0
1108,160,100,1,1.0,1306301.0,5039875.0
1109,160,105,1,1.0,1306801.0,5039875.0
1110,160,110,1,1.0,1307301.0,5039875.0
1111,160,115,1,1.0,1307801.0,5039875.0
1112,160,120,1,1.0,1308301.0,5039875.0
1140,165,90,1,1.0,1305301.0,5039375.0
1141,165,95,1,1.0,1305801.0,5039375.0
1142,165,100,1,1.0,1306301.0,5039375.0
1143,165,105,1,1.0,1306801.0,5039375.0
1144,165,110,1,1.0,1307301.0,5039375.0
1145,165,115,1,1.0,1307801.0,5039375.0
1146,165,120,1,1.0,1308301.0,5039375.0
1176,170,100,1,1.0,1306301.0,5038875.0
1177,170,105,1,1.0,1306801.0,5038875.0
1178,170,110,1,1.0,1307301.0,5038875.0
1179,170,115,1,1.0,1307801.0,5038875.0
1180,170,120,1,1.0,1308301.0,5038875.0
