,bore_13,bore_315,bore_513,bore_515,bore_butterfields
2018-01-06 12:00:00,324.5447,328.75192,321.42297,322.98636,319.9665
2015-07-22 00:00:00,324.49908,328.58017,321.73465,323.15225,320.16867
2015-07-29 00:00:00,324.42392,328.30948,321.72708,323.116,320.23547
2015-08-05 00:00:00,324.47388,328.2244,321.8384,323.2356,320.4828
2015-08-12 00:00:00,324.3133,327.9869,321.74963,323.08676,320.4343
2015-08-19 00:00:00,324.10117,327.74246,321.4652,322.8743,320.3216
2015-08-26 00:00:00,323.85257,327.46024,321.30585,322.67453,320.18552
2015-09-02 00:00:00,323.6251,327.17795,320.99338,322.39407,320.02652
2015-09-09 00:00:00,323.3422,326.91516,320.62598,322.06406,319.80887
2015-09-16 00:00:00,323.13208,326.73407,320.41226,321.8732,319.63858
2015-09-23 00:00:00,323.06216,326.62476,320.41098,321.80768,319.5572
2015-09-30 00:00:00,323.0299,326.50433,320.37708,321.71286,319.4901
2015-10-07 00:00:00,322.98608,326.43213,320.2576,321.63214,319.40002
2015-10-14 00:00:00,322.92416,326.39453,320.11707,321.50403,319.30133
2015-10-21 00:00:00,322.92703,326.4444,320.0587,321.43707,319.23608
2015-10-28 00:00:00,322.96408,326.52322,320.03668,321.41882,319.1789
2015-11-04 00:00:00,323.01218,326.63553,320.03683,321.42694,319.12723
2015-11-11 00:00:00,323.08932,326.72897,320.16464,321.4952,319.13022
2015-11-18 00:00:00,323.09805,326.7248,320.0649,321.36606,319.08542
2015-11-25 00:00:00,323.0953,326.78906,319.9862,321.35968,318.9968
2015-12-02 00:00:00,323.29938,327.08643,320.08844,321.49872,318.9828
2015-12-09 00:00:00,323.55984,327.4485,320.22647,321.68665,319.00443
2015-12-16 00:00:00,323.7376,327.69904,320.28357,321.7357,319.02316
2015-12-23 00:00:00,323.88892,327.9102,320.42328,321.88504,319.04608
2015-12-30 00:00:00,324.0138,328.0786,320.5121,321.9483,319.09387
2016-01-06 00:00:00,324.13513,328.2515,320.68082,322.1874,319.15988
2016-01-13 00:00:00,324.2216,328.3773,320.7417,322.26062,319.22296
2016-01-20 00:00:00,324.28528,328.46722,320.83136,322.30182,319.2656
2016-01-27 00:00:00,324.37354,328.56876,320.90292,322.3896,319.31665
2016-02-03 00:00:00,324.43332,328.68622,320.89932,322.4679,319.34192
2016-02-10 00:00:00,324.506,328.81958,321.02557,322.62674,319.3909
2016-02-17 00:00:00,324.63943,328.9256,321.30786,322.84116,319.57343
2016-02-24 00:00:00,324.73483,329.0536,321.2314,322.83774,319.56036
2016-03-02 00:00:00,324.75058,329.155,321.2105,322.82977,319.5598
2016-03-09 00:00:00,324.79544,329.27084,321.26004,322.94318,319.6092
2016-03-16 00:00:00,324.90036,329.3738,321.45316,323.09088,319.7024
2016-03-23 00:00:00,325.01953,329.5019,321.48502,323.1549,319.73843
2016-03-30 00:00:00,325.06625,329.6007,321.48224,323.16296,319.75174
2016-04-06 00:00:00,325.18713,329.65317,321.90192,323.43835,319.92487
2016-04-13 00:00:00,325.26813,329.6259,321.96994,323.52164,320.02734
2016-04-20 00:00:00,325.2115,329.50052,322.04834,323.55515,320.10718
2016-04-27 00:00:00,325.0787,329.26074,322.09207,323.54843,320.1802
2016-05-04 00:00:00,324.7845,328.8814,321.85837,323.29837,320.1445
2016-05-11 00:00:00,324.5225,328.60443,321.71982,323.21664,320.27515
2016-05-18 00:00:00,324.6063,328.71304,321.56287,323.17804,320.28903
2016-05-25 00:00:00,324.58246,328.80545,321.4177,323.0576,320.1094
2016-06-01 00:00:00,324.58246,328.81415,321.49792,323.0544,320.05338
2016-06-08 00:00:00,324.74432,328.84454,321.80463,323.2775,320.26932
2016-06-15 00:00:00,324.76657,328.87997,321.64023,323.20477,320.20984
2016-06-22 00:00:00,324.67426,328.86206,321.58,323.14282,320.13007
2016-06-29 00:00:00,324.70068,328.81708,321.77957,323.22943,320.16644
2016-07-06 00:00:00,324.63348,328.60486,321.847,323.21503,320.20197
2016-07-13 00:00:00,324.87576,328.74884,322.05554,323.5684,320.71237
2016-07-20 00:00:00,324.78906,328.77466,321.91858,323.4428,320.62772
2016-07-27 00:00:00,324.81,328.80673,322.02896,323.52652,320.70175
2016-08-03 00:00:00,324.62274,328.64206,321.77283,323.2703,320.5121
2016-08-10 00:00:00,324.38058,328.41235,321.57013,323.07867,320.33246
2016-08-17 00:00:00,324.2436,328.15326,321.6113,323.02408,320.2908
2016-08-24 00:00:00,324.11407,327.85663,321.52133,322.89792,320.2397
2016-08-31 00:00:00,323.88275,327.49036,321.32022,322.66483,320.1405
2016-09-07 00:00:00,323.67822,327.23883,321.0286,322.45142,320.04068
2016-09-14 00:00:00,323.41742,326.98834,320.76855,322.19177,319.85574
2016-09-21 00:00:00,323.25235,326.79175,320.61234,322.01654,319.72095
2016-09-28 00:00:00,323.12903,326.61804,320.48224,321.86047,319.60205
2016-10-05 00:00:00,323.03992,326.4646,320.4015,321.74503,319.5123
2016-10-12 00:00:00,323.04736,326.44952,320.4454,321.7916,319.59232
2016-10-19 00:00:00,322.99142,326.46765,320.20602,321.60855,319.39844
2016-10-26 00:00:00,322.9771,326.5209,320.1531,321.55508,319.29398
2016-11-02 00:00:00,322.99014,326.5551,320.10394,321.47318,319.2083
2016-11-09 00:00:00,323.03137,326.64133,320.10898,321.50443,319.1513
2016-11-16 00:00:00,323.0918,326.79663,320.06348,321.50537,319.0864
2016-11-23 00:00:00,323.19064,327.00427,320.08243,321.54227,319.03375
2016-11-30 00:00:00,323.3699,327.24597,320.1569,321.61984,319.02228
2016-12-07 00:00:00,323.55093,327.50507,320.25916,321.74918,319.02798
2016-12-14 00:00:00,323.75217,327.78668,320.34402,321.86954,319.03152
2016-12-21 00:00:00,323.96204,328.0737,320.47318,322.02875,319.06223
2016-12-28 00:00:00,324.15628,328.36566,320.5848,322.1682,319.09863
2017-01-04 00:00:00,324.33893,328.63327,320.76797,322.36734,319.1665
2017-01-11 00:00:00,324.4746,328.82214,320.86948,322.43683,319.22437
2017-01-18 00:00:00,324.6139,329.0009,320.995,322.5744,319.29944
2017-01-25 00:00:00,324.82037,329.2796,321.09665,322.76276,319.35358
2017-02-01 00:00:00,325.02277,329.57452,321.21204,322.9198,319.40274
2017-02-08 00:00:00,325.21136,329.8678,321.36746,323.1113,319.50284
2017-02-15 00:00:00,325.3754,330.14355,321.44415,323.21857,319.55975
2017-02-22 00:00:00,325.61743,330.38068,321.83875,323.54425,319.70984
2017-03-01 00:00:00,325.84897,330.5051,322.20602,323.8019,319.92487
2017-03-08 00:00:00,325.921,330.52994,322.3018,323.95007,320.09143
2017-03-15 00:00:00,325.86792,330.4332,322.39404,324.00354,320.20352
2017-03-22 00:00:00,325.70135,330.2591,322.2187,323.88123,320.21158
2017-03-29 00:00:00,325.5358,330.04587,322.31705,323.89804,320.30322
2017-04-05 00:00:00,325.44684,329.8209,322.32318,323.88336,320.3697
2017-04-12 00:00:00,325.23538,329.55103,322.23123,323.78394,320.48694
2017-04-19 00:00:00,324.99643,329.28534,322.03442,323.59982,320.375
2017-04-26 00:00:00,324.7613,328.95993,321.9298,323.4517,320.32843
2017-05-03 00:00:00,324.52408,328.6405,321.69968,323.23343,320.22794
2017-05-10 00:00:00,324.27957,328.36475,321.46542,322.9979,320.06625
2017-05-17 00:00:00,324.10162,328.1067,321.333,322.8509,320.06372
2017-05-24 00:00:00,323.99283,327.89297,321.29324,322.7724,320.0942
2017-05-31 00:00:00,323.805,327.6298,321.0456,322.4988,319.79807
2017-06-07 00:00:00,323.6328,327.38168,320.9532,322.38452,319.76065
2017-06-14 00:00:00,323.53003,327.14734,320.916,322.2797,319.679
2017-06-21 00:00:00,323.33453,326.92355,320.5528,322.01715,319.60913
2017-06-28 00:00:00,323.302,326.86014,320.66916,322.06302,319.66672
2017-07-05 00:00:00,323.2311,326.7239,320.55756,321.92688,319.47455
2017-07-12 00:00:00,323.08942,326.52518,320.47498,321.78726,319.37415
2017-07-19 00:00:00,323.41235,326.77502,320.80847,322.1942,319.91165
2017-07-26 00:00:00,323.23962,326.65668,320.59103,321.9511,319.6919
2017-08-02 00:00:00,323.18936,326.58084,320.54077,321.87338,319.48563
2017-08-09 00:00:00,323.259,326.65002,320.6099,321.97546,319.65347
2017-08-16 00:00:00,323.44617,326.85724,320.83246,322.20074,319.93607
2017-08-23 00:00:00,323.2758,326.76733,320.54678,321.91312,319.63834
2017-08-30 00:00:00,323.07327,326.6388,320.25168,321.64603,319.31155
2017-09-06 00:00:00,323.1114,326.71017,320.2993,321.73407,319.35324
2017-09-13 00:00:00,323.08356,326.7478,320.2162,321.6635,319.29538
2017-09-20 00:00:00,323.13303,326.8735,320.18323,321.64758,319.27072
2017-09-27 00:00:00,323.19128,327.03934,320.14914,321.62915,319.1739
2017-10-04 00:00:00,323.25964,327.19147,320.10974,321.58633,318.872
2017-10-11 00:00:00,323.38437,327.36002,320.2322,321.7188,318.98602
2017-10-18 00:00:00,323.47626,327.51263,320.2233,321.74124,318.83392
2017-10-25 00:00:00,323.5539,327.63104,320.2735,321.74826,318.66177
2017-11-01 00:00:00,323.65686,327.72748,320.4566,321.8976,318.7832
2017-11-08 00:00:00,323.86963,327.9092,320.66486,322.12668,319.10468
2017-11-15 00:00:00,323.9952,328.06088,320.72754,322.16367,319.03247
2017-11-22 00:00:00,324.06146,328.1597,320.83755,322.27316,318.94843
2017-11-29 00:00:00,324.0987,328.2077,320.8083,322.2333,318.86954
2017-12-06 00:00:00,324.19388,328.23294,321.1623,322.52594,319.2853
2017-12-13 00:00:00,324.18433,328.20685,321.01434,322.46567,319.0956
2017-12-20 00:00:00,324.02106,328.1203,320.8367,322.30487,318.9781
2017-12-27 00:00:00,323.88626,328.04813,320.69284,322.2223,318.85788
2018-01-03 00:00:00,323.8039,327.99588,320.63947,322.1754,319.019
2018-01-10 00:00:00,323.8107,327.97433,320.68497,322.2212,319.14267
2018-01-17 00:00:00,323.76965,327.9249,320.62564,322.1141,318.80203
2018-01-24 00:00:00,323.7036,327.86118,320.54794,322.05038,318.7291
2018-01-31 00:00:00,323.80872,327.95572,320.79904,322.2821,319.2321
2018-02-07 00:00:00,323.95032,328.14215,320.70786,322.28317,319.26575
2018-02-14 00:00:00,323.97714,328.22366,320.65314,322.2243,318.95456
2018-02-21 00:00:00,324.0048,328.30182,320.5977,322.21036,318.79337
2018-02-28 00:00:00,324.0686,328.42337,320.6168,322.24515,319.03088
2018-03-07 00:00:00,324.18213,328.58188,320.70474,322.35486,319.12857
2018-03-14 00:00:00,324.30695,328.7233,320.86237,322.49612,318.98822
2018-03-21 00:00:00,324.44394,328.8048,321.11517,322.636,319.1132
2018-03-28 00:00:00,324.53287,328.91568,321.06897,322.6902,319.33368
2018-04-04 00:00:00,324.56415,329.00983,321.09042,322.7126,319.2958
2018-04-11 00:00:00,324.70724,329.08112,321.44278,322.96286,319.4913
2018-04-18 00:00:00,324.81635,329.13992,321.44098,323.04056,319.6397
2018-04-25 00:00:00,325.02985,329.32462,321.76392,323.33868,319.96957
2018-05-02 00:00:00,325.034,329.4201,321.62332,323.2688,319.8437
2018-05-09 00:00:00,325.06567,329.5285,321.72446,323.3805,319.97803
2018-05-16 00:00:00,325.12613,329.58804,321.84894,323.45517,320.0092
2018-05-23 00:00:00,325.5962,329.9611,322.36606,324.0333,320.6521
2018-05-30 00:00:00,325.50494,329.96628,322.28665,323.87482,320.34457
2018-06-06 00:00:00,325.442,329.8194,322.36816,323.9043,320.4411
2018-06-13 00:00:00,325.2905,329.56815,322.3371,323.8477,320.4773
2018-06-20 00:00:00,325.07455,329.25104,322.26874,323.75003,320.51303
2018-06-27 00:00:00,324.8249,328.8814,322.1454,323.6019,320.51627
2018-07-04 00:00:00,324.74347,328.64505,322.16364,323.6071,320.61386
2018-07-11 00:00:00,324.5156,328.45532,321.7087,323.3077,320.5772
2018-07-18 00:00:00,324.1779,328.2431,321.36118,322.99832,320.3715
2018-07-25 00:00:00,324.02542,328.11917,321.2065,322.84897,320.26956
2018-08-01 00:00:00,323.90604,328.0213,321.0495,322.68518,320.0445
2018-08-08 00:00:00,323.89142,327.9317,321.16653,322.6845,320.07397
2018-08-15 00:00:00,323.9747,327.84888,321.32477,322.7659,320.15643
2018-08-22 00:00:00,323.89136,327.64767,321.26105,322.65176,320.076
2018-08-29 00:00:00,323.74625,327.37958,321.20056,322.53952,319.9698
2018-09-05 00:00:00,323.55603,327.07803,320.98438,322.332,319.859
2018-09-12 00:00:00,323.31583,326.7736,320.75684,322.11273,319.78235
2018-09-19 00:00:00,323.36368,326.826,320.73013,322.17383,319.9532
2018-09-26 00:00:00,323.30762,326.8202,320.69757,322.1154,319.91846
2018-10-03 00:00:00,323.1691,326.7428,320.43396,321.88528,319.62912
2018-10-10 00:00:00,322.97598,326.61407,320.2196,321.68335,319.46768
2018-10-17 00:00:00,322.90805,326.54544,320.18546,321.60944,319.39218
2018-10-24 00:00:00,322.9029,326.5374,320.1091,321.54834,319.1424
2018-10-31 00:00:00,322.89658,326.56534,320.0034,321.43002,319.01624
2018-11-07 00:00:00,322.9735,326.69995,320.05698,321.49597,319.16544
2018-11-14 00:00:00,323.13678,326.98297,320.05374,321.52426,319.03616
2018-11-21 00:00:00,323.33298,327.28357,320.1225,321.6179,319.04404
2018-11-28 00:00:00,323.54507,327.59497,320.2247,321.7463,318.98306
2018-12-05 00:00:00,323.77313,327.90924,320.3571,321.90552,318.95563
2018-12-12 00:00:00,323.9861,328.19833,320.5139,322.09418,318.979
2018-12-19 00:00:00,324.15738,328.46332,320.63467,322.2421,319.06485
2018-12-26 00:00:00,324.29614,328.7016,320.72614,322.35294,318.93475
2019-01-02 00:00:00,324.42377,328.90924,320.84628,322.46933,318.95358
2019-01-09 00:00:00,324.6213,329.1628,320.98557,322.67044,319.20236
2019-01-16 00:00:00,324.76025,329.38593,321.04556,322.74167,318.96948
2019-01-23 00:00:00,324.91293,329.59363,321.16342,322.89267,319.02115
2019-01-30 00:00:00,325.06638,329.78748,321.2897,323.0289,319.0562
2019-02-06 00:00:00,325.27985,329.9779,321.65714,323.33795,319.49805
2019-02-13 00:00:00,325.4976,330.08044,322.04724,323.61884,319.60468
2019-02-20 00:00:00,325.49246,330.0301,322.01233,323.61154,319.53696
2019-02-27 00:00:00,325.33768,329.88785,321.91534,323.50256,319.54
2019-03-06 00:00:00,325.29276,329.77545,322.08304,323.66132,319.9441
2019-03-13 00:00:00,325.25378,329.63016,322.08624,323.64133,319.89456
2019-03-20 00:00:00,325.14157,329.45355,322.04645,323.58853,319.99524
2019-03-27 00:00:00,325.00137,329.3245,321.84122,323.42737,320.1597
2019-04-03 00:00:00,324.89218,329.32513,321.5476,323.23633,319.86102
2019-04-10 00:00:00,324.94714,329.4253,321.7144,323.38684,320.1566
2019-04-17 00:00:00,324.98645,329.54477,321.5627,323.3096,320.03323
2019-04-24 00:00:00,325.12488,329.68906,321.78815,323.48682,320.13687
2019-05-01 00:00:00,325.33438,329.88095,321.86636,323.5754,320.0855
2019-05-08 00:00:00,325.43063,330.01703,322.01355,323.6854,320.19073
2019-05-15 00:00:00,325.7402,330.27194,322.28012,323.9896,320.5151
2019-05-22 00:00:00,325.81717,330.39056,322.4406,324.08212,320.51065
2019-05-29 00:00:00,326.36005,330.8464,323.0168,324.75998,321.26053
2019-06-05 00:00:00,326.29086,331.06522,322.61838,324.47125,320.85873
2019-06-12 00:00:00,326.3441,331.23126,322.79135,324.61102,320.9391
2019-06-19 00:00:00,326.4986,331.31158,323.10025,324.8082,321.04013
2019-06-26 00:00:00,326.52795,331.22922,323.2387,324.89145,321.12866
2019-07-03 00:00:00,326.41135,331.00217,323.23715,324.8587,321.0811
2019-07-10 00:00:00,326.33212,330.80838,323.38513,324.9861,321.4624
2019-07-17 00:00:00,326.12637,330.5634,323.14392,324.78992,321.42645
2019-07-24 00:00:00,325.80658,330.225,322.96216,324.56366,321.31094
2019-07-31 00:00:00,325.5944,329.87524,322.93704,324.4722,321.25146
2019-08-07 00:00:00,325.26315,329.40692,322.68414,324.20834,321.26007
2019-08-14 00:00:00,324.88693,328.9219,322.3306,323.862,321.07626
2019-08-21 00:00:00,324.63144,328.5251,322.17294,323.67267,321.06973
2019-08-28 00:00:00,324.25027,328.07816,321.71677,323.24936,320.82257
2019-09-04 00:00:00,323.8339,327.64783,321.25525,322.80762,320.42636
2019-09-11 00:00:00,323.55853,327.29486,321.06363,322.57184,320.31964
2019-09-18 00:00:00,323.35623,327.00916,320.7886,322.29993,320.18326
2019-09-25 00:00:00,323.1688,326.7665,320.62552,322.09778,320.02457
2019-10-02 00:00:00,323.08618,326.53998,320.68402,322.01398,319.81265
2019-10-09 00:00:00,322.99884,326.39008,320.39404,321.80032,319.7501
2019-10-16 00:00:00,322.8551,326.3295,320.17007,321.6028,319.61227
2019-10-23 00:00:00,322.82318,326.31693,320.16495,321.55127,319.51733
2019-10-30 00:00:00,322.82147,326.31998,320.08328,321.46906,319.3173
2019-11-06 00:00:00,322.8608,326.36307,320.1369,321.48508,319.31036
2019-11-13 00:00:00,322.99112,326.57928,320.083,321.4866,319.29028
2019-11-20 00:00:00,323.2254,326.97592,320.11752,321.5596,319.22968
2019-11-27 00:00:00,323.51028,327.40573,320.23456,321.71414,318.93536
2019-12-04 00:00:00,324.287,328.2992,320.9981,322.48282,319.7753
2019-12-11 00:00:00,324.9028,329.22903,321.05783,322.6852,319.65945
2019-12-18 00:00:00,325.51483,330.0742,321.50525,323.2043,319.7943
2019-12-25 00:00:00,325.9762,330.70407,321.9613,323.6542,319.9182
2020-01-01 00:00:00,326.32516,331.17752,322.20105,323.97638,319.98212
2020-01-08 00:00:00,326.58078,331.571,322.412,324.26334,320.1744
2020-01-15 00:00:00,326.74323,331.87387,322.53424,324.41568,319.96793
2020-01-22 00:00:00,326.8852,332.09436,322.73343,324.5904,320.0599
2020-01-29 00:00:00,327.04034,332.28928,322.91125,324.79544,320.2301
2020-02-05 00:00:00,327.27493,332.55603,323.2845,325.18835,320.8191
2020-02-12 00:00:00,327.47995,332.80817,323.3152,325.27472,320.72992
2020-02-19 00:00:00,327.62177,332.99985,323.48538,325.46396,320.69638
2020-02-26 00:00:00,327.77567,333.1764,323.67084,325.67404,320.88232
2020-03-04 00:00:00,327.93658,333.3194,323.89484,325.8659,321.20993
2020-03-11 00:00:00,328.02246,333.4392,323.9062,325.94983,321.2806
2020-03-18 00:00:00,328.0935,333.5209,324.09058,326.10193,321.24838
2020-03-25 00:00:00,328.14352,333.53403,324.15662,326.15393,321.41394
2020-04-01 00:00:00,328.13654,333.4924,324.26007,326.24194,321.65848
2020-04-08 00:00:00,328.1635,333.4265,324.4758,326.38184,321.9441
2020-04-15 00:00:00,328.0747,333.27844,324.42017,326.32944,322.02325
2020-04-22 00:00:00,327.8552,333.1194,324.13458,326.157,322.01816
2020-04-29 00:00:00,327.6854,333.00693,324.08273,326.10907,322.04248
2020-05-06 00:00:00,327.62863,332.9716,323.97665,326.02136,322.03442
2020-05-13 00:00:00,327.70825,332.96347,324.1971,326.11783,322.07938
2020-05-20 00:00:00,327.78128,332.89432,324.327,326.19684,322.2105
2020-05-27 00:00:00,327.6838,332.70483,324.342,326.17157,322.26532
2020-06-03 00:00:00,327.50558,332.42493,324.29498,326.08545,322.2465
2020-06-10 00:00:00,327.2077,332.04797,324.14468,325.90433,322.2392
2020-06-17 00:00:00,326.96716,331.6979,324.0504,325.82394,322.41312
2020-06-24 00:00:00,326.5467,331.2581,323.66736,325.44525,322.2131
