,date,hds_g40_0367,hds_g40_0415,hds_g40_0416,hds_g40_0041,hds_g40_0366,hds_up_mang,hds_low_mang,hds_sub_terrace,hds_butterfield,hds_camphill_air,hds_sandypoint,hds_te_awa,hds_haw_town,hds_burdon,hds_ne_moraine,hds_cameron,hds_n_hawflat,hds_hawflat,hds_haw_domain,hds_w_hawflat,hds_s_terrace,hds_mid_e_terrace,hds_mid_terrace,hds_nw_terrace,hds_n_mid_terrace,hds_ne_terrace,riv_h1_flux,riv_h2_flux,riv_h3_flux,riv_c1_flux,riv_gview_flux,riv_john_flux,moraine_top_to_haweaflat,mangawera_to_river_zone,haweaflat_to_main_terrace,haweaflat_to_river_zone,river_zone_to_main_terrace,river_zone_to_sub_terrace,main_terrace_to_sub_terrace,main_terrace_to_clutha,main_terrace_to_sandy_point
0,2002-07-06 12:00:00,319.01822,328.05685,322.18222,321.41754,272.2796,345.3713,329.3481,292.3939,302.31107,304.8363,251.63023,319.60156,326.24527,324.03906,339.74573,327.1475,321.67966,319.7366,319.63208,305.90308,274.29364,299.64758,292.59467,295.04507,296.96463,334.86362,-89622.33,12243.701,4282.0376,-82239.88,3100.0,1500.0,103276.47,3696.561,19568.344,97916.586,31352.715,-7.7495346,5728.815,65179.83,4823.941
1,2001-01-10 00:00:00,319.01862,328.29245,322.31238,321.49667,272.2796,345.3713,329.3481,292.3939,302.31107,304.83737,251.63023,319.60336,327.26376,324.30206,340.63205,327.16287,321.68015,319.73795,319.6905,305.91458,274.29364,299.64758,292.59467,295.0451,296.96463,334.86362,-91048.18,12162.265,4281.804,-82239.88,3100.0,1500.0,143630.16,3696.5244,19595.117,103127.17,31353.076,-7.749634,5728.8223,65179.844,4823.9346
2,2001-01-17 00:00:00,319.02338,328.76163,322.57755,321.71936,272.2796,345.3713,329.34814,292.3939,302.31107,304.8434,251.63023,319.62872,327.8655,324.63452,341.4882,327.33704,321.69135,319.75058,319.81982,305.94757,274.29364,299.64758,292.59467,295.0452,296.96463,334.86362,-94734.46,11956.366,4280.5283,-82239.945,3100.0,1500.0,155027.84,3696.31,19686.002,108789.64,31354.162,-7.7505875,5728.9297,65179.95,4823.9346
3,2001-01-24 00:00:00,319.03473,329.15292,322.77066,321.89627,272.2796,345.3713,329.34814,292.39392,302.31107,304.85107,251.63023,319.67877,328.2143,324.89597,341.86227,327.62448,321.7232,319.77493,319.947,305.98444,274.29364,299.64758,292.59467,295.04553,296.96478,334.86362,-98173.84,11744.166,4277.277,-82240.11,3100.0,1500.0,159375.08,3696.0964,19798.617,112841.8,31354.92,-7.7540207,5729.24,65180.426,4823.935
4,2001-01-31 00:00:00,319.05283,329.4827,322.92206,322.0396,272.2796,345.3713,329.34818,292.39404,302.31107,304.85904,251.63023,319.74042,328.48788,325.12183,342.1048,327.92334,321.7747,319.80865,320.06985,306.0231,274.29364,299.64758,292.59467,295.04617,296.96512,334.86362,-101304.1,11534.732,4272.9814,-82240.85,3100.0,1500.0,162447.11,3695.93,19924.475,116370.84,31354.932,-7.7613373,5729.7954,65181.49,4823.9355
5,2001-02-07 00:00:00,319.07727,329.77252,323.05054,322.16364,272.2796,345.3713,329.34824,292.39426,302.31107,304.867,251.63023,319.8069,328.7168,325.32385,342.29413,328.214,321.84195,319.85,320.18805,306.06274,274.29364,299.64758,292.59467,295.0472,296.96576,334.86362,-104212.17,11330.145,4267.1797,-82242.17,3100.0,1500.0,165075.2,3695.8079,20059.62,119580.31,31353.957,-7.7738037,5730.6157,65183.383,4823.9355
6,2001-02-14 00:00:00,319.10757,330.03342,323.16452,322.27484,272.2796,345.3713,329.3483,292.39462,302.31107,304.87485,251.63023,319.87515,328.92126,325.5079,342.44952,328.4874,321.92117,319.8977,320.30185,306.10294,274.29364,299.6476,292.59467,295.04865,296.9668,334.86362,-106946.13,11130.859,4260.3286,-82244.4,3100.0,1500.0,167295.19,3695.7163,20201.693,122570.64,31351.855,-7.792015,5731.7017,65186.26,4823.9355
7,2001-02-21 00:00:00,319.1432,330.26694,323.27225,322.37915,272.2796,345.3713,329.3484,292.3952,302.31113,304.8826,251.63023,319.94397,329.12994,325.67932,342.57535,328.73877,322.00916,319.95074,320.41196,306.14355,274.29364,299.6476,292.59467,295.05054,296.96826,334.86362,-109571.22,10936.073,4252.435,-82247.78,3100.0,1500.0,169167.36,3695.6462,20349.592,125459.91,31348.555,-7.81649,5733.043,65190.29,4823.9365
8,2001-02-28 00:00:00,319.1837,330.47537,323.37332,322.47842,272.2796,345.3713,329.34848,292.39603,302.31122,304.89023,251.63023,320.01303,329.3115,325.83804,342.67218,328.96768,322.10345,320.00833,320.5183,306.18436,274.29364,299.64764,292.59467,295.0529,296.97018,334.86362,-112101.664,10745.865,4243.4956,-82252.336,3100.0,1500.0,170462.03,3695.5906,20501.709,128163.2,31344.014,-7.8477097,5734.625,65195.52,4823.937
9,2001-03-07 00:00:00,319.2286,330.65558,323.46265,322.56772,272.27963,345.3713,329.3486,292.39713,302.31134,304.8976,251.63023,320.08176,329.45184,325.9767,342.7394,329.1722,322.20197,320.06958,320.6176,306.2244,274.29364,299.6477,292.59467,295.0557,296.97253,334.86362,-114442.84,10565.999,4233.164,-82258.14,3100.0,1500.0,170883.58,3695.5488,20654.78,130536.06,31338.2,-7.8855896,5736.433,65202.06,4823.937
10,2001-03-14 00:00:00,319.27728,330.80875,323.53876,322.6454,272.27966,345.3713,329.34872,292.3985,302.31155,304.9046,251.63023,320.14893,329.55792,326.09576,342.7769,329.35233,322.30255,320.13345,320.70868,306.26306,274.29364,299.6478,292.59467,295.05896,296.9754,334.86362,-116566.04,10398.553,4221.7896,-82265.21,3100.0,1500.0,170614.61,3695.524,20806.168,132581.8,31331.113,-7.930237,5738.443,65209.906,4823.937
11,2001-03-21 00:00:00,319.32904,330.9347,323.6014,322.711,272.2797,345.3713,329.34885,292.40015,302.31177,304.91113,251.63023,320.21338,329.63013,326.1949,342.7843,329.5083,322.40305,320.19888,320.79053,306.29987,274.29364,299.64792,292.59467,295.06265,296.97873,334.86362,-118445.1,10245.871,4209.483,-82273.836,3100.0,1500.0,169692.27,3695.5144,20953.348,134292.33,31322.78,-7.981491,5740.631,65219.07,4823.937
12,2001-03-28 00:00:00,319.38306,331.0325,323.65018,322.76407,272.2798,345.3713,329.34897,292.4021,302.3121,304.91708,251.63023,320.27414,329.66806,326.27316,342.76184,329.6401,322.5016,320.26477,320.8622,306.33432,274.29364,299.6481,292.59467,295.06677,296.9825,334.86362,-120062.3,10109.876,4196.481,-82283.86,3100.0,1500.0,168030.08,3695.5193,21094.336,135649.78,31313.246,-8.038918,5742.9736,65229.523,4823.937
13,2001-04-04 00:00:00,319.43857,331.10242,323.68466,322.80408,272.27985,345.3713,329.3491,292.40436,302.31247,304.92242,251.63023,320.33035,329.67114,326.33032,342.71027,329.74814,322.59644,320.3301,320.92307,306.366,274.29364,299.64835,292.5947,295.07123,296.98672,334.86362,-121400.18,9992.107,4182.8975,-82295.16,3100.0,1500.0,165659.19,3695.5378,21227.258,136634.0,31302.586,-8.102211,5745.4434,65241.215,4823.937
14,2001-04-11 00:00:00,319.49466,331.1443,323.70468,322.83075,272.27997,345.3713,329.3492,292.40692,302.31293,304.92703,251.63023,320.3812,329.63867,326.36594,342.63065,329.83127,322.68604,320.39386,320.97235,306.39453,274.29364,299.64868,292.5947,295.07602,296.99136,334.86362,-122445.484,9894.021,4168.965,-82307.875,3100.0,1500.0,162614.98,3695.5698,21349.893,137236.48,31290.912,-8.170853,5748.005,65254.06,4823.9375
15,2001-04-18 00:00:00,319.55048,331.15796,323.70947,322.84354,272.28012,345.3713,329.34933,292.40973,302.31348,304.9309,251.63023,320.42596,329.57028,326.3796,342.52435,329.889,322.76892,320.45505,321.0095,306.4195,274.29364,299.64908,292.59473,295.08105,296.99634,334.86362,-123179.47,9817.083,4154.2217,-82321.87,3100.0,1500.0,158959.55,3695.6133,21460.895,137449.3,31278.352,-8.244209,5750.6226,65267.918,4823.9375
16,2001-04-25 00:00:00,319.60507,331.14447,323.6991,322.84238,272.28027,345.3713,329.34943,292.41278,302.3141,304.93396,251.63023,320.46402,329.46786,326.37192,342.39313,329.9212,322.844,320.5127,321.03427,306.44064,274.29364,299.6496,292.59473,295.0863,297.00165,334.86362,-123597.54,9761.871,4139.3623,-82336.85,3100.0,1500.0,154848.27,3695.6682,21558.89,137283.02,31265.047,-8.3211975,5753.2646,65282.67,4823.9375
17,2001-05-02 00:00:00,319.6578,331.1043,323.67548,322.82858,272.2805,345.3713,329.34955,292.41608,302.3148,304.93622,251.63023,320.49503,329.35242,326.34604,342.23892,329.92844,322.91037,320.5662,321.04736,306.45798,274.29364,299.6502,292.5948,295.09174,297.00723,334.86362,-123719.89,9727.536,4124.618,-82352.56,3100.0,1500.0,150566.1,3695.7327,21642.39,136819.39,31251.133,-8.401512,5755.9033,65298.21,4823.9375
18,2001-05-09 00:00:00,319.70804,331.03912,323.6455,322.80673,272.28073,345.3713,329.34964,292.41956,302.31552,304.9377,251.63023,320.51898,329.2415,326.3053,342.064,329.9114,322.9675,320.61505,321.05023,306.47165,274.29364,299.65094,292.59482,295.09726,297.01303,334.86362,-123611.13,9711.81,4109.41,-82369.42,3100.0,1500.0,146262.56,3695.8027,21711.264,136169.6,31236.748,-8.483887,5758.515,65314.38,4823.938
19,2001-05-16 00:00:00,319.75534,330.9488,323.60635,322.77615,272.281,345.3713,329.34973,292.42325,302.31638,304.9385,251.63023,320.5363,329.09262,326.2457,341.87064,329.87103,323.01517,320.659,321.04227,306.4816,274.29364,299.65176,292.5949,295.10284,297.019,334.86362,-123257.48,9715.31,4095.0156,-82386.88,3100.0,1500.0,141295.1,3695.877,21764.982,135175.25,31221.996,-8.568275,5761.079,65331.105,4823.938
20,2001-05-23 00:00:00,319.79877,330.83322,323.5514,322.7318,272.28134,345.3713,329.3498,292.42703,302.31726,304.93848,251.63023,320.54654,328.89383,326.163,341.66324,329.80817,323.05267,320.6971,321.02158,306.4871,274.29364,299.65274,292.595,295.10843,297.02512,334.86362,-122590.055,9741.375,4080.7349,-82404.875,3100.0,1500.0,135625.52,3695.958,21801.229,133731.03,31207.111,-8.652954,5763.5483,65348.086,4823.938
21,2001-05-30 00:00:00,319.83792,330.69556,323.478,322.67145,272.28168,345.3713,329.34985,292.43094,302.3182,304.93753,251.63023,320.5491,328.6511,326.0587,341.44348,329.723,323.07968,320.72897,320.98776,306.4879,274.29364,299.6538,292.59512,295.11395,297.03125,334.86362,-121576.23,9791.015,4067.154,-82423.17,3100.0,1500.0,129883.63,3696.0488,21818.979,131863.72,31192.184,-8.737358,5765.906,65365.258,4823.938
22,2001-06-06 00:00:00,319.8722,330.5364,323.39072,322.59784,272.28207,345.3713,329.34988,292.4349,302.31918,304.93573,251.63023,320.54346,328.39398,325.93753,341.2147,329.61694,323.09576,320.75412,320.94238,306.48428,274.29364,299.655,292.59525,295.11932,297.03738,334.86362,-120261.92,9861.763,4053.9187,-82441.73,3100.0,1500.0,124030.31,3696.1465,21818.463,129729.51,31177.37,-8.820869,5768.122,65382.414,4823.938
23,2001-06-13 00:00:00,319.90118,330.35327,323.29947,322.51752,272.2825,345.3713,329.3499,292.43887,302.32022,304.93317,251.63023,320.52975,328.17105,325.80502,340.96317,329.4894,323.10086,320.77237,320.8877,306.47662,274.29364,299.65634,292.59543,295.12454,297.04346,334.86362,-118739.79,9950.003,4041.7305,-82460.19,3100.0,1500.0,118110.22,3696.246,21800.742,127529.29,31162.855,-8.902222,5770.173,65399.402,4823.938
24,2001-06-20 00:00:00,319.92462,330.1227,323.19095,322.42535,272.283,345.37134,329.34995,292.44287,302.32132,304.92984,251.63023,320.50885,327.78104,325.63,340.5656,329.3385,323.0952,320.78357,320.81787,306.4639,274.29364,299.6578,292.59567,295.12955,297.0494,334.86362,-116887.74,10063.429,4030.5828,-82478.586,3100.0,1500.0,106422.03,3696.3472,21763.75,124472.16,31148.77,-8.981033,5772.0356,65416.04,4823.938
25,2001-06-27 00:00:00,319.94156,329.80286,323.0211,322.28394,272.28348,345.37134,329.34995,292.44678,302.3224,304.92487,251.63023,320.47772,327.2153,325.3765,340.058,329.14496,323.0773,320.78583,320.71573,306.44165,274.29364,299.65936,292.59592,295.13422,297.05515,334.86362,-114161.61,10230.6455,4020.2507,-82496.62,3100.0,1500.0,92872.0,3696.483,21694.393,119912.195,31135.084,-9.056015,5773.676,65432.152,4823.938
26,2001-07-04 00:00:00,319.95056,329.4089,322.81815,322.10837,272.284,345.37134,329.34995,292.45062,302.3235,304.91797,251.63023,320.4317,326.67407,325.08047,339.53214,328.89566,323.0437,320.77692,320.58746,306.41013,274.29364,299.66107,292.59625,295.13852,297.0606,334.86362,-110732.89,10444.35,4012.0083,-82513.94,3100.0,1500.0,80484.88,3696.658,21591.021,114899.14,31122.008,-9.126106,5775.045,65447.527,4823.938
27,2001-07-11 00:00:00,319.95074,328.9849,322.6191,321.92886,272.28458,345.37134,329.3499,292.4543,302.3246,304.90973,251.63023,320.37094,326.24567,324.78754,339.01718,328.59613,322.9926,320.7565,320.44778,306.3724,274.29364,299.66284,292.59662,295.14233,297.06577,334.86362,-107072.13,10681.156,4005.623,-82530.54,3100.0,1500.0,71761.87,3696.8398,21461.14,110252.94,31109.91,-9.190056,5776.092,65461.914,4823.938
28,2001-07-18 00:00:00,319.94214,328.54877,322.43307,321.75876,272.28516,345.37134,329.34985,292.4578,302.32568,304.9008,251.63023,320.3004,325.8438,324.4942,338.527,328.26547,322.9252,320.72568,320.3023,306.3305,274.29364,299.66473,292.59702,295.14563,297.07043,334.86362,-103395.89,10929.116,4000.7485,-82546.13,3100.0,1500.0,64460.723,3697.0005,21311.695,105709.58,31099.11,-9.246651,5776.7866,65475.08,4823.938
29,2001-07-25 00:00:00,319.92508,328.1083,322.25534,321.59366,272.28574,345.37137,329.3498,292.46106,302.32675,304.8914,251.63023,320.2243,325.48376,324.20267,338.0652,327.91513,322.8436,320.68546,320.15277,306.28503,274.29364,299.66672,292.5975,295.1483,297.07462,334.86362,-99696.68,11184.804,3997.73,-82560.35,3100.0,1500.0,57948.51,3697.1404,21145.766,101302.34,31089.818,-9.294624,5777.114,65486.793,4823.9385
30,2001-08-01 00:00:00,319.9,327.66254,322.08267,321.43246,272.28635,345.37137,329.3497,292.464,302.3278,304.88168,251.63023,320.14316,325.1301,323.9101,337.637,327.53238,322.7499,320.63666,319.9998,306.23648,274.29364,299.6688,292.59805,295.1503,297.0782,334.86362,-95985.27,11446.415,3997.1475,-82573.02,3100.0,1500.0,52395.836,3697.2617,20965.816,96932.23,31082.184,-9.333565,5777.0684,65496.867,4823.9385
31,2001-08-08 00:00:00,319.8674,327.2147,321.91144,321.273,272.287,345.37137,329.34958,292.46658,302.32877,304.87167,251.63023,320.0579,324.78015,323.61603,337.25095,327.1596,322.64587,320.58005,319.8438,306.18515,274.29364,299.6709,292.59866,295.15164,297.08112,334.86362,-92253.75,11713.061,3997.729,-82583.766,3100.0,1500.0,47534.133,3697.3694,20774.65,92569.14,31076.31,-9.362595,5776.652,65505.15,4823.9385
32,2001-08-15 00:00:00,319.82773,326.78864,321.74362,321.11682,272.2876,345.37137,329.34946,292.46878,302.32968,304.8615,251.63023,319.9692,324.44693,323.33182,336.90558,326.7936,322.533,320.51645,319.68823,306.132,274.29364,299.67307,292.59933,295.15225,297.08337,334.86362,-88558.52,11979.36,4000.401,-82592.734,3100.0,1500.0,44002.68,3697.4636,20575.621,88352.11,31072.293,-9.381195,5775.8735,65511.508,4823.9385
33,2001-08-22 00:00:00,319.7817,326.39038,321.5794,320.96573,272.28824,345.37137,329.3493,292.47058,302.33054,304.8514,251.63023,319.8781,324.13544,323.06198,336.60468,326.44077,322.41315,320.44687,319.53586,306.0779,274.29364,299.67526,292.60007,295.15213,297.0849,334.86362,-84958.47,12240.626,4005.044,-82599.836,3100.0,1500.0,40947.52,3697.5415,20371.219,84385.0,31070.193,-9.389351,5774.7456,65515.867,4823.9385
34,2001-08-29 00:00:00,319.7301,326.01965,321.42444,320.82147,272.28885,345.3714,329.34915,292.47192,302.3313,304.84146,251.63023,319.7857,323.8553,322.80908,336.3501,326.09485,322.28836,320.3725,319.38852,306.0237,274.29364,299.67746,292.60086,295.15134,297.08572,334.86362,-81492.94,12493.696,4011.776,-82604.55,3100.0,1500.0,38594.723,3697.6123,20164.682,80715.625,31070.031,-9.386597,5773.2915,65518.15,4823.9385
35,2001-09-05 00:00:00,319.67383,325.67795,321.28506,320.68912,272.28943,345.3714,329.349,292.4728,302.33194,304.83185,251.63023,319.69318,323.6181,322.57782,336.13998,325.75052,322.16046,320.29443,319.24847,305.97012,274.29364,299.67966,292.60175,295.1498,297.08582,334.86362,-78236.03,12734.853,4019.6697,-82607.195,3100.0,1500.0,37281.035,3697.6577,19958.836,77396.92,31071.791,-9.373512,5771.5356,65518.36,4823.9385
36,2001-09-12 00:00:00,319.61353,325.3808,321.16486,320.57196,272.29,345.3714,329.34885,292.4732,302.3325,304.8227,251.63023,319.6018,323.43445,322.37527,335.97012,325.4509,322.031,320.21368,319.11813,305.918,274.29364,299.68185,292.6027,295.14764,297.08517,334.86362,-75250.74,12960.051,4030.0012,-82607.69,3100.0,1500.0,37172.69,3697.6846,19756.82,74519.87,31075.443,-9.349953,5769.5063,65516.5,4823.9385
37,2001-09-19 00:00:00,319.55023,325.13654,321.06668,320.4731,272.29056,345.3714,329.34866,292.4731,302.33292,304.81415,251.63023,319.51328,323.31183,322.20837,335.85278,-888.0,321.90192,320.13153,319.00046,305.86835,274.29364,299.68396,292.6037,295.14484,297.08383,334.86362,-72605.21,13164.869,4041.0312,-82605.65,3100.0,1500.0,38443.258,3697.6924,19562.484,72159.71,31080.918,-9.316666,5767.238,65512.6,4823.9385
38,2001-09-26 00:00:00,319.4849,324.95316,320.99362,320.39545,272.29108,345.3714,329.3485,292.47256,302.33322,304.80646,251.63023,319.42917,323.25443,322.08154,335.7893,-888.0,321.775,320.0493,318.8977,305.82205,274.29364,299.68604,292.60477,295.14145,297.08182,334.86362,-70357.18,13345.466,4053.1042,-82601.76,3100.0,1500.0,41046.03,3697.6797,19378.723,70364.16,31088.117,-9.274162,5764.771,65506.793,4823.9385
39,2001-10-03 00:00:00,319.4184,324.83453,320.94684,320.34018,272.29156,345.37143,329.34836,292.47156,302.3334,304.79965,251.63023,319.35095,323.26035,321.9962,335.78717,-888.0,321.65182,319.96802,318.81122,305.7798,274.29364,299.68802,292.60587,295.13754,297.07916,334.86362,-68537.35,13499.534,4066.3376,-82595.695,3100.0,1500.0,44777.18,3697.648,19207.795,69137.016,31096.92,-9.223282,5762.1436,65499.133,4823.9385
40,2001-10-10 00:00:00,319.3518,324.78238,320.9262,320.30777,272.292,345.37143,329.34818,292.47012,302.33344,304.79385,251.63023,319.28,323.32443,321.953,335.8561,-888.0,321.53427,319.88907,318.7425,305.74222,274.29364,299.68988,292.60706,295.13318,297.07596,334.86362,-67171.836,13624.957,4080.27,-82587.68,3100.0,1500.0,49304.125,3697.5984,19052.33,68476.91,31107.162,-9.164604,5759.405,65489.81,4823.9385
41,2001-10-17 00:00:00,319.28592,324.79385,320.93005,320.29724,272.2924,345.37143,329.34802,292.46826,302.33337,304.78912,251.63023,319.21735,323.43887,321.9499,336.00888,-888.0,321.42374,319.8133,318.69186,305.70978,274.29364,299.69165,292.60828,295.12842,297.07224,334.86362,-66257.836,13721.04,4094.2026,-82577.72,3100.0,1500.0,54486.32,3697.5325,18913.855,68349.06,31118.668,-9.099411,5756.5903,65478.97,4823.9385
42,2001-10-24 00:00:00,319.22147,324.86453,320.95593,320.3069,272.2927,345.37143,329.3479,292.46603,302.3332,304.7855,251.63023,319.16367,323.5955,321.98358,336.25247,-888.0,321.32175,319.74167,318.65915,305.68274,274.29364,299.69327,292.60953,295.12338,297.06805,334.86362,-65779.24,13787.941,4109.294,-82566.3,3100.0,1500.0,60273.605,3697.4539,18794.045,68710.17,31131.24,-9.0288315,5753.7476,65466.8,4823.9385
43,2001-10-31 00:00:00,319.1592,324.99768,321.00198,320.33527,272.29297,345.37143,329.34778,292.46347,302.33286,304.78293,251.63023,319.1195,323.79086,322.0543,336.6004,-888.0,321.22946,319.67496,318.64456,305.66138,274.29364,299.69473,292.61084,295.1181,297.06348,334.86362,-65727.24,13825.391,4123.9204,-82553.59,3100.0,1500.0,67214.86,3697.3638,18693.787,69558.19,31144.678,-8.953674,5750.92,65453.5,4823.9385
44,2001-11-07 00:00:00,319.0999,325.1928,321.06702,320.38184,272.2932,345.37143,329.34766,292.4606,302.33243,304.78152,251.63023,319.08527,324.0196,322.161,337.04904,-888.0,321.14813,319.61395,318.64865,305.64603,274.29364,299.69604,292.61215,295.11267,297.0586,334.86362,-66102.09,13832.428,4139.014,-82539.71,3100.0,1500.0,74611.63,3697.2637,18614.143,70886.58,31158.77,-8.875572,5748.1445,65439.297,4823.9385
45,2001-11-14 00:00:00,319.04422,325.44226,321.1524,320.44666,272.29337,345.37143,329.34756,292.45746,302.3319,304.78128,251.63023,319.06134,324.2996,322.30402,337.58347,-888.0,321.07886,319.55945,318.6719,305.63705,274.29364,299.6972,292.6135,295.10718,297.0535,334.86362,-66912.47,13808.318,4153.6387,-82524.73,3100.0,1500.0,82894.48,3697.1536,18556.285,72754.03,31173.312,-8.795197,5745.4644,65424.426,4823.9385
46,2001-11-21 00:00:00,318.99295,325.7471,321.26163,320.53268,272.29346,345.37143,329.34747,292.45416,302.33127,304.78226,251.63023,319.0483,324.6429,322.4863,338.1797,-888.0,321.0229,319.51227,318.71606,305.63504,274.29364,299.69818,292.61484,295.1017,297.04825,334.86362,-68206.78,13750.263,4167.4556,-82508.945,3100.0,1500.0,91970.49,3697.0317,18522.06,75234.39,31188.1,-8.714142,5742.917,65409.098,4823.9385
47,2001-11-28 00:00:00,318.9468,326.1031,321.39005,320.63803,272.29352,345.37143,329.3474,292.45068,302.33057,304.78455,251.63023,319.0471,325.0213,322.70175,338.81573,-888.0,320.98157,319.4734,318.7807,305.64023,274.29364,299.699,292.61618,295.09634,297.04294,334.86362,-69967.9,13658.292,4180.343,-82492.7,3100.0,1500.0,102308.53,3696.898,18512.48,78235.06,31202.914,-8.633461,5740.544,65393.57,4823.9385
48,2001-12-05 00:00:00,318.9066,326.5273,321.55814,320.77444,272.2935,345.37143,329.34735,292.4471,302.32974,304.78836,251.63023,319.06003,325.59525,322.99274,339.47763,325.30917,320.95627,319.44382,318.8754,305.65472,274.29364,299.69962,292.61752,295.09116,297.0376,334.86362,-72416.71,13518.873,4192.5327,-82476.12,3100.0,1500.0,116625.664,3696.7468,18533.361,82572.41,31217.611,-8.554489,5738.3765,65378.086,4823.9385
49,2001-12-12 00:00:00,318.87354,327.00784,321.7712,320.95337,272.29343,345.37143,329.34732,292.4435,302.3289,304.7942,251.63023,319.0898,326.22482,323.3299,340.13434,325.6123,320.94955,319.42563,319.0016,305.6799,274.29364,299.70007,292.61887,295.08624,297.03235,334.86362,-75700.69,13326.435,4202.7495,-82459.65,3100.0,1500.0,130884.79,3696.5613,18590.262,87777.34,31232.025,-8.478561,5736.464,65362.9,4823.9385
50,2001-12-19 00:00:00,318.84882,327.47372,321.982,321.14154,272.2933,345.37143,329.34732,292.43994,302.328,304.80164,251.63023,319.1371,326.63852,323.63593,340.61884,325.96033,320.96402,319.4199,319.14038,305.71228,274.29364,299.70038,292.62018,295.0817,297.0273,334.86362,-79318.87,13106.659,4211.3384,-82443.49,3100.0,1500.0,136595.92,3696.363,18675.744,92318.68,31245.742,-8.407173,5734.866,65348.29,4823.9385
51,2001-12-26 00:00:00,318.83252,327.8805,322.15356,321.30096,272.29315,345.37143,329.34735,292.43646,302.32706,304.8095,251.63023,319.19644,326.96573,323.90396,340.9502,326.31293,320.99945,319.42523,319.27567,305.74713,274.29364,299.70047,292.62143,295.07764,297.0226,334.86362,-82706.375,12887.688,4218.651,-82427.79,3100.0,1500.0,140989.27,3696.2,18776.654,96263.516,31258.31,-8.341843,5733.614,65334.566,4823.9385
52,2002-01-02 00:00:00,318.8243,328.24838,322.30435,321.4439,272.29294,345.37143,329.34738,292.43314,302.3261,304.8175,251.63023,319.26215,327.25458,324.15048,341.22937,326.67523,321.05298,319.44016,319.40817,305.78387,274.29364,299.70044,292.62268,295.07413,297.0183,334.86362,-85932.51,12669.987,4223.9897,-82413.38,3100.0,1500.0,145151.06,3696.0732,18889.889,99966.11,31269.494,-8.28347,5732.716,65321.957,4823.9385
53,2002-01-09 00:00:00,318.82382,328.59198,322.45276,321.58252,272.2927,345.3714,329.34744,292.43,302.32516,304.8256,251.63023,319.33167,327.5985,324.3958,341.48178,327.01984,321.1214,319.4637,319.54202,305.82297,274.29364,299.70026,292.62387,295.07117,297.01453,334.86362,-89144.125,12448.596,4228.519,-82399.99,3100.0,1500.0,150407.4,3695.9692,19015.477,103856.484,31279.209,-8.233063,5732.1665,65310.68,4823.9385
54,2002-01-16 00:00:00,318.8309,328.91937,322.60477,321.72424,272.2924,345.3714,329.34753,292.42712,302.32422,304.834,251.63023,319.40506,327.92615,324.63614,341.71576,327.34537,321.20255,319.49557,319.6783,305.86475,274.29364,299.69992,292.625,295.06885,297.01123,334.86362,-92425.54,12220.208,4230.725,-82388.0,3100.0,1500.0,155216.38,3695.8713,19154.125,107759.445,31287.389,-8.191139,5731.9604,65300.88,4823.9385
55,2002-01-23 00:00:00,318.84534,329.2282,322.7495,321.86148,272.29208,345.3714,329.34763,292.42456,302.3233,304.84265,251.63023,319.48215,328.21658,324.86334,341.9319,327.64825,321.29474,319.53525,319.81354,305.90823,274.29364,299.69946,292.62607,295.06714,297.0085,334.86362,-95672.3,11990.817,4231.304,-82377.375,3100.0,1500.0,159205.81,3695.7822,19303.02,111464.36,31293.945,-8.158302,5732.088,65292.684,4823.9385
56,2002-01-30 00:00:00,318.86673,329.50983,322.88315,321.99014,272.29178,345.3714,329.34775,292.42233,302.32245,304.8513,251.63023,319.56177,328.46793,325.0727,342.12808,327.92966,321.396,319.58185,319.94467,305.95242,274.29364,299.6989,292.62708,295.06604,297.00638,334.86362,-98806.836,11765.428,4230.0273,-82368.77,3100.0,1500.0,162432.75,3695.7146,19459.701,114904.95,31298.812,-8.134636,5732.536,65286.2,4823.9385
57,2002-02-06 00:00:00,318.8946,329.7717,323.0047,322.10904,272.2914,345.3714,329.34787,292.42047,302.32166,304.85977,251.63023,319.6424,328.6869,325.26675,342.30228,328.19983,321.5042,319.6344,320.0708,305.99677,274.29364,299.69827,292.628,295.0656,297.00485,334.86362,-101792.03,11546.115,4227.3584,-82361.63,3100.0,1500.0,165200.36,3695.655,19621.635,118102.4,31301.975,-8.120155,5733.286,65281.484,4823.9385
58,2002-02-13 00:00:00,318.92847,330.0149,323.1162,322.2189,272.29108,345.3714,329.348,292.419,302.32092,304.8681,251.63023,319.72302,328.8837,325.44666,342.4522,328.4562,321.61728,319.69208,320.1917,306.04102,274.29364,299.69754,292.62885,295.0658,297.0039,334.86362,-104631.68,11333.795,4223.4126,-82356.67,3100.0,1500.0,167472.23,3695.607,19787.184,121100.125,31303.447,-8.1150055,5734.3145,65278.56,4823.9385
59,2002-02-20 00:00:00,318.96777,330.237,323.2232,322.3233,272.29074,345.3714,329.3481,292.41794,302.32028,304.87625,251.63023,319.80283,329.08746,325.61572,342.5758,328.6956,321.73355,319.7541,320.30807,306.08508,274.29364,299.69678,292.62964,295.06656,297.0036,334.86362,-107355.7,11127.783,4217.4937,-82353.414,3100.0,1500.0,169350.38,3695.5674,19955.564,124009.55,31303.271,-8.118858,5735.602,65277.426,4823.9385
60,2002-02-27 00:00:00,319.012,330.4386,323.32425,322.4231,272.2904,345.37137,329.34827,292.41727,302.31973,304.88422,251.63023,319.88174,329.26855,325.77408,342.67157,328.9168,321.8517,319.8198,320.42004,306.1289,274.29364,299.69598,292.63034,295.06793,297.00388,334.86362,-109981.89,10927.463,4210.7593,-82352.03,3100.0,1500.0,170710.39,3695.5342,20126.322,126747.57,31301.506,-8.131508,5737.1304,65278.086,4823.9385
61,2002-03-06 00:00:00,319.0607,330.6149,323.41498,322.51425,272.29007,345.37137,329.34842,292.41702,302.31927,304.8919,251.63023,319.95944,329.40924,325.91367,342.73825,329.11728,321.97064,319.88858,320.5248,306.17172,274.29364,299.6952,292.63095,295.06985,297.0048,334.86362,-112436.19,10737.793,4202.2847,-82352.66,3100.0,1500.0,171159.61,3695.509,20296.541,129163.64,31298.178,-8.152779,5738.8813,65280.516,4823.9385
62,2002-03-13 00:00:00,319.11322,330.76614,323.49255,322.59387,272.28976,345.37137,329.34854,292.41718,302.3189,304.89923,251.63023,320.03488,329.51572,326.0342,342.7754,329.29565,322.0889,319.95953,320.62088,306.21295,274.29364,299.6944,292.6315,295.07233,297.00626,334.86362,-114658.71,10561.387,4192.998,-82355.0,3100.0,1500.0,170886.16,3695.4956,20464.2,131257.1,31293.318,-8.182442,5740.836,65284.668,4823.939
63,2002-03-20 00:00:00,319.16876,330.89096,323.5569,322.66156,272.2895,345.37137,329.3487,292.41776,302.31866,304.906,251.63023,320.10687,329.58868,326.13507,342.7826,329.4512,322.2048,320.0315,320.70734,306.25208,274.29364,299.69363,292.63196,295.0753,297.0083,334.86362,-116635.8,10400.515,4182.434,-82359.29,3100.0,1500.0,169959.34,3695.4944,20626.805,133011.6,31287.008,-8.21991,5742.9663,65290.492,4823.939
64,2002-03-27 00:00:00,319.22668,330.989,323.60757,322.71686,272.28925,345.37137,329.34882,292.4187,302.31854,304.91223,251.63023,320.1747,329.62775,326.21558,342.76007,329.58347,322.31708,320.10367,320.78348,306.2887,274.29364,299.6929,292.63235,295.07874,297.01086,334.86362,-118347.8,10256.482,4170.358,-82365.484,3100.0,1500.0,168292.11,3695.5054,20782.47,134418.44,31279.328,-8.265053,5745.248,65297.91,4823.939
65,2002-04-03 00:00:00,319.28604,331.05936,323.64383,322.75897,272.28903,345.37137,329.34897,292.42004,302.31854,304.91782,251.63023,320.2373,329.6318,326.27478,342.70847,329.6923,322.42404,320.1749,320.8483,306.32236,274.29364,299.6922,292.6327,295.08258,297.01392,334.86365,-119771.914,10131.639,4158.7515,-82373.25,3100.0,1500.0,165909.25,3695.5286,20928.512,135450.42,31270.408,-8.316864,5747.6445,65306.805,4823.939
66,2002-04-10 00:00:00,319.3461,331.1019,323.6653,322.78757,272.28888,345.37137,329.3491,292.42175,302.31863,304.92267,251.63023,320.29413,329.60016,326.3124,342.62878,329.77682,322.5246,320.2444,320.90134,306.35272,274.29364,299.69162,292.63297,295.0868,297.01746,334.86365,-120896.375,10026.788,4145.05,-82382.85,3100.0,1500.0,162854.77,3695.5635,21063.69,136099.4,31260.342,-8.374802,5750.135,65317.07,4823.939
67,2002-04-17 00:00:00,319.40585,331.11667,323.6717,322.80222,272.28873,345.37137,329.3492,292.4238,302.31882,304.92673,251.63023,320.34433,329.53287,326.3282,342.52252,329.83618,322.6173,320.31104,320.94196,306.3794,274.29364,299.6911,292.63315,295.09128,297.02136,334.86365,-121706.55,9943.39,4131.699,-82393.63,3100.0,1500.0,159214.72,3695.61,21186.184,136358.81,31249.28,-8.437965,5752.6816,65328.543,4823.939
68,2002-04-24 00:00:00,319.46457,331.10443,323.66296,322.80298,272.28867,345.37137,329.34933,292.42612,302.31912,304.93,251.63023,320.38748,329.43173,326.32266,342.39127,329.87036,322.7014,320.37408,320.9701,306.40216,274.29364,299.69067,292.6333,295.09607,297.02567,334.86365,-122199.4,9882.023,4118.116,-82405.86,3100.0,1500.0,155083.6,3695.6665,21294.53,136236.83,31237.367,-8.505623,5755.255,65341.113,4823.939
69,2002-05-01 00:00:00,319.52136,331.06543,323.6417,322.7914,272.28864,345.37137,329.34946,292.42874,302.31952,304.93246,251.63023,320.42316,329.32153,326.29932,342.2371,329.87955,322.77588,320.4327,320.98642,306.421,274.29364,299.69037,292.6334,295.101,297.03027,334.86365,-122398.01,9841.807,4104.4204,-82419.336,3100.0,1500.0,150836.81,3695.732,21388.043,135830.06,31224.771,-8.576851,5757.822,65354.598,4823.939
70,2002-05-08 00:00:00,319.5757,331.00153,323.61395,322.77185,272.28864,345.37137,329.34955,292.4316,302.32,304.93414,251.63023,320.45154,329.21158,326.26077,342.06204,329.86444,322.84058,320.48654,320.99234,306.4362,274.29364,299.6902,292.63345,295.10608,297.03516,334.86365,-122362.82,9820.277,4090.6025,-82433.65,3100.0,1500.0,146504.22,3695.8027,21467.873,135226.17,31211.621,-8.6511,5760.361,65368.86,4823.939
71,2002-05-15 00:00:00,319.6271,330.9125,323.57626,322.74295,272.2887,345.37137,329.34964,292.4347,302.3206,304.9351,251.63023,320.47302,329.06226,326.20273,341.86884,329.82605,322.8952,320.53528,320.9871,306.44748,274.29364,299.69012,292.63345,295.11127,297.04025,334.86365,-122072.55,9818.624,4077.0205,-82448.92,3100.0,1500.0,141477.31,3695.878,21532.121,134262.33,31198.049,-8.727539,5762.8506,65383.773,4823.939
72,2002-05-22 00:00:00,319.67456,330.79828,323.5222,322.69986,272.28882,345.37137,329.3497,292.43796,302.32126,304.93524,251.63023,320.4871,328.86276,326.12146,341.6615,329.76508,322.9391,320.57794,320.9688,306.45428,274.29364,299.6902,292.63345,295.11646,297.0455,334.86365,-121457.82,9840.039,4063.4377,-82464.65,3100.0,1500.0,135790.12,3695.9592,21578.55,132846.08,31184.283,-8.804619,5765.248,65399.066,4823.939
73,2002-05-29 00:00:00,319.7177,330.66202,323.44968,322.6407,272.28897,345.37137,329.34976,292.44135,302.322,304.93445,251.63023,320.49313,328.6208,326.0188,341.4418,329.68173,322.97195,320.61417,320.93735,306.45636,274.29364,299.69037,292.63342,295.12158,297.0508,334.86365,-120495.11,9885.18,4050.552,-82481.234,3100.0,1500.0,130046.2,3696.0508,21606.045,131013.08,31170.406,-8.882126,5767.536,65414.633,4823.939
74,2002-06-05 00:00:00,319.75595,330.5038,323.36377,322.5685,272.28918,345.37137,329.34982,292.4448,302.32278,304.9328,251.63023,320.4907,328.3653,325.8992,341.213,329.57712,322.99347,320.64352,320.8942,306.45392,274.29364,299.6907,292.6334,295.12662,297.05618,334.86365,-119232.25,9951.543,4038.3633,-82497.77,3100.0,1500.0,124162.695,3696.149,21614.877,128913.51,31156.598,-8.958862,5769.685,65430.277,4823.939
75,2002-06-12 00:00:00,319.78888,330.32153,323.2742,322.4898,272.28946,345.37137,329.34985,292.44833,302.32364,304.93036,251.63023,320.48004,328.14612,325.7686,340.96152,329.45087,323.0036,320.66583,320.8417,306.4474,274.29364,299.6912,292.63336,295.1315,297.0615,334.86365,-117762.67,10035.824,4026.7517,-82514.75,3100.0,1500.0,118281.91,3696.2488,21606.174,126759.2,31143.025,-9.033981,5771.6724,65445.844,4823.939
76,2002-06-19 00:00:00,319.81616,330.09186,323.1669,322.39914,272.28973,345.3714,329.34988,292.4519,302.32455,304.9272,251.63023,320.46204,327.75443,325.59473,340.56396,329.30124,323.0027,320.68103,320.77386,306.43582,274.29364,299.69177,292.63333,295.13617,297.0667,334.86365,-115959.234,10145.057,4016.4207,-82531.33,3100.0,1500.0,106570.91,3696.3499,21577.879,123724.51,31129.834,-9.106689,5773.4746,65461.13,4823.939
77,2002-06-26 00:00:00,319.8369,329.7723,322.99786,322.25876,272.2901,345.3714,329.34988,292.4554,302.32547,304.92233,251.63023,320.43353,327.18912,325.34192,340.05624,329.10938,322.98917,320.68713,320.67343,306.41455,274.29364,299.69254,292.6333,295.14056,297.07178,334.86368,-113276.68,10308.852,4007.1333,-82547.695,3100.0,1500.0,92978.06,3696.4858,21516.734,119181.06,31116.984,-9.176086,5775.0596,65475.973,4823.939
78,2002-07-03 00:00:00,319.84964,329.37936,322.79575,322.0841,272.29047,345.3714,329.34988,292.45886,302.32642,304.91556,251.63023,320.38995,326.64975,325.0472,339.53046,328.8615,322.9597,320.68195,320.54688,306.384,274.29364,299.6934,292.6333,295.1446,297.0766,334.86368,-109883.734,10519.131,3999.123,-82563.69,3100.0,1500.0,80599.49,3696.6606,21421.281,114205.99,31104.701,-9.240936,5776.375,65490.14,4823.939
79,2002-07-10 00:00:00,319.8535,328.95642,322.59805,321.9059,272.2909,345.3714,329.34985,292.4622,302.3274,304.9074,251.63023,320.3315,326.22275,324.7557,339.01553,328.5634,322.91245,320.66513,320.40897,306.34732,274.29364,299.69437,292.63333,295.14816,297.08112,334.86368,-106266.94,10752.441,3992.97,-82578.99,3100.0,1500.0,71875.03,3696.843,21299.139,109593.07,31093.354,-9.29985,5777.3716,65503.383,4823.939
80,2002-07-17 00:00:00,319.84848,328.5213,322.413,321.737,272.29132,345.3714,329.3498,292.46533,302.32834,304.8986,251.63023,320.2628,325.82205,324.46368,338.5253,328.23407,322.8487,320.63782,320.26517,306.30637,274.29364,299.69547,292.6334,295.15118,297.0852,334.86368,-102630.61,10996.939,3988.7883,-82593.19,3100.0,1500.0,64576.91,3697.0032,21157.145,105079.63,31083.268,-9.351707,5778.019,65515.457,4823.939
81,2002-07-24 00:00:00,319.83493,328.0812,322.23608,321.57288,272.2918,345.3714,329.34973,292.46826,302.32928,304.8893,251.63023,320.18854,325.4625,324.17316,338.0635,327.88345,322.77054,320.60092,320.11716,306.2618,274.29364,299.69666,292.63348,295.15363,297.0888,334.86368,-98966.875,11249.359,3986.1208,-82606.234,3100.0,1500.0,58055.426,3697.143,20998.475,100696.84,31074.64,-9.395256,5778.303,65526.137,4823.939
82,2002-07-31 00:00:00,319.81326,327.6355,322.06424,321.41263,272.2923,345.37143,329.34964,292.4709,302.33023,304.8797,251.63023,320.1092,325.10928,323.88135,337.63525,327.50204,322.68005,320.55536,319.96558,306.21417,274.29364,299.69797,292.6336,295.1554,297.09183,334.86368,-95289.34,11508.087,3986.0056,-82617.6,3100.0,1500.0,52484.43,3697.264,20826.445,96348.52,31067.637,-9.429985,5778.2163,65535.234,4823.9395
83,2002-08-07 00:00:00,319.78394,327.1886,321.89383,321.25436,272.2928,345.37143,329.34955,292.47318,302.3311,304.86978,251.63023,320.02567,324.76,323.58832,337.24918,327.13077,322.57898,320.50186,319.81094,306.16373,274.29364,299.6993,292.6338,295.15652,297.09424,334.86368,-91591.31,11771.89,3986.9353,-82627.69,3100.0,1500.0,47612.754,3697.3726,20642.56,92006.836,31062.355,-9.454979,5777.7627,65542.59,4823.9395
84,2002-08-14 00:00:00,319.74744,326.76328,321.7266,321.09885,272.2933,345.37143,329.34943,292.47513,302.3319,304.8597,251.63023,319.93866,324.42725,323.30508,336.90375,326.76593,322.46893,320.44122,319.6567,306.1114,274.29364,299.70074,292.63403,295.15695,297.09598,334.86368,-87926.22,12035.458,3990.533,-82635.414,3100.0,1500.0,44082.547,3697.4668,20449.586,87813.36,31058.893,-9.469856,5776.95,65548.08,4823.94
85,2002-08-21 00:00:00,319.7045,326.36594,321.56293,320.9483,272.29382,345.37143,329.34927,292.47665,302.33267,304.84967,251.63023,319.84912,324.11603,323.03616,336.6029,326.41425,322.35175,320.37454,319.50555,306.05817,274.29364,299.7022,292.6343,295.15665,297.09705,334.8637,-84352.72,12294.262,3995.2937,-82641.44,3100.0,1500.0,41015.863,3697.5469,20251.455,83867.305,31057.31,-9.474503,5775.792,65551.59,4823.94
86,2002-08-28 00:00:00,319.65594,325.9959,321.40848,320.80478,272.29434,345.37143,329.34912,292.47775,302.3333,304.8398,251.63023,319.7582,323.8366,322.78424,336.34833,326.06528,322.22946,320.30295,319.3595,306.00473,274.29364,299.7037,292.63467,295.15567,297.0974,334.8637,-80914.11,12544.759,4002.3735,-82645.23,3100.0,1500.0,38659.766,3697.6157,20050.277,80217.055,31057.629,-9.468552,5774.3105,65553.086,4823.94
87,2002-09-04 00:00:00,319.60254,325.65485,321.27008,320.67322,272.29483,345.37146,329.34897,292.4784,302.3339,304.8303,251.63023,319.66705,323.6003,322.55383,336.1382,325.7252,322.10394,320.2276,319.22058,305.9519,274.29364,299.70523,292.63507,295.15402,297.09705,334.8637,-77683.945,12783.452,4010.8467,-82647.1,3100.0,1500.0,37337.53,3697.661,19849.773,76925.734,31059.844,-9.452377,5772.529,65552.54,4823.94
88,2002-09-11 00:00:00,319.54504,325.3587,321.1506,320.55682,272.29532,345.37146,329.34882,292.47858,302.33435,304.8212,251.63023,319.577,323.41742,322.35233,335.96832,325.4269,321.97675,320.1494,319.0914,305.9005,274.29364,299.70673,292.63553,295.15167,297.096,334.8637,-74724.414,13006.497,4020.7117,-82646.62,3100.0,1500.0,37224.484,3697.688,19653.135,74069.29,31063.922,-9.426041,5770.475,65549.96,4823.94
89,2002-09-18 00:00:00,319.48453,325.1156,321.0532,320.4588,272.29578,345.37146,329.34866,292.4783,302.33472,304.81277,251.63023,319.4898,323.29578,322.1866,335.85117,-888.0,321.84988,320.06985,318.97495,305.85162,274.29364,299.7082,292.63605,295.14874,297.09427,334.8637,-72106.0,13208.97,4032.2063,-82644.11,3100.0,1500.0,38494.234,3697.6953,19463.885,71731.62,31069.787,-9.389984,5768.1875,65545.39,4823.94
90,2002-09-25 00:00:00,319.42178,324.93265,320.98077,320.3818,272.2962,345.37146,329.34848,292.47757,302.33493,304.8051,251.63023,319.4069,323.239,322.06058,335.78766,-888.0,321.72498,319.99005,318.8732,305.80603,274.29364,299.7096,292.63663,295.14523,297.0919,334.8637,-69880.44,13387.53,4045.0933,-82639.38,3100.0,1500.0,41099.12,3697.683,19284.703,69952.84,31077.371,-9.344933,5765.699,65538.93,4823.94
91,2002-10-02 00:00:00,319.35782,324.81494,320.9346,320.3272,272.2966,345.37146,329.34833,292.47638,302.33505,304.79837,251.63023,319.32977,323.2458,321.9762,335.78546,-888.0,321.60373,319.91113,318.78775,305.7644,274.29364,299.71094,292.63724,295.1412,297.0889,334.86374,-68082.734,13539.867,4058.2136,-82632.57,3100.0,1500.0,44831.25,3697.6514,19118.158,68743.78,31086.53,-9.29155,5763.051,65530.65,4823.94
92,2002-10-09 00:00:00,319.2936,324.764,320.91464,320.29544,272.29697,345.37146,329.34818,292.47476,302.33502,304.79266,251.63023,319.2599,323.3108,321.9341,335.8546,-888.0,321.48795,319.83438,318.72003,305.7275,274.29364,299.7122,292.6379,295.13672,297.08533,334.86374,-66738.914,13663.405,4072.257,-82623.914,3100.0,1500.0,49359.555,3697.6018,18966.844,68102.195,31097.105,-9.230759,5760.2896,65520.72,4823.94
93,2002-10-16 00:00:00,319.22995,324.7766,320.91916,320.28558,272.29727,345.37146,329.34802,292.47275,302.3349,304.788,251.63023,319.1982,323.42615,321.93204,336.0076,-888.0,321.37915,319.76077,318.6704,305.6957,274.29364,299.71332,292.63864,295.13187,297.08127,334.86374,-65845.93,13757.606,4087.003,-82613.52,3100.0,1500.0,54544.664,3697.5364,18832.754,67992.516,31108.94,-9.163422,5757.457,65509.31,4823.94
94,2002-10-23 00:00:00,319.16766,324.84842,320.94568,320.29587,272.29752,345.37146,329.34787,292.47034,302.33463,304.7844,251.63023,319.1455,323.58368,321.9668,336.2513,-888.0,321.27878,319.69116,318.63867,305.66928,274.29364,299.71436,292.63937,295.1267,297.07675,334.86374,-65387.914,13822.777,4102.0967,-82601.5,3100.0,1500.0,60327.895,3697.4575,18716.979,68371.234,31121.814,-9.090744,5754.5957,65496.582,4823.94
95,2002-10-30 00:00:00,319.10745,324.98282,320.99237,320.3249,272.29773,345.37146,329.34775,292.46762,302.33426,304.78192,251.63023,319.10226,323.77997,322.03854,336.59937,-888.0,321.18808,319.6264,318.62506,305.64853,274.29364,299.71527,292.64017,295.12134,297.0719,334.86374,-65355.605,13858.494,4116.8374,-82587.97,3100.0,1500.0,67267.984,3697.3677,18620.475,69236.586,31135.543,-9.013733,5751.7485,65482.75,4823.94
96,2002-11-06 00:00:00,319.05008,325.17892,321.05798,320.37204,272.29785,345.37146,329.34763,292.46463,302.33377,304.78055,251.63023,319.06888,324.00943,322.14618,337.0481,-888.0,321.10822,319.56726,318.63007,305.6338,274.29364,299.716,292.641,295.1158,297.0667,334.86377,-65749.05,13863.994,4131.931,-82573.375,3100.0,1500.0,74667.51,3697.2676,18544.332,70580.195,31149.916,-8.933647,5748.957,65468.03,4823.9404
97,2002-11-13 00:00:00,318.9963,325.4294,321.1439,320.4374,272.29794,345.37146,329.34753,292.46136,302.33322,304.78036,251.63023,319.0458,324.29,322.29007,337.58267,-888.0,321.0404,319.51456,318.65417,305.62537,274.29364,299.7166,292.6418,295.11023,297.06134,334.86377,-66576.91,13838.351,4146.7905,-82557.86,3100.0,1500.0,82943.77,3697.1572,18489.734,72462.2,31164.725,-8.851555,5746.259,65452.65,4823.9404
98,2002-11-20 00:00:00,318.94684,325.73523,321.25372,320.52396,272.29797,345.37146,329.34747,292.45792,302.33252,304.7814,251.63023,319.03354,324.6341,322.47324,338.17902,-888.0,320.98584,319.46912,318.69922,305.62393,274.29364,299.71707,292.64267,295.10468,297.05582,334.86377,-67887.96,13778.753,4160.8384,-82541.44,3100.0,1500.0,92026.16,3697.0354,18458.459,74957.03,31179.76,-8.768753,5743.697,65436.832,4823.9404
99,2002-11-27 00:00:00,318.90237,326.0921,321.38266,320.62982,272.29797,345.37146,329.34738,292.45435,302.33176,304.78372,251.63023,319.03308,325.01303,322.68948,338.81516,-888.0,320.9459,319.4319,318.76465,305.6296,274.29364,299.71738,292.6435,295.0992,297.05023,334.86377,-69665.375,13685.511,4173.9565,-82524.66,3100.0,1500.0,102352.68,3696.9019,18452.086,77970.22,31194.82,-8.686462,5741.305,65420.83,4823.9404
100,2002-12-04 00:00:00,318.86377,326.51715,321.55118,320.76666,272.29788,345.37146,329.34735,292.45065,302.33093,304.78757,251.63023,319.04694,325.58728,322.9812,339.47714,325.29684,320.92194,319.4039,318.86014,305.64453,274.29364,299.7175,292.64435,295.09393,297.04462,334.8638,-72128.72,13544.828,4185.9136,-82507.84,3100.0,1500.0,116663.63,3696.7507,18476.033,82316.91,31209.76,-8.605881,5739.1187,65404.883,4823.9404
101,2002-12-11 00:00:00,318.8323,326.9985,321.76447,320.94592,272.29776,345.37146,329.34732,292.44696,302.33002,304.79343,251.63023,319.0774,326.2174,323.31906,340.13388,325.60117,320.9165,319.38724,318.9871,305.67014,274.29364,299.71747,292.64517,295.08893,297.03915,334.8638,-75425.49,13351.273,4196.7104,-82490.85,3100.0,1500.0,130924.17,3696.566,18535.412,87535.5,31224.404,-8.5284195,5737.1865,65389.227,4823.9404
102,2002-12-18 00:00:00,318.80905,327.46506,321.97568,321.1345,272.29758,345.37146,329.34732,292.44327,302.3291,304.80093,251.63023,319.12527,326.63184,323.6258,340.6184,325.95035,320.93222,319.383,319.12662,305.70297,274.29364,299.71725,292.646,295.08432,297.0339,334.8638,-79057.27,13130.342,4205.883,-82474.06,3100.0,1500.0,136640.77,3696.368,18623.266,92090.086,31238.348,-8.455551,5735.572,65374.17,4823.941
103,2002-12-25 00:00:00,318.79422,327.87253,322.14764,321.29434,272.29733,345.37146,329.34735,292.43967,302.32812,304.80884,251.63023,319.18524,326.9597,323.89453,340.94983,326.30258,320.9689,319.38977,319.26263,305.73828,274.29364,299.71692,292.64676,295.0802,297.029,334.8638,-82458.31,12910.143,4213.194,-82458.336,3100.0,1500.0,141031.9,3696.2048,18726.44,96046.91,31251.125,-8.388809,5734.3037,65360.008,4823.9414
104,2003-01-01 00:00:00,318.78738,328.24088,322.29874,321.43762,272.2971,345.37146,329.34738,292.43625,302.32715,304.81686,251.63023,319.25153,327.24884,324.14154,341.22903,326.66525,321.02365,319.40607,319.39578,305.77545,274.29364,299.7164,292.64752,295.07663,297.0245,334.86383,-85696.71,12691.558,4218.8813,-82443.26,3100.0,1500.0,145193.88,3696.0781,18841.82,99759.32,31262.508,-8.329124,5733.3936,65346.98,4823.9414
105,2003-01-08 00:00:00,318.78824,328.5849,322.4473,321.57648,272.29678,345.37146,329.34744,292.433,302.32614,304.825,251.63023,319.32156,327.5925,324.3872,341.48148,327.0104,321.09332,319.43094,319.53018,305.81494,274.29364,299.7158,292.64822,295.0736,297.02048,334.86383,-88918.04,12469.09,4222.8296,-82429.35,3100.0,1500.0,150440.03,3695.9736,18969.412,103655.58,31272.404,-8.27742,5732.8335,65335.285,4823.9414
106,2003-01-15 00:00:00,318.79657,328.91257,322.59958,321.71844,272.29642,345.37146,329.34753,292.43005,302.3252,304.83347,251.63023,319.39545,327.92062,324.62796,341.71545,327.33652,321.17566,319.46408,319.66705,305.8571,274.29364,299.71503,292.64886,295.0712,297.01703,334.86383,-92209.5,12239.856,4225.502,-82416.734,3100.0,1500.0,155250.64,3695.8765,19109.975,107567.72,31280.762,-8.234291,5732.616,65325.08,4823.9414
107,2003-01-22 00:00:00,318.81223,329.22186,322.7446,321.856,272.29605,345.37146,329.34763,292.42743,302.32425,304.8421,251.63023,319.47302,328.21152,324.85562,341.9316,327.6401,321.269,319.505,319.80283,305.9009,274.29364,299.71414,292.64944,295.06943,297.0141,334.86383,-95466.51,12009.582,4226.081,-82405.83,3100.0,1500.0,159243.62,3695.7874,19260.602,111282.09,31287.488,-8.200264,5732.7334,65316.504,4823.9414
108,2003-01-29 00:00:00,318.83487,329.50394,322.8785,321.98492,272.2957,345.37143,329.34775,292.4251,302.32333,304.85077,251.63023,319.55307,328.4633,325.06543,342.1278,327.92197,321.37146,319.55283,319.9345,305.9455,274.29364,299.7132,292.65,295.0683,297.0118,334.86386,-98611.24,11783.346,4224.6875,-82396.69,3100.0,1500.0,162470.5,3695.7195,19418.422,114732.08,31292.516,-8.17556,5733.172,65309.637,4823.942
109,2003-02-05 00:00:00,318.86395,329.76608,323.00034,322.10413,272.2953,345.37143,329.34787,292.4232,302.32254,304.85928,251.63023,319.63416,328.6826,325.25986,342.302,328.19238,321.48077,319.60657,320.06113,305.99017,274.29364,299.71216,292.65045,295.0678,297.0101,334.86386,-101605.72,11563.376,4222.598,-82389.34,3100.0,1500.0,165236.44,3695.6602,19582.062,117937.445,31295.828,-8.160034,5733.9116,65304.543,4823.942
110,2003-02-12 00:00:00,318.89893,330.00952,323.11203,322.2142,272.2949,345.37143,329.348,292.42163,302.32178,304.86765,251.63023,319.71515,328.87927,325.4401,342.45197,328.4491,321.59494,319.66534,320.18246,306.03473,274.29364,299.71106,292.65085,295.06793,297.009,334.86386,-104453.45,11350.174,4218.305,-82383.84,3100.0,1500.0,167503.47,3695.6118,19749.285,120941.36,31297.445,-8.153938,5734.9297,65301.25,4823.942
111,2003-02-19 00:00:00,318.93933,330.23184,323.21918,322.31876,272.2945,345.37143,329.3481,292.4205,302.3211,304.8758,251.63023,319.79535,329.08307,325.60938,342.57556,328.68884,321.71225,319.72842,320.29922,306.07904,274.29364,299.70993,292.65118,295.06866,297.00854,334.8639,-107185.07,11143.47,4212.9663,-82380.16,3100.0,1500.0,169377.84,3695.573,19919.088,123855.99,31297.408,-8.156815,5736.2085,65299.766,4823.942
112,2003-02-26 00:00:00,318.98462,330.4337,323.32034,322.4187,272.2941,345.37143,329.34827,292.41977,302.32053,304.8838,251.63023,319.8746,329.26443,325.76797,342.67136,328.91037,321.8314,319.79517,320.4116,306.12314,274.29364,299.7088,292.65146,295.06998,297.00867,334.8639,-109817.875,10942.648,4205.8823,-82378.375,3100.0,1500.0,170738.92,3695.5396,20091.3,126599.82,31295.785,-8.168526,5737.7236,65300.08,4823.9424
113,2003-03-05 00:00:00,319.03433,330.61023,323.41122,322.51007,272.2937,345.37143,329.34842,292.41943,302.32007,304.8915,251.63023,319.95264,329.40533,325.90787,342.73804,329.11124,321.9513,319.86496,320.51672,306.1662,274.29364,299.70764,292.65164,295.07187,297.0094,334.8639,-112279.195,10752.171,4197.8745,-82378.79,3100.0,1500.0,171188.39,3695.5142,20263.006,129022.77,31292.592,-8.188889,5739.461,65302.152,4823.943
114,2003-03-12 00:00:00,319.08786,330.76172,323.48898,322.58984,272.29337,345.37143,329.34854,292.41953,302.31967,304.89883,251.63023,320.02838,329.51196,326.0287,342.77518,329.28992,322.0705,319.93686,320.61316,306.20764,274.29364,299.7065,292.65176,295.07428,297.01074,334.8639,-114508.19,10575.265,4188.3535,-82380.81,3100.0,1500.0,170913.64,3695.5007,20431.854,131121.92,31287.875,-8.21772,5741.4023,65305.96,4823.9424
115,2003-03-19 00:00:00,319.14438,330.8867,323.55347,322.6577,272.29303,345.3714,329.3487,292.42004,302.31943,304.90564,251.63023,320.10068,329.58508,326.12973,342.7824,329.44574,322.18726,320.00974,320.69995,306.24698,274.29364,299.7054,292.6518,295.0772,297.01263,334.86392,-116491.984,10413.817,4178.022,-82384.805,3100.0,1500.0,169984.11,3695.5,20595.846,132881.31,31281.703,-8.25441,5743.52,65311.426,4823.9434
116,2003-03-26 00:00:00,319.20322,330.98495,323.60428,322.71317,272.29272,345.3714,329.34885,292.42093,302.31927,304.9119,251.63023,320.1688,329.6243,326.2105,342.7599,329.57825,322.30038,320.08276,320.77643,306.28384,274.29364,299.70435,292.65176,295.0806,297.01505,334.86392,-118210.086,10269.288,4166.2983,-82390.64,3100.0,1500.0,168315.73,3695.5107,20752.86,134293.34,31274.156,-8.298691,5745.7896,65318.496,4823.9434
117,2003-04-02 00:00:00,319.26355,331.05548,323.64072,322.75546,272.29248,345.3714,329.34897,292.4222,302.31924,304.91748,251.63023,320.23175,329.62848,326.26996,342.70828,329.68735,322.4082,320.15494,320.84158,306.31772,274.29364,299.70337,292.65167,295.08438,297.01797,334.86392,-119641.27,10143.713,4154.4565,-82398.07,3100.0,1500.0,165931.0,3695.5342,20900.326,135331.19,31265.352,-8.349754,5748.176,65327.055,4823.9434
118,2003-04-09 00:00:00,319.32446,331.09814,323.66232,322.7842,272.29224,345.3714,329.34912,292.42386,302.3193,304.92236,251.63023,320.2888,329.59692,326.30774,342.6286,329.7721,322.5095,320.22528,320.8949,306.34827,274.29364,299.70245,292.65155,295.08856,297.0214,334.86395,-120770.88,10038.4375,4140.9854,-82406.95,3100.0,1500.0,162875.89,3695.5693,21036.723,135984.7,31255.414,-8.406845,5750.6523,65336.984,4823.9443
119,2003-04-16 00:00:00,319.3851,331.11307,323.66876,322.79898,272.29208,345.3714,329.34924,292.42584,302.31946,304.92645,251.63023,320.33926,329.52966,326.3237,342.52225,329.83167,322.603,320.29272,320.93582,306.37515,274.29364,299.70166,292.65134,295.09302,297.0252,334.86395,-121586.516,9954.501,4128.217,-82417.57,3100.0,1500.0,159234.89,3695.6155,21160.36,136248.17,31244.479,-8.469261,5753.188,65348.14,4823.9443
120,2003-04-23 00:00:00,319.4446,331.10095,323.6602,322.79987,272.29193,345.3714,329.34937,292.42813,302.31976,304.92972,251.63023,320.38266,329.4287,326.31836,342.39108,329.866,322.68774,320.35654,320.96417,306.3981,274.29364,299.70096,292.6511,295.09775,297.02936,334.86398,-122084.125,9892.714,4114.5186,-82429.39,3100.0,1500.0,155104.1,3695.672,21269.818,136130.72,31232.686,-8.536125,5755.7495,65360.375,4823.9453
121,2003-04-30 00:00:00,319.5022,331.06204,323.63904,322.78845,272.29187,345.3714,329.34946,292.4307,302.32013,304.9322,251.63023,320.41852,329.3189,326.2952,342.23694,329.87534,322.76285,320.4159,320.98074,306.4171,274.29364,299.70038,292.6508,295.10266,297.03387,334.86398,-122287.68,9851.994,4100.5874,-82442.375,3100.0,1500.0,150859.75,3695.7375,21364.287,135729.05,31220.207,-8.6065445,5758.3037,65373.527,4823.9453
122,2003-05-07 00:00:00,319.5573,330.99826,323.61145,322.76904,272.29184,345.3714,329.34955,292.43353,302.32062,304.9339,251.63023,320.44714,329.20905,326.2568,342.06186,329.86038,322.82812,320.47043,320.9869,306.43243,274.29364,299.69992,292.65048,295.1077,297.03864,334.86398,-122257.43,9830.004,4086.8877,-82456.36,3100.0,1500.0,146524.75,3695.8086,21444.812,135129.47,31207.182,-8.679855,5760.83,65387.473,4823.9453
123,2003-05-14 00:00:00,319.60947,330.90933,323.57382,322.74023,272.29184,345.3714,329.34964,292.43655,302.3212,304.93488,251.63023,320.4688,329.05963,326.19888,341.86865,329.82214,322.88333,320.51984,320.98187,306.44388,274.29364,299.6996,292.65012,295.11282,297.04364,334.864,-121971.12,9828.003,4073.887,-82471.49,3100.0,1500.0,141493.02,3695.883,21510.033,134168.5,31193.723,-8.755524,5763.3096,65402.062,4823.9463
124,2003-05-21 00:00:00,319.65765,330.7952,323.5198,322.6972,272.2919,345.3714,329.34973,292.43976,302.32184,304.935,251.63023,320.48306,328.86008,326.1177,341.66135,329.76132,322.92773,320.56314,320.96378,306.4508,274.29364,299.6994,292.64975,295.11798,297.04877,334.864,-121359.92,9849.113,4059.9553,-82486.9,3100.0,1500.0,135805.06,3695.9653,21557.385,132754.88,31180.068,-8.8320465,5765.695,65417.047,4823.9463
125,2003-05-28 00:00:00,319.70148,330.65906,323.44736,322.63812,272.29202,345.3714,329.3498,292.44308,302.32257,304.93423,251.63023,320.48926,328.61813,326.01517,341.44165,329.6781,322.9611,320.59998,320.9325,306.453,274.29364,299.69937,292.64938,295.12308,297.054,334.864,-120400.734,9893.828,4047.1858,-82502.98,3100.0,1500.0,130061.36,3696.0564,21585.805,130925.0,31166.303,-8.908737,5767.9717,65432.297,4823.9463
126,2003-06-04 00:00:00,319.7404,330.5009,323.36154,322.566,272.2922,345.37143,329.34982,292.44653,302.32333,304.9326,251.63023,320.487,328.36276,325.8957,341.2129,329.57358,322.98306,320.6299,320.88953,306.4507,274.29364,299.69946,292.649,295.12808,297.05923,334.86404,-119141.516,9960.076,4035.1123,-82519.38,3100.0,1500.0,124174.6,3696.1543,21595.52,128828.77,31152.602,-8.984856,5770.1104,65447.625,4823.9473
127,2003-06-11 00:00:00,319.77393,330.3187,323.27206,322.48746,272.2924,345.37143,329.34988,292.45,302.3242,304.93018,251.63023,320.4765,328.1439,325.7652,340.96136,329.44745,322.99365,320.65277,320.83722,306.44434,274.29364,299.6997,292.64862,295.1329,297.06448,334.86404,-117675.516,10043.784,4023.7332,-82535.77,3100.0,1500.0,118297.375,3696.2546,21587.658,126678.56,31139.139,-9.059303,5772.087,65462.887,4823.9473
128,2003-06-18 00:00:00,319.80182,330.08908,323.16486,322.39688,272.29266,345.37143,329.34988,292.45352,302.32507,304.92697,251.63023,320.45862,327.752,325.59143,340.5638,329.29785,322.99316,320.6685,320.76953,306.43286,274.29364,299.7001,292.64825,295.13754,297.0696,334.86407,-115875.766,10152.824,4013.4028,-82551.984,3100.0,1500.0,106584.23,3696.3555,21560.172,123645.89,31126.041,-9.131424,5773.879,65477.87,4823.948
129,2003-06-25 00:00:00,319.82315,329.7695,322.99585,322.25656,272.29297,345.37143,329.34988,292.457,302.326,304.92215,251.63023,320.4303,327.18677,325.33865,340.0561,329.10614,322.98004,320.67508,320.66925,306.4117,274.29364,299.70062,292.6479,295.1419,297.0746,334.86407,-113196.03,10316.195,4004.232,-82568.25,3100.0,1500.0,92987.625,3696.4915,21499.785,119104.4,31113.293,-9.200073,5775.455,65492.42,4823.948
130,2003-07-02 00:00:00,319.83646,329.37665,322.7938,322.08194,272.2933,345.37143,329.34988,292.4604,302.32693,304.91537,251.63023,320.38684,326.64752,325.04404,339.53027,328.85837,322.95093,320.6704,320.54282,306.3813,274.29364,299.70126,292.64758,295.14587,297.0793,334.86407,-109805.7,10526.28,3995.8723,-82583.76,3100.0,1500.0,80610.12,3696.6665,21405.057,114132.63,31101.098,-9.264229,5776.7607,65506.297,4823.949
131,2003-07-09 00:00:00,319.84085,328.95374,322.5962,321.90387,272.29367,345.37143,329.34985,292.46368,302.32788,304.90723,251.63023,320.3285,326.2206,324.75266,339.01538,328.56033,322.90405,320.65405,320.40506,306.34467,274.29364,299.70206,292.64728,295.1494,297.08374,334.8641,-106192.06,10759.245,3990.0657,-82598.69,3100.0,1500.0,71885.57,3696.8484,21283.623,109522.92,31089.842,-9.322594,5777.75,65519.26,4823.95
132,2003-07-16 00:00:00,319.8364,328.5187,322.41122,321.73505,272.29407,345.37143,329.34982,292.4668,302.32883,304.89844,251.63023,320.2599,325.82004,324.46075,338.52515,328.23114,322.84064,320.6272,320.2614,306.30383,274.29364,299.70294,292.64703,295.1524,297.08777,334.8641,-102558.87,11003.438,3986.1194,-82612.53,3100.0,1500.0,64587.81,3697.0093,21142.3,105012.375,31079.836,-9.373924,5778.3896,65531.05,4823.95
133,2003-07-23 00:00:00,319.82333,328.0786,322.23434,321.57098,272.2945,345.37146,329.34976,292.46967,302.32974,304.88916,251.63023,320.18573,325.46045,324.17026,338.06335,327.8804,322.7628,320.59073,320.11353,306.2594,274.29364,299.70395,292.64682,295.15482,297.09128,334.86414,-98897.8,11255.665,3983.453,-82625.33,3100.0,1500.0,58065.434,3697.1487,20984.348,100631.836,31071.299,-9.417084,5778.6665,65541.46,4823.951
134,2003-07-30 00:00:00,319.80215,327.6329,322.06256,321.4108,272.29492,345.37146,329.34967,292.47226,302.33066,304.87955,251.63023,320.10654,325.10727,323.8785,337.6351,327.49915,322.67264,320.54556,319.96207,306.21185,274.29364,299.70505,292.64667,295.1566,297.09424,334.86414,-95222.73,11513.971,3983.2195,-82636.55,3100.0,1500.0,52492.9,3697.27,20813.135,96285.77,31064.371,-9.451164,5778.5723,65550.29,4823.951
135,2003-08-06 00:00:00,319.77325,327.18607,321.8922,321.2526,272.2954,345.37146,329.34955,292.47455,302.3315,304.86966,251.63023,320.0231,324.7581,323.58557,337.249,327.128,322.57184,320.49243,319.80756,306.1615,274.29364,299.70624,292.64658,295.15768,297.0966,334.86417,-91527.555,11777.618,3984.614,-82645.945,3100.0,1500.0,47620.273,3697.378,20629.818,91946.18,31059.164,-9.475746,5778.1133,65557.375,4823.952
136,2003-08-13 00:00:00,319.7372,326.7608,321.72504,321.09717,272.29587,345.37146,329.34943,292.47644,302.33234,304.8596,251.63023,319.9362,324.42535,323.30243,336.90356,326.76324,322.46207,320.43216,319.65344,306.10928,274.29364,299.7075,292.6465,295.15808,297.0983,334.86417,-87865.125,12040.995,3987.6326,-82653.62,3100.0,1500.0,44090.26,3697.4722,20437.428,87755.086,31055.773,-9.49015,5777.294,65562.59,4823.952
137,2003-08-20 00:00:00,319.6947,326.36356,321.56137,320.94666,272.29636,345.37146,329.3493,292.47794,302.33307,304.84958,251.63023,319.84677,324.11414,323.03357,336.60272,326.41165,322.34515,320.36584,319.5024,306.05612,274.29367,299.7088,292.64655,295.15778,297.09927,334.86417,-84293.5,12299.528,3992.8562,-82659.23,3100.0,1500.0,41022.547,3697.5527,20239.854,83811.21,31054.258,-9.49424,5776.131,65565.86,4823.953
138,2003-08-27 00:00:00,319.64655,325.9936,321.40698,320.8032,272.2968,345.3715,329.34915,292.479,302.3337,304.83972,251.63023,319.75592,323.8348,322.78174,336.34818,326.06226,322.2231,320.29462,319.35645,306.0028,274.29367,299.7101,292.6466,295.15677,297.09958,334.8642,-80857.2,12549.718,3999.7036,-82662.734,3100.0,1500.0,38666.164,3697.6216,20039.168,80163.68,31054.64,-9.487946,5774.6445,65567.11,4823.953
139,2003-09-03 00:00:00,319.59354,325.65256,321.26868,320.6717,272.29727,345.3715,329.349,292.4796,302.3343,304.8302,251.63023,319.66486,323.59857,322.5514,336.13803,325.7227,322.0978,320.21957,319.21765,305.95004,274.29367,299.7115,292.64676,295.15506,297.09918,334.8642,-77629.42,12788.296,4008.1748,-82664.24,3100.0,1500.0,37343.145,3697.6665,19839.148,76874.42,31056.914,-9.471245,5772.8584,65566.32,4823.954
140,2003-09-10 00:00:00,319.53644,325.3565,321.14923,320.55536,272.29773,345.3715,329.34882,292.47977,302.33475,304.8211,251.63023,319.5749,323.41574,322.35,335.96814,325.42453,321.97086,320.14172,319.0886,305.89874,274.29367,299.7128,292.64694,295.15274,297.09808,334.86423,-74672.09,13011.112,4018.6238,-82663.63,3100.0,1500.0,37229.65,3697.6934,19642.988,74020.13,31061.05,-9.444588,5770.8003,65563.51,4823.955
141,2003-09-17 00:00:00,319.47626,325.1135,321.05188,320.4574,272.29813,345.3715,329.34866,292.47946,302.33508,304.81268,251.63023,319.4878,323.29416,322.18436,335.851,-888.0,321.8442,320.0625,318.97223,305.84995,274.29367,299.7141,292.64722,295.14978,297.09628,334.86423,-72055.945,13213.432,4029.6526,-82660.78,3100.0,1500.0,38499.387,3697.7012,19454.174,71684.56,31066.977,-9.408264,5768.5073,65558.71,4823.955
142,2003-09-24 00:00:00,319.4139,324.93066,320.97955,320.3805,272.29852,345.3715,329.3485,292.4787,302.33533,304.80505,251.63023,319.405,323.23752,322.0585,335.7875,-888.0,321.71957,319.983,318.87067,305.80444,274.29367,299.7154,292.64752,295.14624,297.09387,334.86426,-69833.54,13391.645,4042.6567,-82655.76,3100.0,1500.0,41104.25,3697.689,19275.512,69908.65,31074.607,-9.362869,5766.016,65552.01,4823.956
143,2003-10-01 00:00:00,319.35028,324.81305,320.93344,320.32596,272.2989,345.3715,329.34833,292.4775,302.3354,304.7983,251.63023,319.32797,323.24435,321.97418,335.7853,-888.0,321.59854,319.9044,318.78528,305.76288,274.29367,299.71658,292.64792,295.14218,297.09082,334.86426,-68037.805,13543.711,4056.0076,-82648.734,3100.0,1500.0,44836.523,3697.6572,19109.36,68701.48,31083.816,-9.309036,5763.3633,65543.516,4823.956
144,2003-10-08 00:00:00,319.28638,324.76218,320.9135,320.29425,272.2992,345.3715,329.34818,292.47586,302.3354,304.7926,251.63023,319.25815,323.30945,321.9322,335.8545,-888.0,321.48294,319.8279,318.71768,305.72604,274.29367,299.71768,292.64835,295.1377,297.08722,334.8643,-66695.766,13667.096,4070.053,-82639.8,3100.0,1500.0,49364.996,3697.6077,18958.414,68061.766,31094.443,-9.247887,5760.599,65533.375,4823.957
145,2003-10-15 00:00:00,319.22302,324.7749,320.91812,320.28445,272.29947,345.3715,329.34802,292.47382,302.33524,304.78793,251.63023,319.19653,323.42487,321.93024,336.00748,-888.0,321.3743,319.75455,318.66815,305.69434,274.29367,299.71872,292.64883,295.1328,297.0831,334.8643,-65804.68,13761.143,4084.7969,-82629.24,3100.0,1500.0,54550.47,3697.542,18824.732,67953.89,31106.318,-9.180328,5757.7617,65521.734,4823.958
146,2003-10-22 00:00:00,319.16098,324.84683,320.9447,320.2948,272.29968,345.3715,329.3479,292.4714,302.33496,304.78436,251.63023,319.14392,323.5825,321.9651,336.25122,-888.0,321.27408,319.68518,318.6365,305.66797,274.29367,299.7196,292.64935,295.12766,297.07855,334.86432,-65348.465,13826.044,4099.66,-82616.875,3100.0,1500.0,60333.39,3697.463,18709.354,68334.4,31119.246,-9.107231,5754.8965,65508.805,4823.9585
147,2003-10-29 00:00:00,319.10104,324.98132,320.99142,320.32385,272.29984,345.37152,329.34778,292.46866,302.3346,304.78186,251.63023,319.1007,323.77887,322.03693,336.59927,-888.0,321.18356,319.62067,318.623,305.64728,274.29367,299.72037,292.64993,295.12225,297.07364,334.86432,-65317.88,13861.687,4114.7476,-82603.18,3100.0,1500.0,67273.34,3697.3733,18613.152,69201.52,31133.016,-9.029938,5752.047,65494.77,4823.959
148,2003-11-05 00:00:00,319.04395,325.17752,321.0571,320.37106,272.29996,345.37152,329.34766,292.46564,302.3341,304.78052,251.63023,319.0674,324.0084,322.14462,337.048,-888.0,321.10385,319.56174,318.62808,305.6326,274.29367,299.721,292.6505,295.1167,297.06845,334.86435,-65713.055,13867.072,4129.958,-82588.41,3100.0,1500.0,74673.19,3697.2732,18537.354,70546.734,31147.434,-8.949577,5749.251,65479.848,4823.9604
149,2003-11-12 00:00:00,318.9904,325.4281,321.14304,320.4365,272.3,345.37152,329.34756,292.46234,302.33353,304.78033,251.63023,319.0444,324.28903,322.2886,337.5826,-888.0,321.0362,319.50925,318.65228,305.62427,274.29367,299.7215,292.65112,295.1111,297.06302,334.86435,-66542.52,13841.272,4144.934,-82572.66,3100.0,1500.0,82948.81,3697.163,18483.033,72430.25,31162.281,-8.867264,5746.5513,65464.258,4823.9614
150,2003-11-19 00:00:00,318.94116,325.734,321.25293,320.52307,272.3,345.37152,329.34747,292.4589,302.33282,304.78137,251.63023,319.0322,324.63318,322.47186,338.17896,-888.0,320.98178,319.46402,318.69742,305.62286,274.29367,299.72183,292.65176,295.10553,297.05746,334.86438,-67855.25,13781.675,4159.096,-82555.99,3100.0,1500.0,92031.85,3697.0413,18452.021,74926.59,31177.357,-8.784157,5743.9863,65448.25,4823.9614
151,2003-11-26 00:00:00,318.8969,326.09097,321.38193,320.629,272.29993,345.3715,329.3474,292.4553,302.33206,304.7837,251.63023,319.0318,325.01218,322.6882,338.8151,-888.0,320.94196,319.427,318.76294,305.6286,274.29367,299.72202,292.6524,295.10007,297.05185,334.86438,-69634.195,13688.165,4171.982,-82538.96,3100.0,1500.0,102357.234,3696.9072,18446.008,77940.88,31192.453,-8.701736,5741.591,65432.05,4823.9624
152,2003-12-03 00:00:00,318.85852,326.5161,321.55048,320.76587,272.29984,345.3715,329.34735,292.4516,302.3312,304.78754,251.63023,319.04572,325.58646,322.97998,339.47708,325.2956,320.91815,319.3992,318.8585,305.6436,274.29367,299.72205,292.65305,295.0948,297.0462,334.8644,-72098.75,13547.479,4184.058,-82521.8,3100.0,1500.0,116667.53,3696.7568,18470.188,82288.82,31207.434,-8.620949,5739.399,65415.914,4823.9634
153,2003-12-10 00:00:00,318.82724,326.99753,321.76376,320.94516,272.29965,345.3715,329.34735,292.44785,302.33032,304.79343,251.63025,319.07623,326.2166,323.31793,340.13382,325.6,320.91284,319.3827,318.9855,305.66925,274.29367,299.7219,292.6537,295.08978,297.04068,334.8644,-75396.85,13353.733,4194.854,-82504.66,3100.0,1500.0,130928.29,3696.5718,18529.793,87508.836,31222.115,-8.543068,5737.464,65400.074,4823.964
154,2003-12-17 00:00:00,318.8042,327.46417,321.975,321.1338,272.29944,345.3715,329.34732,292.44415,302.32938,304.8009,251.63025,319.12415,326.63113,323.62473,340.61838,325.9493,320.9287,319.37863,319.12512,305.70215,274.29367,299.7216,292.65433,295.08517,297.0354,334.86444,-79029.92,13132.726,4203.908,-82487.7,3100.0,1500.0,136645.47,3696.3735,18617.863,92064.83,31236.096,-8.469963,5735.8447,65384.84,4823.965
155,2003-12-24 00:00:00,318.78952,327.8717,322.14703,321.29367,272.2992,345.3715,329.34735,292.44055,302.3284,304.80884,251.63025,319.18417,326.95905,323.89352,340.94977,326.30148,320.96555,319.3856,319.26123,305.7375,274.29367,299.72116,292.6549,295.08102,297.0305,334.86447,-82432.44,12912.335,4211.221,-82471.65,3100.0,1500.0,141036.4,3696.2102,18721.238,96022.94,31248.902,-8.403023,5734.5757,65370.496,4823.966
156,2003-12-31 00:00:00,318.78287,328.24008,322.29816,321.43695,272.2989,345.3715,329.34738,292.4371,302.3274,304.81686,251.63025,319.2505,327.24823,324.1406,341.229,326.66418,321.02042,319.40204,319.39444,305.77472,274.29367,299.72055,292.65546,295.07742,297.02597,334.86447,-85671.82,12693.557,4216.7935,-82456.44,3100.0,1500.0,145198.39,3696.0835,18836.816,99736.41,31260.32,-8.3431015,5733.6616,65357.293,4823.967
